id,membership_no,admission_date,type,package_id,status,billing_date,name,email,father_or_husband,cnic,gender,marital_status,blood_group,dob,height,weight,waist,profession,nationality,address,phone,emergency_contact,package,personal_training_time,trainer,bmi_test,bmi_value,illnesses,illness_other,join_reasons,terms_accepted,thumb_id,created_at,updated_at,discount_amount
1,AGL-000001,24-Jan-24,Individual,1,Not Paid,24/08/2026,Sardar khan,sardarkhanagl-000001@gmail.com,Muhammad Sardar khan,43729-2897150-2,Not-Found,Single,A+,1/1/1990,1,1,1,job,Pakistani,"Lahore,Pakistan",03169547575,03169547575,,,,No,,,Not-Found,General Fitness,1,,,,
2,AGL-000002,24-Jan-24,Individual,1,Not Paid,24/08/2026,aslam,aslamagl-000002@gmail.com,Muhammad aslam,50895-1051761-9,Not-Found,Single,A+,1/1/1990,1,1,1,job,Pakistani,"Lahore,Pakistan",03008780686,03008780686,,,,No,,,Not-Found,General Fitness,1,,,,
3,AGL-000003,27-Jan-24,Individual,1,Not Paid,27/08/2026,arbaz ashrf,arbazashrfagl-000003@gmail.com,Muhammad arbaz ashrf,65496-7244318-7,Not-Found,Single,A+,1/1/1990,1,1,1,job,Pakistani,"Lahore,Pakistan",03001510128,03001510128,,,,No,,,Not-Found,General Fitness,1,,,,
4,AGL-000004,24-Jan-24,Individual,1,Not Paid,24/08/2026,sadam huhssain,sadamhuhssainagl-000004@gmail.com,Muhammad sadam huhssain,18959-9827957-7,Not-Found,Single,A+,1/1/1990,1,1,1,job,Pakistani,"Lahore,Pakistan",03163291654,03163291654,,,,No,,,Not-Found,General Fitness,1,,,,
5,AGL-000005,29-Feb-24,Individual,1,Not Paid,29/08/2026,muhammad hamza,muhammadhamzaagl-000005@gmail.com,Muhammad muhammad hamza,68062-9235595-4,Not-Found,Single,A+,1/1/1990,1,1,1,job,Pakistani,"Lahore,Pakistan",03000510761,03000510761,,,,No,,,Not-Found,General Fitness,1,,,,
6,AGL-000006,24-Jan-24,Individual,1,Not Paid,24/08/2026,M Salman,msalmanagl-000006@gmail.com,Muhammad M Salman,70859-8907588-1,Not-Found,Single,A+,1/1/1990,1,1,1,job,Pakistani,"Lahore,Pakistan",03025157545,03025157545,,,,No,,,Not-Found,General Fitness,1,,,,
7,AGL-000007,24-Jan-24,Individual,1,Not Paid,24/08/2026,Ayesha Latif,ayeshalatifagl-000007@gmail.com,Muhammad Ayesha Latif,46143-2156397-9,Not-Found,Single,A+,1/1/1990,1,1,1,job,Pakistani,"Lahore,Pakistan",03208511999,03208511999,,,,No,,,Not-Found,General Fitness,1,,,,
8,AGL-000008,24-Jan-24,Individual,1,Not Paid,24/08/2026,Hamid ALi MAzhr,hamidalimazhragl-000008@gmail.com,Muhammad Hamid ALi MAzhr,89415-4510373-4,Not-Found,Single,A+,1/1/1990,1,1,1,job,Pakistani,"Lahore,Pakistan",03001265007,03001265007,,,,No,,,Not-Found,General Fitness,1,,,,
9,AGL-000009,24-Jan-24,Individual,1,Not Paid,24/08/2026,Amna Shah,amnashahagl-000009@gmail.com,Muhammad Amna Shah,45683-6060766-5,Not-Found,Single,A+,1/1/1990,1,1,1,job,Pakistani,"Lahore,Pakistan",03045777603,03045777603,,,,No,,,Not-Found,General Fitness,1,,,,
10,AGL-000010,19-Feb-24,Individual,1,Not Paid,19/08/2026,Wahaj ul Islam,wahajulislamagl-000010@gmail.com,Muhammad Wahaj ul Islam,33086-1062128-2,Not-Found,Single,A+,1/1/1990,1,1,1,job,Pakistani,"Lahore,Pakistan",03174640542,03174640542,,,,No,,,Not-Found,General Fitness,1,,,,
11,AGL-000011,19-Mar-24,Individual,1,Not Paid,19/08/2026,Rehmt Ullah,rehmtullahagl-000011@gmail.com,Muhammad Rehmt Ullah,92047-9781689-3,Not-Found,Single,A+,1/1/1990,1,1,1,job,Pakistani,"Lahore,Pakistan",03002949105,03002949105,,,,No,,,Not-Found,General Fitness,1,,,,
12,AGL-000012,24-Jan-24,Individual,1,Not Paid,24/08/2026,hamza maan,hamzamaanagl-000012@gmail.com,Muhammad hamza maan,21884-0678856-1,Not-Found,Single,A+,1/1/1990,1,1,1,job,Pakistani,"Lahore,Pakistan",03422908700,03422908700,,,,No,,,Not-Found,General Fitness,1,,,,
13,AGL-000013,29-Aug-24,Individual,1,Not Paid,29/08/2026,Muhammad Ahmad,muhammadahmadagl-000013@gmail.com,Muhammad Muhammad Ahmad,09940-2723660-0,Not-Found,Single,A+,1/1/1990,1,1,1,job,Pakistani,"Lahore,Pakistan",03357511119,03357511119,,,,No,,,Not-Found,General Fitness,1,,,,
14,AGL-000014,24-Jan-24,Individual,1,Not Paid,24/08/2026,Saad Sufyan,saadsufyanagl-000014@gmail.com,Muhammad Saad Sufyan,59990-7679786-3,Not-Found,Single,A+,1/1/1990,1,1,1,job,Pakistani,"Lahore,Pakistan",03484877349,03484877349,,,,No,,,Not-Found,General Fitness,1,,,,
15,AGL-000015,24-Jan-24,Individual,1,Not Paid,24/08/2026,Noor Muhammad,noormuhammadagl-000015@gmail.com,Muhammad Noor Muhammad,17601-9350008-5,Not-Found,Single,A+,1/1/1990,1,1,1,job,Pakistani,"Lahore,Pakistan",03128477236,03128477236,,,,No,,,Not-Found,General Fitness,1,,,,
16,AGL-000016,5-Mar-24,Individual,1,Not Paid,5/8/2026,syed saif ullah,syedsaifullahagl-000016@gmail.com,Muhammad syed saif ullah,61082-6401024-9,Not-Found,Single,A+,1/1/1990,1,1,1,job,Pakistani,"Lahore,Pakistan",03234227365,03234227365,,,,No,,,Not-Found,General Fitness,1,,,,
17,AGL-000017,14-Feb-24,Individual,1,Not Paid,14/08/2026,tazeem ashfaq,tazeemashfaqagl-000017@gmail.com,Muhammad tazeem ashfaq,56722-8515510-5,Not-Found,Single,A+,1/1/1990,1,1,1,job,Pakistani,"Lahore,Pakistan",03044797964,03044797964,,,,No,,,Not-Found,General Fitness,1,,,,
18,AGL-000018,25-Jan-24,Individual,1,Not Paid,25/08/2026,zahher udin babr,zahherudinbabragl-000018@gmail.com,Muhammad zahher udin babr,07255-9042663-5,Not-Found,Single,A+,1/1/1990,1,1,1,job,Pakistani,"Lahore,Pakistan",03134027401,03134027401,,,,No,,,Not-Found,General Fitness,1,,,,
19,AGL-000019,25-Jan-24,Individual,1,Not Paid,25/08/2026,abdul samad,abdulsamadagl-000019@gmail.com,Muhammad abdul samad,69018-5759938-9,Not-Found,Single,A+,1/1/1990,1,1,1,job,Pakistani,"Lahore,Pakistan",03134042740,03134042740,,,,No,,,Not-Found,General Fitness,1,,,,
20,AGL-000020,16-Feb-24,Individual,1,Not Paid,16/08/2026,sibgat ullah,sibgatullahagl-000020@gmail.com,Muhammad sibgat ullah,09016-2547706-6,Not-Found,Single,A+,1/1/1990,1,1,1,job,Pakistani,"Lahore,Pakistan",03055298275,03055298275,,,,No,,,Not-Found,General Fitness,1,,,,
21,AGL-000021,25-Jan-24,Individual,1,Not Paid,25/08/2026,Umair,umairagl-000021@gmail.com,Muhammad Umair,40674-5695033-5,Not-Found,Single,A+,1/1/1990,1,1,1,job,Pakistani,"Lahore,Pakistan",03040282806,03040282806,,,,No,,,Not-Found,General Fitness,1,,,,
22,AGL-000022,14-Mar-24,Individual,1,Not Paid,14/08/2026,M bin salman,mbinsalmanagl-000022@gmail.com,Muhammad M bin salman,61798-3841212-6,Not-Found,Single,A+,1/1/1990,1,1,1,job,Pakistani,"Lahore,Pakistan",03334825765,03334825765,,,,No,,,Not-Found,General Fitness,1,,,,
23,AGL-000023,26-Feb-24,Individual,1,Not Paid,26/08/2026,usama,usamaagl-000023@gmail.com,Muhammad usama,47387-3662031-7,Not-Found,Single,A+,1/1/1990,1,1,1,job,Pakistani,"Lahore,Pakistan",03495757600,03495757600,,,,No,,,Not-Found,General Fitness,1,,,,
24,AGL-000024,25-Jan-24,Individual,1,Not Paid,25/08/2026,muneeb Shabir,muneebshabiragl-000024@gmail.com,Muhammad muneeb Shabir,70537-0890208-8,Not-Found,Single,A+,1/1/1990,1,1,1,job,Pakistani,"Lahore,Pakistan",03025131808,03025131808,,,,No,,,Not-Found,General Fitness,1,,,,
25,AGL-000025,25-Jan-24,Individual,1,Not Paid,25/08/2026,Asad Ali,asadaliagl-000025@gmail.com,Muhammad Asad Ali,88972-5346195-2,Not-Found,Single,A+,1/1/1990,1,1,1,job,Pakistani,"Lahore,Pakistan",03358879522,03358879522,,,,No,,,Not-Found,General Fitness,1,,,,
26,AGL-000026,6-Feb-24,Individual,1,Not Paid,6/8/2026,Uzair,uzairagl-000026@gmail.com,Muhammad Uzair,49828-3620650-4,Not-Found,Single,A+,1/1/1990,1,1,1,job,Pakistani,"Lahore,Pakistan",03337205311,03337205311,,,,No,,,Not-Found,General Fitness,1,,,,
27,AGL-000027,20-Feb-24,Individual,1,Not Paid,20/08/2026,Ali Hassan,alihassanagl-000027@gmail.com,Muhammad Ali Hassan,83920-5784514-4,Not-Found,Single,A+,1/1/1990,1,1,1,job,Pakistani,"Lahore,Pakistan",03271717724,03271717724,,,,No,,,Not-Found,General Fitness,1,,,,
28,AGL-000028,25-Jan-24,Individual,1,Not Paid,25/08/2026,Ubaid Ali,ubaidaliagl-000028@gmail.com,Muhammad Ubaid Ali,15179-5879367-7,Not-Found,Single,A+,1/1/1990,1,1,1,job,Pakistani,"Lahore,Pakistan",03143217721,03143217721,,,,No,,,Not-Found,General Fitness,1,,,,
29,AGL-000029,15-Mar-24,Individual,1,Not Paid,15/08/2026,Waleed Shabir,waleedshabiragl-000029@gmail.com,Muhammad Waleed Shabir,42905-2826834-1,Not-Found,Single,A+,1/1/1990,1,1,1,job,Pakistani,"Lahore,Pakistan",03208040947,03208040947,,,,No,,,Not-Found,General Fitness,1,,,,
30,AGL-000030,25-Jan-24,Individual,1,Not Paid,25/08/2026,Ahmad Naeem,ahmadnaeemagl-000030@gmail.com,Muhammad Ahmad Naeem,49564-1162137-5,Not-Found,Single,A+,1/1/1990,1,1,1,job,Pakistani,"Lahore,Pakistan",03039735592,03039735592,,,,No,,,Not-Found,General Fitness,1,,,,
31,AGL-000031,26-Jan-24,Individual,1,Not Paid,26/08/2026,Faheem,faheemagl-000031@gmail.com,Muhammad Faheem,11521-3553735-4,Not-Found,Single,A+,1/1/1990,1,1,1,job,Pakistani,"Lahore,Pakistan",03027255320,03027255320,,,,No,,,Not-Found,General Fitness,1,,,,
32,AGL-000032,26-Jan-24,Individual,1,Not Paid,26/08/2026,Aqeel,aqeelagl-000032@gmail.com,Muhammad Aqeel,27667-8804604-2,Not-Found,Single,A+,1/1/1990,1,1,1,job,Pakistani,"Lahore,Pakistan",03070951432,03070951432,,,,No,,,Not-Found,General Fitness,1,,,,
33,AGL-000033,20-Feb-24,Individual,1,Not Paid,20/08/2026,Muhammad Taha,muhammadtahaagl-000033@gmail.com,Muhammad Muhammad Taha,87680-5016036-7,Not-Found,Single,A+,1/1/1990,1,1,1,job,Pakistani,"Lahore,Pakistan",03008488952,03008488952,,,,No,,,Not-Found,General Fitness,1,,,,
34,AGL-000034,12-Mar-24,Individual,1,Not Paid,12/8/2026,Ghulam Dastgeer,ghulamdastgeeragl-000034@gmail.com,Muhammad Ghulam Dastgeer,32731-1242198-3,Not-Found,Single,A+,1/1/1990,1,1,1,job,Pakistani,"Lahore,Pakistan",03014011991,03014011991,,,,No,,,Not-Found,General Fitness,1,,,,
35,AGL-000035,6-Mar-24,Individual,1,Not Paid,6/8/2026,Arham,arhamagl-000035@gmail.com,Muhammad Arham,09769-7926873-3,Not-Found,Single,A+,1/1/1990,1,1,1,job,Pakistani,"Lahore,Pakistan",03074277176,03074277176,,,,No,,,Not-Found,General Fitness,1,,,,
36,AGL-000036,26-Jan-24,Individual,1,Not Paid,26/08/2026,Ameer Hamza,ameerhamzaagl-000036@gmail.com,Muhammad Ameer Hamza,62921-1261799-3,Not-Found,Single,A+,1/1/1990,1,1,1,job,Pakistani,"Lahore,Pakistan",03014066671,03014066671,,,,No,,,Not-Found,General Fitness,1,,,,
37,AGL-000037,19-Feb-24,Individual,1,Not Paid,19/08/2026,Adeel Khan,adeelkhanagl-000037@gmail.com,Muhammad Adeel Khan,00627-7267072-7,Not-Found,Single,A+,1/1/1990,1,1,1,job,Pakistani,"Lahore,Pakistan",03074066671,03074066671,,,,No,,,Not-Found,General Fitness,1,,,,
38,AGL-000038,26-Jan-24,Individual,1,Not Paid,26/08/2026,Muawia Amir,muawiaamiragl-000038@gmail.com,Muhammad Muawia Amir,46400-9474240-6,Not-Found,Single,A+,1/1/1990,1,1,1,job,Pakistani,"Lahore,Pakistan",03101623423,03101623423,,,,No,,,Not-Found,General Fitness,1,,,,
39,AGL-000039,26-Feb-24,Individual,1,Not Paid,26/08/2026,umair haneef,umairhaneefagl-000039@gmail.com,Muhammad umair haneef,54585-6915327-1,Not-Found,Single,A+,1/1/1990,1,1,1,job,Pakistani,"Lahore,Pakistan",03013906851,03013906851,,,,No,,,Not-Found,General Fitness,1,,,,
40,AGL-000040,27-Feb-24,Individual,1,Not Paid,27/08/2026,najam ul hassan,najamulhassanagl-000040@gmail.com,Muhammad najam ul hassan,77936-8690219-5,Not-Found,Single,A+,1/1/1990,1,1,1,job,Pakistani,"Lahore,Pakistan",03408773433,03408773433,,,,No,,,Not-Found,General Fitness,1,,,,
41,AGL-000041,26-Jan-24,Individual,1,Not Paid,26/08/2026,Sheraz,sherazagl-000041@gmail.com,Muhammad Sheraz,72276-5841057-0,Not-Found,Single,A+,1/1/1990,1,1,1,job,Pakistani,"Lahore,Pakistan",03114178167,03114178167,,,,No,,,Not-Found,General Fitness,1,,,,
42,AGL-000042,29-Feb-24,Individual,1,Not Paid,29/08/2026,Zain Abbas,zainabbasagl-000042@gmail.com,Muhammad Zain Abbas,22907-1849721-9,Not-Found,Single,A+,1/1/1990,1,1,1,job,Pakistani,"Lahore,Pakistan",03047469056,03047469056,,,,No,,,Not-Found,General Fitness,1,,,,
43,AGL-000043,27-Jan-24,Individual,1,Not Paid,27/08/2026,Ameer HAmza,ameerhamzaagl-000043@gmail.com,Muhammad Ameer HAmza,35972-1417807-4,Not-Found,Single,A+,1/1/1990,1,1,1,job,Pakistani,"Lahore,Pakistan",03071036442,03071036442,,,,No,,,Not-Found,General Fitness,1,,,,
44,AGL-000044,27-Jan-24,Individual,1,Not Paid,27/08/2026,Ali Hassan,alihassanagl-000044@gmail.com,Muhammad Ali Hassan,16034-0267541-8,Not-Found,Single,A+,1/1/1990,1,1,1,job,Pakistani,"Lahore,Pakistan",03260526266,03260526266,,,,No,,,Not-Found,General Fitness,1,,,,
45,AGL-000045,27-Jan-24,Individual,1,Not Paid,27/08/2026,Abdul Hafeez,abdulhafeezagl-000045@gmail.com,Muhammad Abdul Hafeez,87192-0997555-1,Not-Found,Single,A+,1/1/1990,1,1,1,job,Pakistani,"Lahore,Pakistan",03003219588,03003219588,,,,No,,,Not-Found,General Fitness,1,,,,
46,AGL-000046,27-Jan-24,Individual,1,Not Paid,27/08/2026,Abu Bkr,abubkragl-000046@gmail.com,Muhammad Abu Bkr,48550-6652489-4,Not-Found,Single,A+,1/1/1990,1,1,1,job,Pakistani,"Lahore,Pakistan",03363060080,03363060080,,,,No,,,Not-Found,General Fitness,1,,,,
47,AGL-000047,27-Jan-24,Individual,1,Not Paid,27/08/2026,hassan,hassanagl-000047@gmail.com,Muhammad hassan,95060-0687730-1,Not-Found,Single,A+,1/1/1990,1,1,1,job,Pakistani,"Lahore,Pakistan",03030199993,03030199993,,,,No,,,Not-Found,General Fitness,1,,,,
48,AGL-000048,27-Jan-24,Individual,1,Not Paid,27/08/2026,M Kashif,mkashifagl-000048@gmail.com,Muhammad M Kashif,93402-0985614-6,Not-Found,Single,A+,1/1/1990,1,1,1,job,Pakistani,"Lahore,Pakistan",03004962432,03004962432,,,,No,,,Not-Found,General Fitness,1,,,,
49,AGL-000049,11-Mar-24,Individual,1,Not Paid,11/8/2026,Malik Naveed,maliknaveedagl-000049@gmail.com,Muhammad Malik Naveed,80233-8342639-1,Not-Found,Single,A+,1/1/1990,1,1,1,job,Pakistani,"Lahore,Pakistan",03204503585,03204503585,,,,No,,,Not-Found,General Fitness,1,,,,
50,AGL-000050,29-Jan-24,Individual,1,Not Paid,29/08/2026,Faiz ullah,faizullahagl-000050@gmail.com,Muhammad Faiz ullah,98581-0149482-6,Not-Found,Single,A+,1/1/1990,1,1,1,job,Pakistani,"Lahore,Pakistan",03080288664,03080288664,,,,No,,,Not-Found,General Fitness,1,,,,
51,AGL-000051,7-Feb-24,Individual,1,Not Paid,7/8/2026,Roman,romanagl-000051@gmail.com,Muhammad Roman,74024-3120295-6,Not-Found,Single,A+,1/1/1990,1,1,1,job,Pakistani,"Lahore,Pakistan",03000000051,03000000051,,,,No,,,Not-Found,General Fitness,1,,,,
52,AGL-000052,9-Mar-24,Individual,1,Not Paid,9/8/2026,abdul waheed,abdulwaheedagl-000052@gmail.com,Muhammad abdul waheed,49248-2323436-0,Not-Found,Single,A+,1/1/1990,1,1,1,job,Pakistani,"Lahore,Pakistan",03331238668,03331238668,,,,No,,,Not-Found,General Fitness,1,,,,
53,AGL-000053,8-Mar-24,Individual,1,Not Paid,8/8/2026,M Nasir,mnasiragl-000053@gmail.com,Muhammad M Nasir,24111-6939936-4,Not-Found,Single,A+,1/1/1990,1,1,1,job,Pakistani,"Lahore,Pakistan",03178176988,03178176988,,,,No,,,Not-Found,General Fitness,1,,,,
54,AGL-000054,12-Feb-24,Individual,1,Not Paid,12/8/2026,Abdul Basit,abdulbasitagl-000054@gmail.com,Muhammad Abdul Basit,73676-3711566-5,Not-Found,Single,A+,1/1/1990,1,1,1,job,Pakistani,"Lahore,Pakistan",03062378258,03062378258,,,,No,,,Not-Found,General Fitness,1,,,,
55,AGL-000055,29-Jan-24,Individual,1,Not Paid,29/08/2026,Danish Muneer,danishmuneeragl-000055@gmail.com,Muhammad Danish Muneer,41411-3370198-5,Not-Found,Single,A+,1/1/1990,1,1,1,job,Pakistani,"Lahore,Pakistan",03470857770,03470857770,,,,No,,,Not-Found,General Fitness,1,,,,
56,AGL-000056,29-Jan-24,Individual,1,Not Paid,29/08/2026,Farhad Ali,farhadaliagl-000056@gmail.com,Muhammad Farhad Ali,56254-0069283-9,Not-Found,Single,A+,1/1/1990,1,1,1,job,Pakistani,"Lahore,Pakistan",03465824920,03465824920,,,,No,,,Not-Found,General Fitness,1,,,,
57,AGL-000057,9-Feb-24,Individual,1,Not Paid,9/8/2026,Shahid Khan,shahidkhanagl-000057@gmail.com,Muhammad Shahid Khan,77105-6287916-0,Not-Found,Single,A+,1/1/1990,1,1,1,job,Pakistani,"Lahore,Pakistan",03317070308,03317070308,,,,No,,,Not-Found,General Fitness,1,,,,
58,AGL-000058,29-Jan-24,Individual,1,Not Paid,29/08/2026,Majid,majidagl-000058@gmail.com,Muhammad Majid,70791-3591840-7,Not-Found,Single,A+,1/1/1990,1,1,1,job,Pakistani,"Lahore,Pakistan",03039367747,03039367747,,,,No,,,Not-Found,General Fitness,1,,,,
59,AGL-000059,30-Jan-24,Individual,1,Not Paid,30/08/2026,faiz ullah,faizullahagl-000059@gmail.com,Muhammad faiz ullah,03950-6976900-1,Not-Found,Single,A+,1/1/1990,1,1,1,job,Pakistani,"Lahore,Pakistan",03080266880,03080266880,,,,No,,,Not-Found,General Fitness,1,,,,
60,AGL-000060,7-Mar-24,Individual,1,Not Paid,7/8/2026,faiz ullah,faizullahagl-000060@gmail.com,Muhammad faiz ullah,63365-5456031-1,Not-Found,Single,A+,1/1/1990,1,1,1,job,Pakistani,"Lahore,Pakistan",03080288660,03080288660,,,,No,,,Not-Found,General Fitness,1,,,,
61,AGL-000061,12-Feb-24,Individual,1,Not Paid,12/8/2026,kashif,kashifagl-000061@gmail.com,Muhammad kashif,01708-6631798-4,Not-Found,Single,A+,1/1/1990,1,1,1,job,Pakistani,"Lahore,Pakistan",03065069050,03065069050,,,,No,,,Not-Found,General Fitness,1,,,,
62,AGL-000062,6-Feb-24,Individual,1,Not Paid,6/8/2026,faro khan,farokhanagl-000062@gmail.com,Muhammad faro khan,83729-6633014-1,Not-Found,Single,A+,1/1/1990,1,1,1,job,Pakistani,"Lahore,Pakistan",03128315851,03128315851,,,,No,,,Not-Found,General Fitness,1,,,,
63,AGL-000063,30-Jan-24,Individual,1,Not Paid,30/08/2026,rashid,rashidagl-000063@gmail.com,Muhammad rashid,30237-6835848-6,Not-Found,Single,A+,1/1/1990,1,1,1,job,Pakistani,"Lahore,Pakistan",03124724429,03124724429,,,,No,,,Not-Found,General Fitness,1,,,,
64,AGL-000064,10-Feb-24,Individual,1,Not Paid,10/8/2026,shoaib,shoaibagl-000064@gmail.com,Muhammad shoaib,11262-0401370-1,Not-Found,Single,A+,1/1/1990,1,1,1,job,Pakistani,"Lahore,Pakistan",03244445076,03244445076,,,,No,,,Not-Found,General Fitness,1,,,,
65,AGL-000065,5-Feb-24,Individual,1,Not Paid,5/8/2026,adil khan,adilkhanagl-000065@gmail.com,Muhammad adil khan,31418-1673346-3,Not-Found,Single,A+,1/1/1990,1,1,1,job,Pakistani,"Lahore,Pakistan",03225863556,03225863556,,,,No,,,Not-Found,General Fitness,1,,,,
66,AGL-000066,2-Feb-24,Individual,1,Not Paid,2/8/2026,muhammad,muhammadagl-000066@gmail.com,Muhammad muhammad,04226-1276784-4,Not-Found,Single,A+,1/1/1990,1,1,1,job,Pakistani,"Lahore,Pakistan",03179567776,03179567776,,,,No,,,Not-Found,General Fitness,1,,,,
67,AGL-000067,29-Feb-24,Individual,1,Not Paid,29/08/2026,haider,haideragl-000067@gmail.com,Muhammad haider,22033-7451048-6,Not-Found,Single,A+,1/1/1990,1,1,1,job,Pakistani,"Lahore,Pakistan",03127252974,03127252974,,,,No,,,Not-Found,General Fitness,1,,,,
68,AGL-000068,20-Mar-24,Individual,1,Not Paid,20/08/2026,Hamza,hamzaagl-000068@gmail.com,Muhammad Hamza,98671-7870987-2,Not-Found,Single,A+,1/1/1990,1,1,1,job,Pakistani,"Lahore,Pakistan",03156526631,03156526631,,,,No,,,Not-Found,General Fitness,1,,,,
69,AGL-000069,4-Mar-24,Individual,1,Not Paid,4/8/2026,Amir,amiragl-000069@gmail.com,Muhammad Amir,22472-0109122-6,Not-Found,Single,A+,1/1/1990,1,1,1,job,Pakistani,"Lahore,Pakistan",03000000069,03000000069,,,,No,,,Not-Found,General Fitness,1,,,,
70,AGL-000070,30-Jan-24,Individual,1,Not Paid,30/08/2026,Fazal Jutt,fazaljuttagl-000070@gmail.com,Muhammad Fazal Jutt,74714-0266300-1,Not-Found,Single,A+,1/1/1990,1,1,1,job,Pakistani,"Lahore,Pakistan",03084580692,03084580692,,,,No,,,Not-Found,General Fitness,1,,,,
71,AGL-000071,18-Mar-24,Individual,1,Not Paid,18/08/2026,Umar,umaragl-000071@gmail.com,Muhammad Umar,70041-5732252-1,Not-Found,Single,A+,1/1/1990,1,1,1,job,Pakistani,"Lahore,Pakistan",03484172830,03484172830,,,,No,,,Not-Found,General Fitness,1,,,,
72,AGL-000072,16-Feb-24,Individual,1,Not Paid,16/08/2026,Asjad,asjadagl-000072@gmail.com,Muhammad Asjad,72732-5427454-9,Not-Found,Single,A+,1/1/1990,1,1,1,job,Pakistani,"Lahore,Pakistan",03336622206,03336622206,,,,No,,,Not-Found,General Fitness,1,,,,
73,AGL-000073,31-Jan-24,Individual,1,Not Paid,31/08/2026,hassan,hassanagl-000073@gmail.com,Muhammad hassan,71252-5819811-0,Not-Found,Single,A+,1/1/1990,1,1,1,job,Pakistani,"Lahore,Pakistan",03246691557,03246691557,,,,No,,,Not-Found,General Fitness,1,,,,
74,AGL-000074,4-Mar-24,Individual,1,Not Paid,4/8/2026,awn baloch,awnbalochagl-000074@gmail.com,Muhammad awn baloch,57346-0137319-6,Not-Found,Single,A+,1/1/1990,1,1,1,job,Pakistani,"Lahore,Pakistan",03127539329,03127539329,,,,No,,,Not-Found,General Fitness,1,,,,
75,AGL-000075,7-Mar-24,Individual,1,Not Paid,7/8/2026,rashid,rashidagl-000075@gmail.com,Muhammad rashid,06932-1955909-4,Not-Found,Single,A+,1/1/1990,1,1,1,job,Pakistani,"Lahore,Pakistan",03016198448,03016198448,,,,No,,,Not-Found,General Fitness,1,,,,
76,AGL-000076,31-Jan-24,Individual,1,Not Paid,31/08/2026,M Kashif,mkashifagl-000076@gmail.com,Muhammad M Kashif,38020-0902476-4,Not-Found,Single,A+,1/1/1990,1,1,1,job,Pakistani,"Lahore,Pakistan",03186704669,03186704669,,,,No,,,Not-Found,General Fitness,1,,,,
77,AGL-000077,21-Mar-24,Individual,1,Not Paid,21/08/2026,Rizwan,rizwanagl-000077@gmail.com,Muhammad Rizwan,86336-3132913-9,Not-Found,Single,A+,1/1/1990,1,1,1,job,Pakistani,"Lahore,Pakistan",03487357137,03487357137,,,,No,,,Not-Found,General Fitness,1,,,,
78,AGL-000078,1-Feb-24,Individual,1,Not Paid,1/8/2026,m arsalan,marsalanagl-000078@gmail.com,Muhammad m arsalan,59177-8967960-0,Not-Found,Single,A+,1/1/1990,1,1,1,job,Pakistani,"Lahore,Pakistan",03350833149,03350833149,,,,No,,,Not-Found,General Fitness,1,,,,
79,AGL-000079,1-Feb-24,Individual,1,Not Paid,1/8/2026,m kashif khalid,mkashifkhalidagl-000079@gmail.com,Muhammad m kashif khalid,07108-9734392-5,Not-Found,Single,A+,1/1/1990,1,1,1,job,Pakistani,"Lahore,Pakistan",03324559577,03324559577,,,,No,,,Not-Found,General Fitness,1,,,,
80,AGL-000080,1-Feb-24,Individual,1,Not Paid,1/8/2026,M umar,mumaragl-000080@gmail.com,Muhammad M umar,61871-6700378-7,Not-Found,Single,A+,1/1/1990,1,1,1,job,Pakistani,"Lahore,Pakistan",03142566397,03142566397,,,,No,,,Not-Found,General Fitness,1,,,,
81,AGL-000081,2-Feb-24,Individual,1,Not Paid,2/8/2026,UKSASHA ASHIQ,uksashaashiqagl-000081@gmail.com,Muhammad UKSASHA ASHIQ,42197-8146418-8,Not-Found,Single,A+,1/1/1990,1,1,1,job,Pakistani,"Lahore,Pakistan",03278847973,03278847973,,,,No,,,Not-Found,General Fitness,1,,,,
82,AGL-000082,2-Feb-24,Individual,1,Not Paid,2/8/2026,NUZHAT,nuzhatagl-000082@gmail.com,Muhammad NUZHAT,70954-2903605-6,Not-Found,Single,A+,1/1/1990,1,1,1,job,Pakistani,"Lahore,Pakistan",03039116376,03039116376,,,,No,,,Not-Found,General Fitness,1,,,,
83,AGL-000083,5-Feb-24,Individual,1,Not Paid,5/8/2026,abdul raziq,abdulraziqagl-000083@gmail.com,Muhammad abdul raziq,03858-2588185-7,Not-Found,Single,A+,1/1/1990,1,1,1,job,Pakistani,"Lahore,Pakistan",03312334607,03312334607,,,,No,,,Not-Found,General Fitness,1,,,,
84,AGL-000084,5-Feb-24,Individual,1,Not Paid,5/8/2026,yasir ali,yasiraliagl-000084@gmail.com,Muhammad yasir ali,66612-3739204-0,Not-Found,Single,A+,1/1/1990,1,1,1,job,Pakistani,"Lahore,Pakistan",03214993027,03214993027,,,,No,,,Not-Found,General Fitness,1,,,,
85,AGL-000085,5-Feb-24,Individual,1,Not Paid,5/8/2026,m imran,mimranagl-000085@gmail.com,Muhammad m imran,32495-1024348-3,Not-Found,Single,A+,1/1/1990,1,1,1,job,Pakistani,"Lahore,Pakistan",03494307007,03494307007,,,,No,,,Not-Found,General Fitness,1,,,,
86,AGL-000086,5-Feb-24,Individual,1,Not Paid,5/8/2026,shah meer,shahmeeragl-000086@gmail.com,Muhammad shah meer,59491-3754409-7,Not-Found,Single,A+,1/1/1990,1,1,1,job,Pakistani,"Lahore,Pakistan",03400903006,03400903006,,,,No,,,Not-Found,General Fitness,1,,,,
87,AGL-000087,10-Feb-24,Individual,1,Not Paid,10/8/2026,shamsa waris,shamsawarisagl-000087@gmail.com,Muhammad shamsa waris,18498-1010300-8,Not-Found,Single,A+,1/1/1990,1,1,1,job,Pakistani,"Lahore,Pakistan",03062125530,03062125530,,,,No,,,Not-Found,General Fitness,1,,,,
88,AGL-000088,10-Feb-24,Individual,1,Not Paid,10/8/2026,mehwish irshat,mehwishirshatagl-000088@gmail.com,Muhammad mehwish irshat,60784-7091214-2,Not-Found,Single,A+,1/1/1990,1,1,1,job,Pakistani,"Lahore,Pakistan",03276777088,03276777088,,,,No,,,Not-Found,General Fitness,1,,,,
89,AGL-000089,6-Feb-24,Individual,1,Not Paid,6/8/2026,Wajid Aziz,wajidazizagl-000089@gmail.com,Muhammad Wajid Aziz,25373-1547373-8,Not-Found,Single,A+,1/1/1990,1,1,1,job,Pakistani,"Lahore,Pakistan",03425039712,03425039712,,,,No,,,Not-Found,General Fitness,1,,,,
90,AGL-000090,6-Feb-24,Individual,1,Not Paid,6/8/2026,Haider Ali,haideraliagl-000090@gmail.com,Muhammad Haider Ali,53387-2321681-8,Not-Found,Single,A+,1/1/1990,1,1,1,job,Pakistani,"Lahore,Pakistan",03094823298,03094823298,,,,No,,,Not-Found,General Fitness,1,,,,
91,AGL-000091,6-Feb-24,Individual,1,Not Paid,6/8/2026,Salman,salmanagl-000091@gmail.com,Muhammad Salman,08490-6480601-7,Not-Found,Single,A+,1/1/1990,1,1,1,job,Pakistani,"Lahore,Pakistan",03008455492,03008455492,,,,No,,,Not-Found,General Fitness,1,,,,
92,AGL-000092,6-Feb-24,Individual,1,Not Paid,6/8/2026,farhan ullah,farhanullahagl-000092@gmail.com,Muhammad farhan ullah,41066-0430295-5,Not-Found,Single,A+,1/1/1990,1,1,1,job,Pakistani,"Lahore,Pakistan",03406069044,03406069044,,,,No,,,Not-Found,General Fitness,1,,,,
93,AGL-000093,7-Feb-24,Individual,1,Not Paid,7/8/2026,Ramzan,ramzanagl-000093@gmail.com,Muhammad Ramzan,96454-9850864-3,Not-Found,Single,A+,1/1/1990,1,1,1,job,Pakistani,"Lahore,Pakistan",03191140201,03191140201,,,,No,,,Not-Found,General Fitness,1,,,,
94,AGL-000094,9-Feb-24,Individual,1,Not Paid,9/8/2026,zaigham hussain,zaighamhussainagl-000094@gmail.com,Muhammad zaigham hussain,63270-7138515-7,Not-Found,Single,A+,1/1/1990,1,1,1,job,Pakistani,"Lahore,Pakistan",03166694093,03166694093,,,,No,,,Not-Found,General Fitness,1,,,,
95,AGL-000095,9-Feb-24,Individual,1,Not Paid,9/8/2026,imran khan,imrankhanagl-000095@gmail.com,Muhammad imran khan,89053-2349996-5,Not-Found,Single,A+,1/1/1990,1,1,1,job,Pakistani,"Lahore,Pakistan",03363298455,03363298455,,,,No,,,Not-Found,General Fitness,1,,,,
96,AGL-000096,9-Feb-24,Individual,1,Not Paid,9/8/2026,kainat bhatti,kainatbhattiagl-000096@gmail.com,Muhammad kainat bhatti,54177-2185656-0,Not-Found,Single,A+,1/1/1990,1,1,1,job,Pakistani,"Lahore,Pakistan",03467033043,03467033043,,,,No,,,Not-Found,General Fitness,1,,,,
97,AGL-000097,9-Feb-24,Individual,1,Not Paid,9/8/2026,quraish khan,quraishkhanagl-000097@gmail.com,Muhammad quraish khan,97421-9662188-4,Not-Found,Single,A+,1/1/1990,1,1,1,job,Pakistani,"Lahore,Pakistan",03418001129,03418001129,,,,No,,,Not-Found,General Fitness,1,,,,
98,AGL-000098,9-Feb-24,Individual,1,Not Paid,9/8/2026,amin ullah,aminullahagl-000098@gmail.com,Muhammad amin ullah,47329-2587190-1,Not-Found,Single,A+,1/1/1990,1,1,1,job,Pakistani,"Lahore,Pakistan",03418096383,03418096383,,,,No,,,Not-Found,General Fitness,1,,,,
99,AGL-000099,13-Mar-24,Individual,1,Not Paid,13/08/2026,m Saad zahid,msaadzahidagl-000099@gmail.com,Muhammad m Saad zahid,45780-6712119-6,Not-Found,Single,A+,1/1/1990,1,1,1,job,Pakistani,"Lahore,Pakistan",03211286606,03211286606,,,,No,,,Not-Found,General Fitness,1,,,,
100,AGL-000100,12-Feb-24,Individual,1,Not Paid,12/8/2026,abdul rafay,abdulrafayagl-000100@gmail.com,Muhammad abdul rafay,32561-6070929-1,Not-Found,Single,A+,1/1/1990,1,1,1,job,Pakistani,"Lahore,Pakistan",03087703120,03087703120,,,,No,,,Not-Found,General Fitness,1,,,,
101,AGL-000101,12-Feb-24,Individual,1,Not Paid,12/8/2026,AKSHIF WAHAB,akshifwahabagl-000101@gmail.com,Muhammad AKSHIF WAHAB,69459-5490956-8,Not-Found,Single,A+,1/1/1990,1,1,1,job,Pakistani,"Lahore,Pakistan",03444865334,03444865334,,,,No,,,Not-Found,General Fitness,1,,,,
102,AGL-000102,12-Feb-24,Individual,1,Not Paid,12/8/2026,M farooq,mfarooqagl-000102@gmail.com,Muhammad M farooq,31884-1611067-7,Not-Found,Single,A+,1/1/1990,1,1,1,job,Pakistani,"Lahore,Pakistan",03454767955,03454767955,,,,No,,,Not-Found,General Fitness,1,,,,
103,AGL-000103,12-Feb-24,Individual,1,Not Paid,12/8/2026,Zayan Tariq,zayantariqagl-000103@gmail.com,Muhammad Zayan Tariq,62417-3845979-3,Not-Found,Single,A+,1/1/1990,1,1,1,job,Pakistani,"Lahore,Pakistan",03487114123,03487114123,,,,No,,,Not-Found,General Fitness,1,,,,
104,AGL-000104,13-Feb-24,Individual,1,Not Paid,13/08/2026,zain ul abadeen,zainulabadeenagl-000104@gmail.com,Muhammad zain ul abadeen,44074-6289921-3,Not-Found,Single,A+,1/1/1990,1,1,1,job,Pakistani,"Lahore,Pakistan",03256968718,03256968718,,,,No,,,Not-Found,General Fitness,1,,,,
105,AGL-000105,13-Feb-24,Individual,1,Not Paid,13/08/2026,huzaifa,huzaifaagl-000105@gmail.com,Muhammad huzaifa,68545-7741181-8,Not-Found,Single,A+,1/1/1990,1,1,1,job,Pakistani,"Lahore,Pakistan",03324449396,03324449396,,,,No,,,Not-Found,General Fitness,1,,,,
106,AGL-000106,15-Feb-24,Individual,1,Not Paid,15/08/2026,zahoor ahmad,zahoorahmadagl-000106@gmail.com,Muhammad zahoor ahmad,15261-3571877-8,Not-Found,Single,A+,1/1/1990,1,1,1,job,Pakistani,"Lahore,Pakistan",03184767221,03184767221,,,,No,,,Not-Found,General Fitness,1,,,,
107,AGL-000107,14-Feb-24,Individual,1,Not Paid,14/08/2026,mehboob iqbal,mehboobiqbalagl-000107@gmail.com,Muhammad mehboob iqbal,45683-4964516-2,Not-Found,Single,A+,1/1/1990,1,1,1,job,Pakistani,"Lahore,Pakistan",03047094445,03047094445,,,,No,,,Not-Found,General Fitness,1,,,,
108,AGL-000108,15-Feb-24,Individual,1,Not Paid,15/08/2026,M Ali,maliagl-000108@gmail.com,Muhammad M Ali,90124-2891033-4,Not-Found,Single,A+,1/1/1990,1,1,1,job,Pakistani,"Lahore,Pakistan",03097750856,03097750856,,,,No,,,Not-Found,General Fitness,1,,,,
109,AGL-000109,20-Feb-24,Individual,1,Not Paid,20/08/2026,Malik M nadeem,malikmnadeemagl-000109@gmail.com,Muhammad Malik M nadeem,16785-0203453-2,Not-Found,Single,A+,1/1/1990,1,1,1,job,Pakistani,"Lahore,Pakistan",03089324272,03089324272,,,,No,,,Not-Found,General Fitness,1,,,,
110,AGL-000110,19-Mar-24,Individual,1,Not Paid,19/08/2026,M Nadir,mnadiragl-000110@gmail.com,Muhammad M Nadir,22610-1451765-9,Not-Found,Single,A+,1/1/1990,1,1,1,job,Pakistani,"Lahore,Pakistan",03208419610,03208419610,,,,No,,,Not-Found,General Fitness,1,,,,
111,AGL-000111,21-Feb-24,Individual,1,Not Paid,21/08/2026,basim,basimagl-000111@gmail.com,Muhammad basim,94304-0519473-8,Not-Found,Single,A+,1/1/1990,1,1,1,job,Pakistani,"Lahore,Pakistan",03035455753,03035455753,,,,No,,,Not-Found,General Fitness,1,,,,
112,AGL-000112,26-Feb-24,Individual,1,Not Paid,26/08/2026,shazil sattar,shazilsattaragl-000112@gmail.com,Muhammad shazil sattar,51260-6202925-6,Not-Found,Single,A+,1/1/1990,1,1,1,job,Pakistani,"Lahore,Pakistan",03047423056,03047423056,,,,No,,,Not-Found,General Fitness,1,,,,
113,AGL-000113,26-Feb-24,Individual,1,Not Paid,26/08/2026,M atif arshad,matifarshadagl-000113@gmail.com,Muhammad M atif arshad,28864-0500056-8,Not-Found,Single,A+,1/1/1990,1,1,1,job,Pakistani,"Lahore,Pakistan",03000000113,03000000113,,,,No,,,Not-Found,General Fitness,1,,,,
114,AGL-000114,26-Feb-24,Individual,1,Not Paid,26/08/2026,Haider kamal,haiderkamalagl-000114@gmail.com,Muhammad Haider kamal,56041-9013559-7,Not-Found,Single,A+,1/1/1990,1,1,1,job,Pakistani,"Lahore,Pakistan",03068171857,03068171857,,,,No,,,Not-Found,General Fitness,1,,,,
115,AGL-000115,27-Feb-24,Individual,1,Not Paid,27/08/2026,sohail,sohailagl-000115@gmail.com,Muhammad sohail,47422-4159371-1,Not-Found,Single,A+,1/1/1990,1,1,1,job,Pakistani,"Lahore,Pakistan",03001407616,03001407616,,,,No,,,Not-Found,General Fitness,1,,,,
116,AGL-000116,27-Feb-24,Individual,1,Not Paid,27/08/2026,ali zain,alizainagl-000116@gmail.com,Muhammad ali zain,29431-4240735-4,Not-Found,Single,A+,1/1/1990,1,1,1,job,Pakistani,"Lahore,Pakistan",03144224920,03144224920,,,,No,,,Not-Found,General Fitness,1,,,,
117,AGL-000117,28-Feb-24,Individual,1,Not Paid,28/08/2026,dawood,dawoodagl-000117@gmail.com,Muhammad dawood,30497-8351195-6,Not-Found,Single,A+,1/1/1990,1,1,1,job,Pakistani,"Lahore,Pakistan",03227615109,03227615109,,,,No,,,Not-Found,General Fitness,1,,,,
118,AGL-000118,29-Feb-24,Individual,1,Not Paid,29/08/2026,Fawad,fawadagl-000118@gmail.com,Muhammad Fawad,21009-9689367-0,Not-Found,Single,A+,1/1/1990,1,1,1,job,Pakistani,"Lahore,Pakistan",03339004609,03339004609,,,,No,,,Not-Found,General Fitness,1,,,,
119,AGL-000119,29-Feb-24,Individual,1,Not Paid,29/08/2026,Fahad Saeed,fahadsaeedagl-000119@gmail.com,Muhammad Fahad Saeed,85779-5187137-3,Not-Found,Single,A+,1/1/1990,1,1,1,job,Pakistani,"Lahore,Pakistan",03346002362,03346002362,,,,No,,,Not-Found,General Fitness,1,,,,
120,AGL-000120,1-Mar-24,Individual,1,Not Paid,1/8/2026,danish dilber,danishdilberagl-000120@gmail.com,Muhammad danish dilber,50969-3089019-0,Not-Found,Single,A+,1/1/1990,1,1,1,job,Pakistani,"Lahore,Pakistan",03167174440,03167174440,,,,No,,,Not-Found,General Fitness,1,,,,
121,AGL-000121,2-Mar-24,Individual,1,Not Paid,2/8/2026,muzamil Ahmad,muzamilahmadagl-000121@gmail.com,Muhammad muzamil Ahmad,99716-1121644-8,Not-Found,Single,A+,1/1/1990,1,1,1,job,Pakistani,"Lahore,Pakistan",03138762099,03138762099,,,,No,,,Not-Found,General Fitness,1,,,,
122,AGL-000122,4-Mar-24,Individual,1,Not Paid,4/8/2026,m Sheraz,msherazagl-000122@gmail.com,Muhammad m Sheraz,27608-0729100-8,Not-Found,Single,A+,1/1/1990,1,1,1,job,Pakistani,"Lahore,Pakistan",03461389179,03461389179,,,,No,,,Not-Found,General Fitness,1,,,,
123,AGL-000123,4-Mar-24,Individual,1,Not Paid,4/8/2026,Usman,usmanagl-000123@gmail.com,Muhammad Usman,54822-7455370-6,Not-Found,Single,A+,1/1/1990,1,1,1,job,Pakistani,"Lahore,Pakistan",03008613397,03008613397,,,,No,,,Not-Found,General Fitness,1,,,,
124,AGL-000124,5-Mar-24,Individual,1,Not Paid,5/8/2026,ANAM ABBBAS,anamabbbasagl-000124@gmail.com,Muhammad ANAM ABBBAS,83509-0616581-0,Not-Found,Single,A+,1/1/1990,1,1,1,job,Pakistani,"Lahore,Pakistan",03079872914,03079872914,,,,No,,,Not-Found,General Fitness,1,,,,
125,AGL-000125,6-Mar-24,Individual,1,Not Paid,6/8/2026,ibrahim,ibrahimagl-000125@gmail.com,Muhammad ibrahim,09245-3562555-2,Not-Found,Single,A+,1/1/1990,1,1,1,job,Pakistani,"Lahore,Pakistan",03003827998,03003827998,,,,No,,,Not-Found,General Fitness,1,,,,
126,AGL-000126,6-Mar-24,Individual,1,Not Paid,6/8/2026,M luqman,mluqmanagl-000126@gmail.com,Muhammad M luqman,15005-7888820-4,Not-Found,Single,A+,1/1/1990,1,1,1,job,Pakistani,"Lahore,Pakistan",03069608564,03069608564,,,,No,,,Not-Found,General Fitness,1,,,,
127,AGL-000127,6-Mar-24,Individual,1,Not Paid,6/8/2026,hasnat,hasnatagl-000127@gmail.com,Muhammad hasnat,65152-7252276-5,Not-Found,Single,A+,1/1/1990,1,1,1,job,Pakistani,"Lahore,Pakistan",03117270707,03117270707,,,,No,,,Not-Found,General Fitness,1,,,,
128,AGL-000128,6-Mar-24,Individual,1,Not Paid,6/8/2026,usama,usamaagl-000128@gmail.com,Muhammad usama,09199-8668018-8,Not-Found,Single,A+,1/1/1990,1,1,1,job,Pakistani,"Lahore,Pakistan",03068799202,03068799202,,,,No,,,Not-Found,General Fitness,1,,,,
129,AGL-000129,11-Mar-24,Individual,1,Not Paid,11/8/2026,aqeel haider,aqeelhaideragl-000129@gmail.com,Muhammad aqeel haider,73913-9864824-9,Not-Found,Single,A+,1/1/1990,1,1,1,job,Pakistani,"Lahore,Pakistan",03217576956,03217576956,,,,No,,,Not-Found,General Fitness,1,,,,
130,AGL-000130,12-Mar-24,Individual,1,Not Paid,12/8/2026,Usama,usamaagl-000130@gmail.com,Muhammad Usama,76655-6423501-5,Not-Found,Single,A+,1/1/1990,1,1,1,job,Pakistani,"Lahore,Pakistan",03094732755,03094732755,,,,No,,,Not-Found,General Fitness,1,,,,
131,AGL-000131,18-Mar-24,Individual,1,Not Paid,18/08/2026,Umar,umaragl-000131@gmail.com,Muhammad Umar,66979-3399975-9,Not-Found,Single,A+,1/1/1990,1,1,1,job,Pakistani,"Lahore,Pakistan",03096545421,03096545421,,,,No,,,Not-Found,General Fitness,1,,,,
132,AGL-000132,18-Mar-24,Individual,1,Not Paid,18/08/2026,Usman Jabbar,usmanjabbaragl-000132@gmail.com,Muhammad Usman Jabbar,11636-1697307-1,Not-Found,Single,A+,1/1/1990,1,1,1,job,Pakistani,"Lahore,Pakistan",03051610048,03051610048,,,,No,,,Not-Found,General Fitness,1,,,,
133,AGL-000133,19-Mar-24,Individual,1,Not Paid,19/08/2026,Ahsan Malik,ahsanmalikagl-000133@gmail.com,Muhammad Ahsan Malik,45713-3266480-6,Not-Found,Single,A+,1/1/1990,1,1,1,job,Pakistani,"Lahore,Pakistan",03184565951,03184565951,,,,No,,,Not-Found,General Fitness,1,,,,
134,AGL-000134,21-Mar-24,Individual,1,Not Paid,21/08/2026,Haider,haideragl-000134@gmail.com,Muhammad Haider,07266-5478902-2,Not-Found,Single,A+,1/1/1990,1,1,1,job,Pakistani,"Lahore,Pakistan",03008484192,03008484192,,,,No,,,Not-Found,General Fitness,1,,,,
135,AGL-000135,21-Mar-24,Individual,1,Not Paid,21/08/2026,inaam,inaamagl-000135@gmail.com,Muhammad inaam,99821-9639317-5,Not-Found,Single,A+,1/1/1990,1,1,1,job,Pakistani,"Lahore,Pakistan",03161289502,03161289502,,,,No,,,Not-Found,General Fitness,1,,,,
136,AGL-000136,21-Mar-24,Individual,1,Not Paid,21/08/2026,Alaa,alaaagl-000136@gmail.com,Muhammad Alaa,67329-5103230-0,Not-Found,Single,A+,1/1/1990,1,1,1,job,Pakistani,"Lahore,Pakistan",03127794252,03127794252,,,,No,,,Not-Found,General Fitness,1,,,,
137,AGL-000137,21-Mar-24,Individual,1,Not Paid,21/08/2026,MAjid Abbasi,majidabbasiagl-000137@gmail.com,Muhammad MAjid Abbasi,67391-4698066-7,Not-Found,Single,A+,1/1/1990,1,1,1,job,Pakistani,"Lahore,Pakistan",03059999494,03059999494,,,,No,,,Not-Found,General Fitness,1,,,,
138,AGL-000138,2-Aug-24,Individual,1,Not Paid,2/8/2026,syed masroor,syedmasrooragl-000138@gmail.com,Muhammad syed masroor,52966-3268018-1,Not-Found,Single,A+,1/1/1990,1,1,1,job,Pakistani,"Lahore,Pakistan",03234639646,03234639646,,,,No,,,Not-Found,General Fitness,1,,,,
139,AGL-000139,2-Aug-24,Individual,1,Not Paid,2/8/2026,ishrat niazi,ishratniaziagl-000139@gmail.com,Muhammad ishrat niazi,73303-9518093-8,Not-Found,Single,A+,1/1/1990,1,1,1,job,Pakistani,"Lahore,Pakistan",03364417309,03364417309,,,,No,,,Not-Found,General Fitness,1,,,,
140,AGL-000140,1-Jul-26,Individual,1,Not Paid,1/8/2026,m. shahzad,m.shahzadagl-000140@gmail.com,Muhammad m. shahzad,02447-4683907-5,Not-Found,Single,A+,1/1/1990,1,1,1,job,Pakistani,"Lahore,Pakistan",03457335510,03457335510,,,,No,,,Not-Found,General Fitness,1,,,,
141,AGL-000141,2-Aug-24,Individual,1,Not Paid,2/8/2026,assad ali,assadaliagl-000141@gmail.com,Muhammad assad ali,46886-9064743-9,Not-Found,Single,A+,1/1/1990,1,1,1,job,Pakistani,"Lahore,Pakistan",03431680710,03431680710,,,,No,,,Not-Found,General Fitness,1,,,,
142,AGL-000142,22-Aug-24,Individual,1,Not Paid,22/08/2026,saud,saudagl-000142@gmail.com,Muhammad saud,45710-8344772-7,Not-Found,Single,A+,1/1/1990,1,1,1,job,Pakistani,"Lahore,Pakistan",03000000142,03000000142,,,,No,,,Not-Found,General Fitness,1,,,,
143,AGL-000143,22-Aug-24,Individual,1,Not Paid,22/08/2026,Ali hadir,alihadiragl-000143@gmail.com,Muhammad Ali hadir,27451-4678319-8,Not-Found,Single,A+,1/1/1990,1,1,1,job,Pakistani,"Lahore,Pakistan",03038898725,03038898725,,,,No,,,Not-Found,General Fitness,1,,,,
144,AGL-000144,23-Jun-26,Individual,1,Not Paid,23/08/2026,Aliabdullah,aliabdullahagl-000144@gmail.com,Muhammad Aliabdullah,34989-4057941-7,Not-Found,Single,A+,1/1/1990,1,1,1,job,Pakistani,"Lahore,Pakistan",03136848822,03136848822,,,,No,,,Not-Found,General Fitness,1,,,,
145,AGL-000145,24-Sep-24,Individual,1,Not Paid,24/08/2026,faizan siddiqi,faizansiddiqiagl-000145@gmail.com,Muhammad faizan siddiqi,72737-5306339-9,Not-Found,Single,A+,1/1/1990,1,1,1,job,Pakistani,"Lahore,Pakistan",03327661156,03327661156,,,,No,,,Not-Found,General Fitness,1,,,,
146,AGL-000146,2-Aug-24,Individual,1,Not Paid,2/8/2026,ahsan,ahsanagl-000146@gmail.com,Muhammad ahsan,71805-0621893-8,Not-Found,Single,A+,1/1/1990,1,1,1,job,Pakistani,"Lahore,Pakistan",03017107935,03017107935,,,,No,,,Not-Found,General Fitness,1,,,,
147,AGL-000147,2-Aug-24,Individual,1,Not Paid,2/8/2026,m wali,mwaliagl-000147@gmail.com,Muhammad m wali,30986-2701826-6,Not-Found,Single,A+,1/1/1990,1,1,1,job,Pakistani,"Lahore,Pakistan",03274642854,03274642854,,,,No,,,Not-Found,General Fitness,1,,,,
148,AGL-000148,2-Aug-24,Individual,1,Not Paid,2/8/2026,Fahad,fahadagl-000148@gmail.com,Muhammad Fahad,40490-9628422-4,Not-Found,Single,A+,1/1/1990,1,1,1,job,Pakistani,"Lahore,Pakistan",03044198735,03044198735,,,,No,,,Not-Found,General Fitness,1,,,,
149,AGL-000149,2-Aug-24,Individual,1,Not Paid,2/8/2026,usaman gujjar,usamangujjaragl-000149@gmail.com,Muhammad usaman gujjar,71476-8919255-4,Not-Found,Single,A+,1/1/1990,1,1,1,job,Pakistani,"Lahore,Pakistan",03326152791,03326152791,,,,No,,,Not-Found,General Fitness,1,,,,
150,AGL-000150,20-Nov-24,Individual,1,Not Paid,20/08/2026,awais,awaisagl-000150@gmail.com,Muhammad awais,02284-0638015-1,Not-Found,Single,A+,1/1/1990,1,1,1,job,Pakistani,"Lahore,Pakistan",03314349427,03314349427,,,,No,,,Not-Found,General Fitness,1,,,,
151,AGL-000151,2-Oct-25,Individual,1,Not Paid,2/8/2026,umair ahmad,umairahmadagl-000151@gmail.com,Muhammad umair ahmad,72714-8856541-3,Not-Found,Single,A+,1/1/1990,1,1,1,job,Pakistani,"Lahore,Pakistan",03057711821,03057711821,,,,No,,,Not-Found,General Fitness,1,,,,
152,AGL-000152,20-May-26,Individual,1,Not Paid,20/08/2026,babar,babaragl-000152@gmail.com,Muhammad babar,19772-9896671-9,Not-Found,Single,A+,1/1/1990,1,1,1,job,Pakistani,"Lahore,Pakistan",03254954324,03254954324,,,,No,,,Not-Found,General Fitness,1,,,,
153,AGL-000153,2-Aug-24,Individual,1,Not Paid,2/8/2026,frahan khalid,frahankhalidagl-000153@gmail.com,Muhammad frahan khalid,62445-7041079-0,Not-Found,Single,A+,1/1/1990,1,1,1,job,Pakistani,"Lahore,Pakistan",03045369785,03045369785,,,,No,,,Not-Found,General Fitness,1,,,,
154,AGL-000154,2-Aug-24,Individual,1,Not Paid,2/8/2026,syed muhmmad shahzaib,syedmuhmmadshahzaibagl-000154@gmail.com,Muhammad syed muhmmad shahzaib,07722-7053975-6,Not-Found,Single,A+,1/1/1990,1,1,1,job,Pakistani,"Lahore,Pakistan",03211047820,03211047820,,,,No,,,Not-Found,General Fitness,1,,,,
155,AGL-000155,2-Aug-24,Individual,1,Not Paid,2/8/2026,muhaammad waseem,muhaammadwaseemagl-000155@gmail.com,Muhammad muhaammad waseem,72377-5982089-2,Not-Found,Single,A+,1/1/1990,1,1,1,job,Pakistani,"Lahore,Pakistan",03012958603,03012958603,,,,No,,,Not-Found,General Fitness,1,,,,
156,AGL-000156,21-Oct-25,Individual,1,Not Paid,21/08/2026,fahran raza,fahranrazaagl-000156@gmail.com,Muhammad fahran raza,24072-5828764-5,Not-Found,Single,A+,1/1/1990,1,1,1,job,Pakistani,"Lahore,Pakistan",03226272066,03226272066,,,,No,,,Not-Found,General Fitness,1,,,,
157,AGL-000157,8-Jan-25,Individual,1,Not Paid,8/8/2026,bilal sikandar,bilalsikandaragl-000157@gmail.com,Muhammad bilal sikandar,40817-0406479-8,Not-Found,Single,A+,1/1/1990,1,1,1,job,Pakistani,"Lahore,Pakistan",03202424902,03202424902,,,,No,,,Not-Found,General Fitness,1,,,,
158,AGL-000158,13-Sep-24,Individual,1,Not Paid,13/08/2026,faruk,farukagl-000158@gmail.com,Muhammad faruk,29653-7955534-4,Not-Found,Single,A+,1/1/1990,1,1,1,job,Pakistani,"Lahore,Pakistan",03094390338,03094390338,,,,No,,,Not-Found,General Fitness,1,,,,
159,AGL-000159,2-Aug-24,Individual,1,Not Paid,2/8/2026,dildar abas,dildarabasagl-000159@gmail.com,Muhammad dildar abas,19415-2612371-2,Not-Found,Single,A+,1/1/1990,1,1,1,job,Pakistani,"Lahore,Pakistan",03276555444,03276555444,,,,No,,,Not-Found,General Fitness,1,,,,
160,AGL-000160,2-Aug-24,Individual,1,Not Paid,2/8/2026,dildar abas,dildarabasagl-000160@gmail.com,Muhammad dildar abas,56991-4272537-0,Not-Found,Single,A+,1/1/1990,1,1,1,job,Pakistani,"Lahore,Pakistan",03276555444,03276555444,,,,No,,,Not-Found,General Fitness,1,,,,
161,AGL-000161,1-Oct-24,Individual,1,Not Paid,1/8/2026,dawar,dawaragl-000161@gmail.com,Muhammad dawar,51696-2156752-7,Not-Found,Single,A+,1/1/1990,1,1,1,job,Pakistani,"Lahore,Pakistan",03344955848,03344955848,,,,No,,,Not-Found,General Fitness,1,,,,
162,AGL-000162,2-Aug-24,Individual,1,Not Paid,2/8/2026,awais,awaisagl-000162@gmail.com,Muhammad awais,59928-7998370-0,Not-Found,Single,A+,1/1/1990,1,1,1,job,Pakistani,"Lahore,Pakistan",03074555523,03074555523,,,,No,,,Not-Found,General Fitness,1,,,,
163,AGL-000163,12-Nov-24,Individual,1,Not Paid,12/8/2026,saad ur rehman,saadurrehmanagl-000163@gmail.com,Muhammad saad ur rehman,70445-7809216-5,Not-Found,Single,A+,1/1/1990,1,1,1,job,Pakistani,"Lahore,Pakistan",03228540429,03228540429,,,,No,,,Not-Found,General Fitness,1,,,,
164,AGL-000164,30-Jun-25,Individual,1,Not Paid,30/08/2026,ibrahim bin usman,ibrahimbinusmanagl-000164@gmail.com,Muhammad ibrahim bin usman,83427-4649212-0,Not-Found,Single,A+,1/1/1990,1,1,1,job,Pakistani,"Lahore,Pakistan",03115551143,03115551143,,,,No,,,Not-Found,General Fitness,1,,,,
165,AGL-000165,3-Feb-25,Individual,1,Not Paid,3/8/2026,khalid mubeen,khalidmubeenagl-000165@gmail.com,Muhammad khalid mubeen,52284-4827515-5,Not-Found,Single,A+,1/1/1990,1,1,1,job,Pakistani,"Lahore,Pakistan",03008943981,03008943981,,,,No,,,Not-Found,General Fitness,1,,,,
166,AGL-000166,13-Jan-25,Individual,1,Not Paid,13/08/2026,sana anees,sanaaneesagl-000166@gmail.com,Muhammad sana anees,69001-5301336-7,Not-Found,Single,A+,1/1/1990,1,1,1,job,Pakistani,"Lahore,Pakistan",03326166126,03326166126,,,,No,,,Not-Found,General Fitness,1,,,,
167,AGL-000167,2-Aug-24,Individual,1,Not Paid,2/8/2026,m. eisa,m.eisaagl-000167@gmail.com,Muhammad m. eisa,28035-3925910-6,Not-Found,Single,A+,1/1/1990,1,1,1,job,Pakistani,"Lahore,Pakistan",03219484325,03219484325,,,,No,,,Not-Found,General Fitness,1,,,,
168,AGL-000168,2-Aug-24,Individual,1,Not Paid,2/8/2026,alyan ahmad,alyanahmadagl-000168@gmail.com,Muhammad alyan ahmad,50688-1833879-9,Not-Found,Single,A+,1/1/1990,1,1,1,job,Pakistani,"Lahore,Pakistan",03238331377,03238331377,,,,No,,,Not-Found,General Fitness,1,,,,
169,AGL-000169,2-Aug-24,Individual,1,Not Paid,2/8/2026,arslan butt,arslanbuttagl-000169@gmail.com,Muhammad arslan butt,33204-1823758-4,Not-Found,Single,A+,1/1/1990,1,1,1,job,Pakistani,"Lahore,Pakistan",03184053456,03184053456,,,,No,,,Not-Found,General Fitness,1,,,,
170,AGL-000170,21-May-25,Individual,1,Not Paid,21/08/2026,mubeen ahmad,mubeenahmadagl-000170@gmail.com,Muhammad mubeen ahmad,93208-8079340-1,Not-Found,Single,A+,1/1/1990,1,1,1,job,Pakistani,"Lahore,Pakistan",03019780272,03019780272,,,,No,,,Not-Found,General Fitness,1,,,,
171,AGL-000171,25-Sep-24,Individual,1,Not Paid,25/08/2026,ali shan,alishanagl-000171@gmail.com,Muhammad ali shan,46040-4267226-3,Not-Found,Single,A+,1/1/1990,1,1,1,job,Pakistani,"Lahore,Pakistan",03040015826,03040015826,,,,No,,,Not-Found,General Fitness,1,,,,
172,AGL-000172,12-Jun-26,Individual,1,Not Paid,12/8/2026,irfan abid,irfanabidagl-000172@gmail.com,Muhammad irfan abid,51106-1679603-3,Not-Found,Single,A+,1/1/1990,1,1,1,job,Pakistani,"Lahore,Pakistan",03070949492,03070949492,,,,No,,,Not-Found,General Fitness,1,,,,
173,AGL-000173,18-Feb-26,Individual,1,Not Paid,18/08/2026,sufian,sufianagl-000173@gmail.com,Muhammad sufian,88822-4612013-6,Not-Found,Single,A+,1/1/1990,1,1,1,job,Pakistani,"Lahore,Pakistan",03349889587,03349889587,,,,No,,,Not-Found,General Fitness,1,,,,
174,AGL-000174,2-Aug-24,Individual,1,Not Paid,2/8/2026,hamid,hamidagl-000174@gmail.com,Muhammad hamid,47112-7762659-0,Not-Found,Single,A+,1/1/1990,1,1,1,job,Pakistani,"Lahore,Pakistan",03349889587,03349889587,,,,No,,,Not-Found,General Fitness,1,,,,
175,AGL-000175,2-Aug-24,Individual,1,Not Paid,2/8/2026,m.assad,m.assadagl-000175@gmail.com,Muhammad m.assad,78241-8760664-7,Not-Found,Single,A+,1/1/1990,1,1,1,job,Pakistani,"Lahore,Pakistan",03278899388,03278899388,,,,No,,,Not-Found,General Fitness,1,,,,
176,AGL-000176,2-Aug-24,Individual,1,Not Paid,2/8/2026,noman jameel,nomanjameelagl-000176@gmail.com,Muhammad noman jameel,02312-1500397-4,Not-Found,Single,A+,1/1/1990,1,1,1,job,Pakistani,"Lahore,Pakistan",03229667342,03229667342,,,,No,,,Not-Found,General Fitness,1,,,,
177,AGL-000177,2-Dec-24,Individual,1,Not Paid,2/8/2026,daim khan,daimkhanagl-000177@gmail.com,Muhammad daim khan,63050-5336678-9,Not-Found,Single,A+,1/1/1990,1,1,1,job,Pakistani,"Lahore,Pakistan",03004177495,03004177495,,,,No,,,Not-Found,General Fitness,1,,,,
178,AGL-000178,3-Aug-24,Individual,1,Not Paid,3/8/2026,ali khaan,alikhaanagl-000178@gmail.com,Muhammad ali khaan,68372-0985857-0,Not-Found,Single,A+,1/1/1990,1,1,1,job,Pakistani,"Lahore,Pakistan",03094700438,03094700438,,,,No,,,Not-Found,General Fitness,1,,,,
179,AGL-000179,3-Aug-24,Individual,1,Not Paid,3/8/2026,furkan,furkanagl-000179@gmail.com,Muhammad furkan,38155-9294151-5,Not-Found,Single,A+,1/1/1990,1,1,1,job,Pakistani,"Lahore,Pakistan",03338528002,03338528002,,,,No,,,Not-Found,General Fitness,1,,,,
180,AGL-000180,3-Aug-24,Individual,1,Not Paid,3/8/2026,atif ali,atifaliagl-000180@gmail.com,Muhammad atif ali,92115-8675707-5,Not-Found,Single,A+,1/1/1990,1,1,1,job,Pakistani,"Lahore,Pakistan",03034800130,03034800130,,,,No,,,Not-Found,General Fitness,1,,,,
181,AGL-000181,3-Aug-24,Individual,1,Not Paid,3/8/2026,usama anwar,usamaanwaragl-000181@gmail.com,Muhammad usama anwar,12668-8299377-3,Not-Found,Single,A+,1/1/1990,1,1,1,job,Pakistani,"Lahore,Pakistan",03084916836,03084916836,,,,No,,,Not-Found,General Fitness,1,,,,
182,AGL-000182,3-Aug-24,Individual,1,Not Paid,3/8/2026,abdul rehman,abdulrehmanagl-000182@gmail.com,Muhammad abdul rehman,63977-3150619-3,Not-Found,Single,A+,1/1/1990,1,1,1,job,Pakistani,"Lahore,Pakistan",03028411636,03028411636,,,,No,,,Not-Found,General Fitness,1,,,,
183,AGL-000204,6-Aug-24,Individual,1,Not Paid,6/8/2026,m. shayan khan,m.shayankhanagl-000204@gmail.com,Muhammad m. shayan khan,18421-0923122-4,Not-Found,Single,A+,1/1/1990,1,1,1,job,Pakistani,"Lahore,Pakistan",03139258879,03139258879,,,,No,,,Not-Found,General Fitness,1,,,,
184,AGL-000205,25-Aug-25,Individual,1,Not Paid,25/08/2026,ahmad nadeem,ahmadnadeemagl-000205@gmail.com,Muhammad ahmad nadeem,42340-4744727-6,Not-Found,Single,A+,1/1/1990,1,1,1,job,Pakistani,"Lahore,Pakistan",03234073754,03234073754,,,,No,,,Not-Found,General Fitness,1,,,,
185,AGL-000206,4-Feb-25,Individual,1,Not Paid,4/8/2026,abdul sami,abdulsamiagl-000206@gmail.com,Muhammad abdul sami,12180-4273048-8,Not-Found,Single,A+,1/1/1990,1,1,1,job,Pakistani,"Lahore,Pakistan",03235651247,03235651247,,,,No,,,Not-Found,General Fitness,1,,,,
186,AGL-000207,6-Aug-24,Individual,1,Not Paid,6/8/2026,shahmeer sheikh,shahmeersheikhagl-000207@gmail.com,Muhammad shahmeer sheikh,50906-2619394-7,Not-Found,Single,A+,1/1/1990,1,1,1,job,Pakistani,"Lahore,Pakistan",03061616602,03061616602,,,,No,,,Not-Found,General Fitness,1,,,,
187,AGL-000208,6-Aug-24,Individual,1,Not Paid,6/8/2026,m. muzamil,m.muzamilagl-000208@gmail.com,Muhammad m. muzamil,81154-6478917-7,Not-Found,Single,A+,1/1/1990,1,1,1,job,Pakistani,"Lahore,Pakistan",03117623912,03117623912,,,,No,,,Not-Found,General Fitness,1,,,,
188,AGL-000209,8-Nov-24,Individual,1,Not Paid,8/8/2026,sarmad,sarmadagl-000209@gmail.com,Muhammad sarmad,69929-6221419-2,Not-Found,Single,A+,1/1/1990,1,1,1,job,Pakistani,"Lahore,Pakistan",03234380553,03234380553,,,,No,,,Not-Found,General Fitness,1,,,,
189,AGL-000210,7-Aug-24,Individual,1,Not Paid,7/8/2026,umair imran,umairimranagl-000210@gmail.com,Muhammad umair imran,72162-1212526-7,Not-Found,Single,A+,1/1/1990,1,1,1,job,Pakistani,"Lahore,Pakistan",03244969555,03244969555,,,,No,,,Not-Found,General Fitness,1,,,,
190,AGL-000211,7-Aug-24,Individual,1,Not Paid,7/8/2026,furqan bakhshi,furqanbakhshiagl-000211@gmail.com,Muhammad furqan bakhshi,30846-6364945-1,Not-Found,Single,A+,1/1/1990,1,1,1,job,Pakistani,"Lahore,Pakistan",03124902735,03124902735,,,,No,,,Not-Found,General Fitness,1,,,,
191,AGL-000212,7-Aug-24,Individual,1,Not Paid,7/8/2026,mohsin ali,mohsinaliagl-000212@gmail.com,Muhammad mohsin ali,35423-3835182-5,Not-Found,Single,A+,1/1/1990,1,1,1,job,Pakistani,"Lahore,Pakistan",03044747416,03044747416,,,,No,,,Not-Found,General Fitness,1,,,,
192,AGL-000213,31-Dec-24,Individual,1,Not Paid,31/08/2026,adil waqar,adilwaqaragl-000213@gmail.com,Muhammad adil waqar,41719-1084781-9,Not-Found,Single,A+,1/1/1990,1,1,1,job,Pakistani,"Lahore,Pakistan",03041469429,03041469429,,,,No,,,Not-Found,General Fitness,1,,,,
193,AGL-000214,27-Aug-25,Individual,1,Not Paid,27/08/2026,barn abbas,barnabbasagl-000214@gmail.com,Muhammad barn abbas,45260-5184538-3,Not-Found,Single,A+,1/1/1990,1,1,1,job,Pakistani,"Lahore,Pakistan",03485124180,03485124180,,,,No,,,Not-Found,General Fitness,1,,,,
194,AGL-000215,8-Aug-24,Individual,1,Not Paid,8/8/2026,numan khan,numankhanagl-000215@gmail.com,Muhammad numan khan,03442-7419312-5,Not-Found,Single,A+,1/1/1990,1,1,1,job,Pakistani,"Lahore,Pakistan",03164637604,03164637604,,,,No,,,Not-Found,General Fitness,1,,,,
195,AGL-000216,8-Aug-24,Individual,1,Not Paid,8/8/2026,moazan ali,moazanaliagl-000216@gmail.com,Muhammad moazan ali,36129-9293751-0,Not-Found,Single,A+,1/1/1990,1,1,1,job,Pakistani,"Lahore,Pakistan",03099440468,03099440468,,,,No,,,Not-Found,General Fitness,1,,,,
196,AGL-000217,8-Aug-24,Individual,1,Not Paid,8/8/2026,samiullah zafar,samiullahzafaragl-000217@gmail.com,Muhammad samiullah zafar,86344-1192676-5,Not-Found,Single,A+,1/1/1990,1,1,1,job,Pakistani,"Lahore,Pakistan",03258834122,03258834122,,,,No,,,Not-Found,General Fitness,1,,,,
197,AGL-000218,8-Aug-24,Individual,1,Not Paid,8/8/2026,m. muneeb,m.muneebagl-000218@gmail.com,Muhammad m. muneeb,16853-6749965-8,Not-Found,Single,A+,1/1/1990,1,1,1,job,Pakistani,"Lahore,Pakistan",03117623912,03117623912,,,,No,,,Not-Found,General Fitness,1,,,,
198,AGL-000219,8-Aug-24,Individual,1,Not Paid,8/8/2026,mehmood abbas,mehmoodabbasagl-000219@gmail.com,Muhammad mehmood abbas,97394-4421502-6,Not-Found,Single,A+,1/1/1990,1,1,1,job,Pakistani,"Lahore,Pakistan",03200011917,03200011917,,,,No,,,Not-Found,General Fitness,1,,,,
199,AGL-000220,7-Sep-24,Individual,1,Not Paid,7/8/2026,farooq ahmad,farooqahmadagl-000220@gmail.com,Muhammad farooq ahmad,22198-5163596-4,Not-Found,Single,A+,1/1/1990,1,1,1,job,Pakistani,"Lahore,Pakistan",03211776679,03211776679,,,,No,,,Not-Found,General Fitness,1,,,,
200,AGL-000221,9-Aug-24,Individual,1,Not Paid,9/8/2026,m rizwan,mrizwanagl-000221@gmail.com,Muhammad m rizwan,85994-3678923-4,Not-Found,Single,A+,1/1/1990,1,1,1,job,Pakistani,"Lahore,Pakistan",03211776000,03211776000,,,,No,,,Not-Found,General Fitness,1,,,,
201,AGL-000222,24-Sep-24,Individual,1,Not Paid,24/08/2026,tayyab shamsi,tayyabshamsiagl-000222@gmail.com,Muhammad tayyab shamsi,23320-8708946-3,Not-Found,Single,A+,1/1/1990,1,1,1,job,Pakistani,"Lahore,Pakistan",03000000222,03000000222,,,,No,,,Not-Found,General Fitness,1,,,,
202,AGL-000223,15-Oct-25,Individual,1,Not Paid,15/08/2026,safwan rawat,safwanrawatagl-000223@gmail.com,Muhammad safwan rawat,89483-1690136-2,Not-Found,Single,A+,1/1/1990,1,1,1,job,Pakistani,"Lahore,Pakistan",03224964964,03224964964,,,,No,,,Not-Found,General Fitness,1,,,,
203,AGL-000224,23-Apr-25,Individual,1,Not Paid,23/08/2026,m. usama,m.usamaagl-000224@gmail.com,Muhammad m. usama,61061-1446965-4,Not-Found,Single,A+,1/1/1990,1,1,1,job,Pakistani,"Lahore,Pakistan",03459023132,03459023132,,,,No,,,Not-Found,General Fitness,1,,,,
204,AGL-000225,15-Jul-25,Individual,1,Not Paid,15/08/2026,waqas butt,waqasbuttagl-000225@gmail.com,Muhammad waqas butt,50718-0154295-6,Not-Found,Single,A+,1/1/1990,1,1,1,job,Pakistani,"Lahore,Pakistan",03000000225,03000000225,,,,No,,,Not-Found,General Fitness,1,,,,
205,AGL-000226,3-Oct-25,Individual,1,Not Paid,3/8/2026,abdul rauf,abdulraufagl-000226@gmail.com,Muhammad abdul rauf,96844-3546040-6,Not-Found,Single,A+,1/1/1990,1,1,1,job,Pakistani,"Lahore,Pakistan",03044005754,03044005754,,,,No,,,Not-Found,General Fitness,1,,,,
206,AGL-000227,12-Aug-24,Individual,1,Not Paid,12/8/2026,nahay,nahayagl-000227@gmail.com,Muhammad nahay,47751-1243306-0,Not-Found,Single,A+,1/1/1990,1,1,1,job,Pakistani,"Lahore,Pakistan",03338250932,03338250932,,,,No,,,Not-Found,General Fitness,1,,,,
207,AGL-000228,15-Jun-26,Individual,1,Not Paid,15/08/2026,bilal waheed,bilalwaheedagl-000228@gmail.com,Muhammad bilal waheed,59420-2525187-7,Not-Found,Single,A+,1/1/1990,1,1,1,job,Pakistani,"Lahore,Pakistan",03443057479,03443057479,,,,No,,,Not-Found,General Fitness,1,,,,
208,AGL-000229,24-Aug-24,Individual,1,Not Paid,24/08/2026,raja saim,rajasaimagl-000229@gmail.com,Muhammad raja saim,00467-1125817-7,Not-Found,Single,A+,1/1/1990,1,1,1,job,Pakistani,"Lahore,Pakistan",03084951561,03084951561,,,,No,,,Not-Found,General Fitness,1,,,,
209,AGL-000230,12-Aug-24,Individual,1,Not Paid,12/8/2026,umar qasim,umarqasimagl-000230@gmail.com,Muhammad umar qasim,86447-9305549-4,Not-Found,Single,A+,1/1/1990,1,1,1,job,Pakistani,"Lahore,Pakistan",03351648260,03351648260,,,,No,,,Not-Found,General Fitness,1,,,,
210,AGL-000231,12-Aug-24,Individual,1,Not Paid,12/8/2026,sheraz khan,sherazkhanagl-000231@gmail.com,Muhammad sheraz khan,07899-2554428-1,Not-Found,Single,A+,1/1/1990,1,1,1,job,Pakistani,"Lahore,Pakistan",03025565555,03025565555,,,,No,,,Not-Found,General Fitness,1,,,,
211,AGL-000232,15-Aug-24,Individual,1,Not Paid,15/08/2026,syed rizwan shehzad,syedrizwanshehzadagl-000232@gmail.com,Muhammad syed rizwan shehzad,61401-0878741-9,Not-Found,Single,A+,1/1/1990,1,1,1,job,Pakistani,"Lahore,Pakistan",03422143055,03422143055,,,,No,,,Not-Found,General Fitness,1,,,,
212,AGL-000233,20-Aug-24,Individual,1,Not Paid,20/08/2026,sherry,sherryagl-000233@gmail.com,Muhammad sherry,78311-4519149-4,Not-Found,Single,A+,1/1/1990,1,1,1,job,Pakistani,"Lahore,Pakistan",03219600396,03219600396,,,,No,,,Not-Found,General Fitness,1,,,,
213,AGL-000234,13-Aug-24,Individual,1,Not Paid,13/08/2026,khizar ifran,khizarifranagl-000234@gmail.com,Muhammad khizar ifran,78775-3686770-3,Not-Found,Single,A+,1/1/1990,1,1,1,job,Pakistani,"Lahore,Pakistan",03224720852,03224720852,,,,No,,,Not-Found,General Fitness,1,,,,
214,AGL-000235,13-Aug-24,Individual,1,Not Paid,13/08/2026,awais ali,awaisaliagl-000235@gmail.com,Muhammad awais ali,89124-8915696-0,Not-Found,Single,A+,1/1/1990,1,1,1,job,Pakistani,"Lahore,Pakistan",03064471673,03064471673,,,,No,,,Not-Found,General Fitness,1,,,,
215,AGL-000236,13-Aug-24,Individual,1,Not Paid,13/08/2026,hadi,hadiagl-000236@gmail.com,Muhammad hadi,33814-8593768-1,Not-Found,Single,A+,1/1/1990,1,1,1,job,Pakistani,"Lahore,Pakistan",03557702113,03557702113,,,,No,,,Not-Found,General Fitness,1,,,,
216,AGL-000237,13-Aug-24,Individual,1,Not Paid,13/08/2026,g.murtaza,g.murtazaagl-000237@gmail.com,Muhammad g.murtaza,40808-1326154-6,Not-Found,Single,A+,1/1/1990,1,1,1,job,Pakistani,"Lahore,Pakistan",03000371007,03000371007,,,,No,,,Not-Found,General Fitness,1,,,,
217,AGL-000238,18-May-26,Individual,1,Not Paid,18/08/2026,waqas khan,waqaskhanagl-000238@gmail.com,Muhammad waqas khan,66872-4962487-8,Not-Found,Single,A+,1/1/1990,1,1,1,job,Pakistani,"Lahore,Pakistan",03064768467,03064768467,,,,No,,,Not-Found,General Fitness,1,,,,
218,AGL-000239,10-Apr-26,Individual,1,Not Paid,10/8/2026,bilal anwar,bilalanwaragl-000239@gmail.com,Muhammad bilal anwar,33451-2532003-0,Not-Found,Single,A+,1/1/1990,1,1,1,job,Pakistani,"Lahore,Pakistan",03224061277,03224061277,,,,No,,,Not-Found,General Fitness,1,,,,
219,AGL-000240,16-Aug-24,Individual,1,Not Paid,16/08/2026,naveed,naveedagl-000240@gmail.com,Muhammad naveed,64974-5113995-1,Not-Found,Single,A+,1/1/1990,1,1,1,job,Pakistani,"Lahore,Pakistan",03061783974,03061783974,,,,No,,,Not-Found,General Fitness,1,,,,
220,AGL-000241,7-Sep-24,Individual,1,Not Paid,7/8/2026,faizan ameen,faizanameenagl-000241@gmail.com,Muhammad faizan ameen,91446-0018608-9,Not-Found,Single,A+,1/1/1990,1,1,1,job,Pakistani,"Lahore,Pakistan",03088626671,03088626671,,,,No,,,Not-Found,General Fitness,1,,,,
221,AGL-000242,16-Aug-24,Individual,1,Not Paid,16/08/2026,ammar ejaz,ammarejazagl-000242@gmail.com,Muhammad ammar ejaz,38515-0858557-7,Not-Found,Single,A+,1/1/1990,1,1,1,job,Pakistani,"Lahore,Pakistan",03201505839,03201505839,,,,No,,,Not-Found,General Fitness,1,,,,
222,AGL-000243,16-Aug-24,Individual,1,Not Paid,16/08/2026,wahaj butt,wahajbuttagl-000243@gmail.com,Muhammad wahaj butt,36744-9049841-9,Not-Found,Single,A+,1/1/1990,1,1,1,job,Pakistani,"Lahore,Pakistan",03211614814,03211614814,,,,No,,,Not-Found,General Fitness,1,,,,
223,AGL-000244,24-Oct-24,Individual,1,Not Paid,24/08/2026,m zia,mziaagl-000244@gmail.com,Muhammad m zia,26848-7268936-4,Not-Found,Single,A+,1/1/1990,1,1,1,job,Pakistani,"Lahore,Pakistan",03244500397,03244500397,,,,No,,,Not-Found,General Fitness,1,,,,
224,AGL-000183,3-Aug-24,Individual,1,Not Paid,3/8/2026,sahir akram,sahirakramagl-000183@gmail.com,Muhammad sahir akram,86581-5611012-6,Not-Found,Single,A+,1/1/1990,1,1,1,job,Pakistani,"Lahore,Pakistan",03345824452,03345824452,,,,No,,,Not-Found,General Fitness,1,,,,
225,AGL-000184,3-Aug-24,Individual,1,Not Paid,3/8/2026,m fahad,mfahadagl-000184@gmail.com,Muhammad m fahad,00494-7898471-5,Not-Found,Single,A+,1/1/1990,1,1,1,job,Pakistani,"Lahore,Pakistan",03044198735,03044198735,,,,No,,,Not-Found,General Fitness,1,,,,
226,AGL-000185,6-Sep-24,Individual,1,Not Paid,6/8/2026,m umaid,mumaidagl-000185@gmail.com,Muhammad m umaid,94041-1206750-4,Not-Found,Single,A+,1/1/1990,1,1,1,job,Pakistani,"Lahore,Pakistan",03255610034,03255610034,,,,No,,,Not-Found,General Fitness,1,,,,
227,AGL-000186,3-Aug-24,Individual,1,Not Paid,3/8/2026,moeez,moeezagl-000186@gmail.com,Muhammad moeez,73567-1143039-8,Not-Found,Single,A+,1/1/1990,1,1,1,job,Pakistani,"Lahore,Pakistan",03000000186,03000000186,,,,No,,,Not-Found,General Fitness,1,,,,
228,AGL-000187,15-Oct-24,Individual,1,Not Paid,15/08/2026,m abdullah butt,mabdullahbuttagl-000187@gmail.com,Muhammad m abdullah butt,15257-8812802-1,Not-Found,Single,A+,1/1/1990,1,1,1,job,Pakistani,"Lahore,Pakistan",03061085696,03061085696,,,,No,,,Not-Found,General Fitness,1,,,,
229,AGL-000188,3-Aug-24,Individual,1,Not Paid,3/8/2026,azhar,azharagl-000188@gmail.com,Muhammad azhar,86314-9102662-7,Not-Found,Single,A+,1/1/1990,1,1,1,job,Pakistani,"Lahore,Pakistan",03052328426,03052328426,,,,No,,,Not-Found,General Fitness,1,,,,
230,AGL-000189,3-Aug-24,Individual,1,Not Paid,3/8/2026,alia,aliaagl-000189@gmail.com,Muhammad alia,64437-1810612-8,Not-Found,Single,A+,1/1/1990,1,1,1,job,Pakistani,"Lahore,Pakistan",03041949036,03041949036,,,,No,,,Not-Found,General Fitness,1,,,,
231,AGL-000190,3-Aug-24,Individual,1,Not Paid,3/8/2026,aqas,aqasagl-000190@gmail.com,Muhammad aqas,53899-5736924-3,Not-Found,Single,A+,1/1/1990,1,1,1,job,Pakistani,"Lahore,Pakistan",03041949036,03041949036,,,,No,,,Not-Found,General Fitness,1,,,,
232,AGL-000191,3-Aug-24,Individual,1,Not Paid,3/8/2026,qndeel,qndeelagl-000191@gmail.com,Muhammad qndeel,42637-3292081-2,Not-Found,Single,A+,1/1/1990,1,1,1,job,Pakistani,"Lahore,Pakistan",03041949036,03041949036,,,,No,,,Not-Found,General Fitness,1,,,,
233,AGL-000192,18-Apr-26,Individual,1,Not Paid,18/08/2026,saqib,saqibagl-000192@gmail.com,Muhammad saqib,48638-8473366-4,Not-Found,Single,A+,1/1/1990,1,1,1,job,Pakistani,"Lahore,Pakistan",03214888923,03214888923,,,,No,,,Not-Found,General Fitness,1,,,,
234,AGL-000193,5-Aug-24,Individual,1,Not Paid,5/8/2026,muhammad umair,muhammadumairagl-000193@gmail.com,Muhammad muhammad umair,96393-2803030-0,Not-Found,Single,A+,1/1/1990,1,1,1,job,Pakistani,"Lahore,Pakistan",03062398352,03062398352,,,,No,,,Not-Found,General Fitness,1,,,,
235,AGL-000194,5-Aug-24,Individual,1,Not Paid,5/8/2026,abdullah bashir,abdullahbashiragl-000194@gmail.com,Muhammad abdullah bashir,36067-2341634-1,Not-Found,Single,A+,1/1/1990,1,1,1,job,Pakistani,"Lahore,Pakistan",03245148335,03245148335,,,,No,,,Not-Found,General Fitness,1,,,,
236,AGL-000195,5-Aug-24,Individual,1,Not Paid,5/8/2026,abdullah bashir,abdullahbashiragl-000195@gmail.com,Muhammad abdullah bashir,91314-1590067-5,Not-Found,Single,A+,1/1/1990,1,1,1,job,Pakistani,"Lahore,Pakistan",03245148335,03245148335,,,,No,,,Not-Found,General Fitness,1,,,,
237,AGL-000196,4-Oct-24,Individual,1,Not Paid,4/8/2026,shamila,shamilaagl-000196@gmail.com,Muhammad shamila,39430-3991786-8,Not-Found,Single,A+,1/1/1990,1,1,1,job,Pakistani,"Lahore,Pakistan",03000000196,03000000196,,,,No,,,Not-Found,General Fitness,1,,,,
238,AGL-000197,5-Aug-24,Individual,1,Not Paid,5/8/2026,mujasim ali,mujasimaliagl-000197@gmail.com,Muhammad mujasim ali,43963-4718788-7,Not-Found,Single,A+,1/1/1990,1,1,1,job,Pakistani,"Lahore,Pakistan",03040854192,03040854192,,,,No,,,Not-Found,General Fitness,1,,,,
239,AGL-000198,19-Jun-26,Individual,1,Not Paid,19/08/2026,abdur rehman,abdurrehmanagl-000198@gmail.com,Muhammad abdur rehman,31007-2452251-4,Not-Found,Single,A+,1/1/1990,1,1,1,job,Pakistani,"Lahore,Pakistan",03335616944,03335616944,,,,No,,,Not-Found,General Fitness,1,,,,
240,AGL-000199,5-Aug-24,Individual,1,Not Paid,5/8/2026,hashir khan,hashirkhanagl-000199@gmail.com,Muhammad hashir khan,55713-8720756-4,Not-Found,Single,A+,1/1/1990,1,1,1,job,Pakistani,"Lahore,Pakistan",03404428072,03404428072,,,,No,,,Not-Found,General Fitness,1,,,,
241,AGL-000200,9-Oct-25,Individual,1,Not Paid,9/8/2026,abdul qadir khan,abdulqadirkhanagl-000200@gmail.com,Muhammad abdul qadir khan,52590-6891742-7,Not-Found,Single,A+,1/1/1990,1,1,1,job,Pakistani,"Lahore,Pakistan",03018907090,03018907090,,,,No,,,Not-Found,General Fitness,1,,,,
242,AGL-000201,5-Aug-24,Individual,1,Not Paid,5/8/2026,suneel kumar,suneelkumaragl-000201@gmail.com,Muhammad suneel kumar,51914-6269552-2,Not-Found,Single,A+,1/1/1990,1,1,1,job,Pakistani,"Lahore,Pakistan",03352515700,03352515700,,,,No,,,Not-Found,General Fitness,1,,,,
243,AGL-000202,6-Aug-24,Individual,1,Not Paid,6/8/2026,hussain shah,hussainshahagl-000202@gmail.com,Muhammad hussain shah,83391-3139507-5,Not-Found,Single,A+,1/1/1990,1,1,1,job,Pakistani,"Lahore,Pakistan",03314369629,03314369629,,,,No,,,Not-Found,General Fitness,1,,,,
244,AGL-000203,6-Aug-24,Individual,1,Not Paid,6/8/2026,m. raheel arshad,m.raheelarshadagl-000203@gmail.com,Muhammad m. raheel arshad,77635-0877572-2,Not-Found,Single,A+,1/1/1990,1,1,1,job,Pakistani,"Lahore,Pakistan",03092019036,03092019036,,,,No,,,Not-Found,General Fitness,1,,,,
245,AGL-000245,16-Aug-24,Individual,1,Not Paid,16/08/2026,shayan,shayanagl-000245@gmail.com,Muhammad shayan,17023-1417049-0,Not-Found,Single,A+,1/1/1990,1,1,1,job,Pakistani,"Lahore,Pakistan",03164712197,03164712197,,,,No,,,Not-Found,General Fitness,1,,,,
246,AGL-000246,31-Jul-25,Individual,1,Not Paid,31/08/2026,zain mugal,zainmugalagl-000246@gmail.com,Muhammad zain mugal,18286-4187377-0,Not-Found,Single,A+,1/1/1990,1,1,1,job,Pakistani,"Lahore,Pakistan",03090087711,03090087711,,,,No,,,Not-Found,General Fitness,1,,,,
247,AGL-000247,16-Aug-24,Individual,1,Not Paid,16/08/2026,umer bhatti,umerbhattiagl-000247@gmail.com,Muhammad umer bhatti,58624-7523579-1,Not-Found,Single,A+,1/1/1990,1,1,1,job,Pakistani,"Lahore,Pakistan",03254458051,03254458051,,,,No,,,Not-Found,General Fitness,1,,,,
248,AGL-000248,7-Oct-24,Individual,1,Not Paid,7/8/2026,m. azhar,m.azharagl-000248@gmail.com,Muhammad m. azhar,03069-2432953-0,Not-Found,Single,A+,1/1/1990,1,1,1,job,Pakistani,"Lahore,Pakistan",03234851450,03234851450,,,,No,,,Not-Found,General Fitness,1,,,,
249,AGL-000249,7-May-25,Individual,1,Not Paid,7/8/2026,rana salman,ranasalmanagl-000249@gmail.com,Muhammad rana salman,34455-4753009-8,Not-Found,Single,A+,1/1/1990,1,1,1,job,Pakistani,"Lahore,Pakistan",03233344442,03233344442,,,,No,,,Not-Found,General Fitness,1,,,,
250,AGL-000250,16-Aug-24,Individual,1,Not Paid,16/08/2026,jawad ur rehman,jawadurrehmanagl-000250@gmail.com,Muhammad jawad ur rehman,61063-7168281-5,Not-Found,Single,A+,1/1/1990,1,1,1,job,Pakistani,"Lahore,Pakistan",03314534599,03314534599,,,,No,,,Not-Found,General Fitness,1,,,,
251,AGL-000251,16-Aug-24,Individual,1,Not Paid,16/08/2026,fahad sajid,fahadsajidagl-000251@gmail.com,Muhammad fahad sajid,02049-2319843-3,Not-Found,Single,A+,1/1/1990,1,1,1,job,Pakistani,"Lahore,Pakistan",03095235693,03095235693,,,,No,,,Not-Found,General Fitness,1,,,,
252,AGL-000252,29-Aug-24,Individual,1,Not Paid,29/08/2026,abdullah dawood,abdullahdawoodagl-000252@gmail.com,Muhammad abdullah dawood,53683-7430782-1,Not-Found,Single,A+,1/1/1990,1,1,1,job,Pakistani,"Lahore,Pakistan",03045157515,03045157515,,,,No,,,Not-Found,General Fitness,1,,,,
253,AGL-000253,27-Aug-24,Individual,1,Not Paid,27/08/2026,abdullah ghurki,abdullahghurkiagl-000253@gmail.com,Muhammad abdullah ghurki,87171-0137038-0,Not-Found,Single,A+,1/1/1990,1,1,1,job,Pakistani,"Lahore,Pakistan",03267505707,03267505707,,,,No,,,Not-Found,General Fitness,1,,,,
254,AGL-000254,16-Aug-24,Individual,1,Not Paid,16/08/2026,muzamil prince,muzamilprinceagl-000254@gmail.com,Muhammad muzamil prince,43130-8262169-1,Not-Found,Single,A+,1/1/1990,1,1,1,job,Pakistani,"Lahore,Pakistan",03094562851,03094562851,,,,No,,,Not-Found,General Fitness,1,,,,
255,AGL-000255,6-Apr-26,Individual,1,Not Paid,6/8/2026,hassan bhatti,hassanbhattiagl-000255@gmail.com,Muhammad hassan bhatti,51364-7902309-4,Not-Found,Single,A+,1/1/1990,1,1,1,job,Pakistani,"Lahore,Pakistan",03274050070,03274050070,,,,No,,,Not-Found,General Fitness,1,,,,
256,AGL-000256,6-Apr-26,Individual,1,Not Paid,6/8/2026,fahad shaikh,fahadshaikhagl-000256@gmail.com,Muhammad fahad shaikh,98294-2618296-9,Not-Found,Single,A+,1/1/1990,1,1,1,job,Pakistani,"Lahore,Pakistan",03004260872,03004260872,,,,No,,,Not-Found,General Fitness,1,,,,
257,AGL-000257,27-Aug-25,Individual,1,Not Paid,27/08/2026,abdullah zafar,abdullahzafaragl-000257@gmail.com,Muhammad abdullah zafar,35861-7315100-1,Not-Found,Single,A+,1/1/1990,1,1,1,job,Pakistani,"Lahore,Pakistan",03238199991,03238199991,,,,No,,,Not-Found,General Fitness,1,,,,
258,AGL-000258,24-Sep-24,Individual,1,Not Paid,24/08/2026,moiz imran,moizimranagl-000258@gmail.com,Muhammad moiz imran,07250-6899085-8,Not-Found,Single,A+,1/1/1990,1,1,1,job,Pakistani,"Lahore,Pakistan",03206876045,03206876045,,,,No,,,Not-Found,General Fitness,1,,,,
259,AGL-000259,17-Aug-24,Individual,1,Not Paid,17/08/2026,shehryar akbar,shehryarakbaragl-000259@gmail.com,Muhammad shehryar akbar,54381-8840723-5,Not-Found,Single,A+,1/1/1990,1,1,1,job,Pakistani,"Lahore,Pakistan",03017506821,03017506821,,,,No,,,Not-Found,General Fitness,1,,,,
260,AGL-000260,17-Aug-24,Individual,1,Not Paid,17/08/2026,abid,abidagl-000260@gmail.com,Muhammad abid,15127-7764835-4,Not-Found,Single,A+,1/1/1990,1,1,1,job,Pakistani,"Lahore,Pakistan",03394017757,03394017757,,,,No,,,Not-Found,General Fitness,1,,,,
261,AGL-000261,7-Oct-24,Individual,1,Not Paid,7/8/2026,nadeem,nadeemagl-000261@gmail.com,Muhammad nadeem,98331-9196265-5,Not-Found,Single,A+,1/1/1990,1,1,1,job,Pakistani,"Lahore,Pakistan",03030013313,03030013313,,,,No,,,Not-Found,General Fitness,1,,,,
262,AGL-000262,8-Oct-24,Individual,1,Not Paid,8/8/2026,abubakar,abubakaragl-000262@gmail.com,Muhammad abubakar,41987-9391777-9,Not-Found,Single,A+,1/1/1990,1,1,1,job,Pakistani,"Lahore,Pakistan",03107271152,03107271152,,,,No,,,Not-Found,General Fitness,1,,,,
263,AGL-000263,28-Oct-25,Individual,1,Not Paid,28/08/2026,syed faizan,syedfaizanagl-000263@gmail.com,Muhammad syed faizan,53177-1300434-7,Not-Found,Single,A+,1/1/1990,1,1,1,job,Pakistani,"Lahore,Pakistan",03319662825,03319662825,,,,No,,,Not-Found,General Fitness,1,,,,
264,AGL-000264,20-Aug-24,Individual,1,Not Paid,20/08/2026,syed m. deebaj,syedm.deebajagl-000264@gmail.com,Muhammad syed m. deebaj,05211-8300622-2,Not-Found,Single,A+,1/1/1990,1,1,1,job,Pakistani,"Lahore,Pakistan",03260368503,03260368503,,,,No,,,Not-Found,General Fitness,1,,,,
265,AGL-000265,20-Aug-24,Individual,1,Not Paid,20/08/2026,zamaran,zamaranagl-000265@gmail.com,Muhammad zamaran,49650-6864994-9,Not-Found,Single,A+,1/1/1990,1,1,1,job,Pakistani,"Lahore,Pakistan",03099869805,03099869805,,,,No,,,Not-Found,General Fitness,1,,,,
266,AGL-000266,19-Sep-24,Individual,1,Not Paid,19/08/2026,waqas arif,waqasarifagl-000266@gmail.com,Muhammad waqas arif,13378-9508722-5,Not-Found,Single,A+,1/1/1990,1,1,1,job,Pakistani,"Lahore,Pakistan",03174861906,03174861906,,,,No,,,Not-Found,General Fitness,1,,,,
267,AGL-000267,7-Jan-26,Individual,1,Not Paid,7/8/2026,naqash,naqashagl-000267@gmail.com,Muhammad naqash,55519-9612016-0,Not-Found,Single,A+,1/1/1990,1,1,1,job,Pakistani,"Lahore,Pakistan",03095549599,03095549599,,,,No,,,Not-Found,General Fitness,1,,,,
268,AGL-000268,20-Aug-24,Individual,1,Not Paid,20/08/2026,usaman kamil,usamankamilagl-000268@gmail.com,Muhammad usaman kamil,10517-0864707-3,Not-Found,Single,A+,1/1/1990,1,1,1,job,Pakistani,"Lahore,Pakistan",03464641298,03464641298,,,,No,,,Not-Found,General Fitness,1,,,,
269,AGL-000269,24-Jul-25,Individual,1,Not Paid,24/08/2026,shahzaib ali,shahzaibaliagl-000269@gmail.com,Muhammad shahzaib ali,83775-4412519-9,Not-Found,Single,A+,1/1/1990,1,1,1,job,Pakistani,"Lahore,Pakistan",03274983162,03274983162,,,,No,,,Not-Found,General Fitness,1,,,,
270,AGL-000270,20-Aug-24,Individual,1,Not Paid,20/08/2026,faraz anees,farazaneesagl-000270@gmail.com,Muhammad faraz anees,84515-6049748-4,Not-Found,Single,A+,1/1/1990,1,1,1,job,Pakistani,"Lahore,Pakistan",03018420178,03018420178,,,,No,,,Not-Found,General Fitness,1,,,,
271,AGL-000271,20-Aug-24,Individual,1,Not Paid,20/08/2026,yasir khan,yasirkhanagl-000271@gmail.com,Muhammad yasir khan,23093-4409898-3,Not-Found,Single,A+,1/1/1990,1,1,1,job,Pakistani,"Lahore,Pakistan",03482585817,03482585817,,,,No,,,Not-Found,General Fitness,1,,,,
272,AGL-000272,7-Feb-25,Individual,1,Not Paid,7/8/2026,aqash,aqashagl-000272@gmail.com,Muhammad aqash,95164-9723353-8,Not-Found,Single,A+,1/1/1990,1,1,1,job,Pakistani,"Lahore,Pakistan",03288128136,03288128136,,,,No,,,Not-Found,General Fitness,1,,,,
273,AGL-000273,7-Feb-25,Individual,1,Not Paid,7/8/2026,imran shahid,imranshahidagl-000273@gmail.com,Muhammad imran shahid,62317-1764943-1,Not-Found,Single,A+,1/1/1990,1,1,1,job,Pakistani,"Lahore,Pakistan",03244009771,03244009771,,,,No,,,Not-Found,General Fitness,1,,,,
274,AGL-000274,15-Jan-25,Individual,1,Not Paid,15/08/2026,hamza awan,hamzaawanagl-000274@gmail.com,Muhammad hamza awan,81246-3273746-7,Not-Found,Single,A+,1/1/1990,1,1,1,job,Pakistani,"Lahore,Pakistan",03184245231,03184245231,,,,No,,,Not-Found,General Fitness,1,,,,
275,AGL-000275,21-Aug-24,Individual,1,Not Paid,21/08/2026,Ali Abdullah,aliabdullahagl-000275@gmail.com,Muhammad Ali Abdullah,01208-9415518-8,Not-Found,Single,A+,1/1/1990,1,1,1,job,Pakistani,"Lahore,Pakistan",03000000275,03000000275,,,,No,,,Not-Found,General Fitness,1,,,,
276,AGL-000276,21-Aug-24,Individual,1,Not Paid,21/08/2026,zarina,zarinaagl-000276@gmail.com,Muhammad zarina,88685-6498671-3,Not-Found,Single,A+,1/1/1990,1,1,1,job,Pakistani,"Lahore,Pakistan",03024388311,03024388311,,,,No,,,Not-Found,General Fitness,1,,,,
277,AGL-000277,23-Feb-26,Individual,1,Not Paid,23/08/2026,sarmad rizwan,sarmadrizwanagl-000277@gmail.com,Muhammad sarmad rizwan,03559-4613241-2,Not-Found,Single,A+,1/1/1990,1,1,1,job,Pakistani,"Lahore,Pakistan",03056888811,03056888811,,,,No,,,Not-Found,General Fitness,1,,,,
278,AGL-000278,23-Oct-24,Individual,1,Not Paid,23/08/2026,vishal,vishalagl-000278@gmail.com,Muhammad vishal,12687-3182360-3,Not-Found,Single,A+,1/1/1990,1,1,1,job,Pakistani,"Lahore,Pakistan",03115825419,03115825419,,,,No,,,Not-Found,General Fitness,1,,,,
279,AGL-000279,31-Oct-24,Individual,1,Not Paid,31/08/2026,daim shoaib,daimshoaibagl-000279@gmail.com,Muhammad daim shoaib,60348-6188106-4,Not-Found,Single,A+,1/1/1990,1,1,1,job,Pakistani,"Lahore,Pakistan",03494604756,03494604756,,,,No,,,Not-Found,General Fitness,1,,,,
280,AGL-000280,4-Feb-25,Individual,1,Not Paid,4/8/2026,shahid fazal,shahidfazalagl-000280@gmail.com,Muhammad shahid fazal,54341-8994054-0,Not-Found,Single,A+,1/1/1990,1,1,1,job,Pakistani,"Lahore,Pakistan",03000000280,03000000280,,,,No,,,Not-Found,General Fitness,1,,,,
281,AGL-000281,23-Sep-24,Individual,1,Not Paid,23/08/2026,yashwa,yashwaagl-000281@gmail.com,Muhammad yashwa,32350-5478142-1,Not-Found,Single,A+,1/1/1990,1,1,1,job,Pakistani,"Lahore,Pakistan",03297757060,03297757060,,,,No,,,Not-Found,General Fitness,1,,,,
282,AGL-000282,22-Aug-24,Individual,1,Not Paid,22/08/2026,m. shehzad,m.shehzadagl-000282@gmail.com,Muhammad m. shehzad,44962-8538194-0,Not-Found,Single,A+,1/1/1990,1,1,1,job,Pakistani,"Lahore,Pakistan",03035883926,03035883926,,,,No,,,Not-Found,General Fitness,1,,,,
283,AGL-000283,27-Jun-25,Individual,1,Not Paid,27/08/2026,adnan,adnanagl-000283@gmail.com,Muhammad adnan,27391-1995426-3,Not-Found,Single,A+,1/1/1990,1,1,1,job,Pakistani,"Lahore,Pakistan",03360076561,03360076561,,,,No,,,Not-Found,General Fitness,1,,,,
284,AGL-000284,19-Jun-25,Individual,1,Not Paid,19/08/2026,ibrahim khan,ibrahimkhanagl-000284@gmail.com,Muhammad ibrahim khan,91766-1513950-5,Not-Found,Single,A+,1/1/1990,1,1,1,job,Pakistani,"Lahore,Pakistan",03060453515,03060453515,,,,No,,,Not-Found,General Fitness,1,,,,
285,AGL-000285,20-Jun-26,Individual,1,Not Paid,20/08/2026,nadir,nadiragl-000285@gmail.com,Muhammad nadir,10956-7538469-8,Not-Found,Single,A+,1/1/1990,1,1,1,job,Pakistani,"Lahore,Pakistan",03044784580,03044784580,,,,No,,,Not-Found,General Fitness,1,,,,
286,AGL-000286,31-Mar-26,Individual,1,Not Paid,31/08/2026,shah g,shahgagl-000286@gmail.com,Muhammad shah g,71368-7068946-0,Not-Found,Single,A+,1/1/1990,1,1,1,job,Pakistani,"Lahore,Pakistan",03233300300,03233300300,,,,No,,,Not-Found,General Fitness,1,,,,
287,AGL-000287,23-Aug-24,Individual,1,Not Paid,23/08/2026,naeem aqash,naeemaqashagl-000287@gmail.com,Muhammad naeem aqash,74287-1001129-3,Not-Found,Single,A+,1/1/1990,1,1,1,job,Pakistani,"Lahore,Pakistan",03046366826,03046366826,,,,No,,,Not-Found,General Fitness,1,,,,
288,AGL-000288,31-Oct-24,Individual,1,Not Paid,31/08/2026,m . haroon,m.haroonagl-000288@gmail.com,Muhammad m . haroon,51977-7786477-2,Not-Found,Single,A+,1/1/1990,1,1,1,job,Pakistani,"Lahore,Pakistan",03331038975,03331038975,,,,No,,,Not-Found,General Fitness,1,,,,
289,AGL-000289,25-Sep-24,Individual,1,Not Paid,25/08/2026,ubaid ullah,ubaidullahagl-000289@gmail.com,Muhammad ubaid ullah,60479-0412046-2,Not-Found,Single,A+,1/1/1990,1,1,1,job,Pakistani,"Lahore,Pakistan",03364333757,03364333757,,,,No,,,Not-Found,General Fitness,1,,,,
290,AGL-000290,25-Nov-24,Individual,1,Not Paid,25/08/2026,saim khan,saimkhanagl-000290@gmail.com,Muhammad saim khan,20351-2579088-7,Not-Found,Single,A+,1/1/1990,1,1,1,job,Pakistani,"Lahore,Pakistan",03019493072,03019493072,,,,No,,,Not-Found,General Fitness,1,,,,
291,AGL-000291,24-Aug-24,Individual,1,Not Paid,24/08/2026,abu bakar butt,abubakarbuttagl-000291@gmail.com,Muhammad abu bakar butt,07473-3243511-9,Not-Found,Single,A+,1/1/1990,1,1,1,job,Pakistani,"Lahore,Pakistan",03174690721,03174690721,,,,No,,,Not-Found,General Fitness,1,,,,
292,AGL-000292,21-Jul-25,Individual,1,Not Paid,21/08/2026,jansher khan,jansherkhanagl-000292@gmail.com,Muhammad jansher khan,58705-2894455-7,Not-Found,Single,A+,1/1/1990,1,1,1,job,Pakistani,"Lahore,Pakistan",03004289777,03004289777,,,,No,,,Not-Found,General Fitness,1,,,,
293,AGL-000293,27-Sep-24,Individual,1,Not Paid,27/08/2026,m kamran,mkamranagl-000293@gmail.com,Muhammad m kamran,12950-1535632-2,Not-Found,Single,A+,1/1/1990,1,1,1,job,Pakistani,"Lahore,Pakistan",03234645274,03234645274,,,,No,,,Not-Found,General Fitness,1,,,,
294,AGL-000294,21-Oct-25,Individual,1,Not Paid,21/08/2026,zafar khan,zafarkhanagl-000294@gmail.com,Muhammad zafar khan,27164-6863610-0,Not-Found,Single,A+,1/1/1990,1,1,1,job,Pakistani,"Lahore,Pakistan",03162393223,03162393223,,,,No,,,Not-Found,General Fitness,1,,,,
295,AGL-000295,1-Oct-24,Individual,1,Not Paid,1/8/2026,abubakar kaim,abubakarkaimagl-000295@gmail.com,Muhammad abubakar kaim,82951-7998688-5,Not-Found,Single,A+,1/1/1990,1,1,1,job,Pakistani,"Lahore,Pakistan",03126518518,03126518518,,,,No,,,Not-Found,General Fitness,1,,,,
296,AGL-000296,26-Aug-24,Individual,1,Not Paid,26/08/2026,hafiz shehzad,hafizshehzadagl-000296@gmail.com,Muhammad hafiz shehzad,96701-0521949-3,Not-Found,Single,A+,1/1/1990,1,1,1,job,Pakistani,"Lahore,Pakistan",03026912410,03026912410,,,,No,,,Not-Found,General Fitness,1,,,,
297,AGL-000297,1-Oct-24,Individual,1,Not Paid,1/8/2026,abdul haseeb,abdulhaseebagl-000297@gmail.com,Muhammad abdul haseeb,82828-9223968-5,Not-Found,Single,A+,1/1/1990,1,1,1,job,Pakistani,"Lahore,Pakistan",03030036355,03030036355,,,,No,,,Not-Found,General Fitness,1,,,,
298,AGL-000298,27-Sep-24,Individual,1,Not Paid,27/08/2026,danish,danishagl-000298@gmail.com,Muhammad danish,83941-4352450-9,Not-Found,Single,A+,1/1/1990,1,1,1,job,Pakistani,"Lahore,Pakistan",03554281811,03554281811,,,,No,,,Not-Found,General Fitness,1,,,,
299,AGL-000299,28-Aug-24,Individual,1,Not Paid,28/08/2026,muhammad abdul rehman,muhammadabdulrehmanagl-000299@gmail.com,Muhammad muhammad abdul rehman,56028-7852082-7,Not-Found,Single,A+,1/1/1990,1,1,1,job,Pakistani,"Lahore,Pakistan",03324515348,03324515348,,,,No,,,Not-Found,General Fitness,1,,,,
300,AGL-000300,28-Aug-24,Individual,1,Not Paid,28/08/2026,rasik ali,rasikaliagl-000300@gmail.com,Muhammad rasik ali,84973-4395914-0,Not-Found,Single,A+,1/1/1990,1,1,1,job,Pakistani,"Lahore,Pakistan",03091542551,03091542551,,,,No,,,Not-Found,General Fitness,1,,,,
301,AGL-000301,28-Aug-24,Individual,1,Not Paid,28/08/2026,heaven,heavenagl-000301@gmail.com,Muhammad heaven,09010-7150306-3,Not-Found,Single,A+,1/1/1990,1,1,1,job,Pakistani,"Lahore,Pakistan",03054102207,03054102207,,,,No,,,Not-Found,General Fitness,1,,,,
302,AGL-000302,28-Aug-24,Individual,1,Not Paid,28/08/2026,sana,sanaagl-000302@gmail.com,Muhammad sana,97287-7650490-3,Not-Found,Single,A+,1/1/1990,1,1,1,job,Pakistani,"Lahore,Pakistan",03264816699,03264816699,,,,No,,,Not-Found,General Fitness,1,,,,
303,AGL-000303,28-Aug-24,Individual,1,Not Paid,28/08/2026,salman saleem,salmansaleemagl-000303@gmail.com,Muhammad salman saleem,55319-4760263-6,Not-Found,Single,A+,1/1/1990,1,1,1,job,Pakistani,"Lahore,Pakistan",03004902101,03004902101,,,,No,,,Not-Found,General Fitness,1,,,,
304,AGL-000304,22-Jun-26,Individual,1,Not Paid,22/08/2026,m jawad,mjawadagl-000304@gmail.com,Muhammad m jawad,31598-9132312-5,Not-Found,Single,A+,1/1/1990,1,1,1,job,Pakistani,"Lahore,Pakistan",03234638560,03234638560,,,,No,,,Not-Found,General Fitness,1,,,,
305,AGL-000305,12-Dec-25,Individual,1,Not Paid,12/8/2026,ali moazzan,alimoazzanagl-000305@gmail.com,Muhammad ali moazzan,52920-4476211-7,Not-Found,Single,A+,1/1/1990,1,1,1,job,Pakistani,"Lahore,Pakistan",03008104997,03008104997,,,,No,,,Not-Found,General Fitness,1,,,,
306,AGL-000306,7-Nov-24,Individual,1,Not Paid,7/8/2026,ammar saleem,ammarsaleemagl-000306@gmail.com,Muhammad ammar saleem,05497-8988212-3,Not-Found,Single,A+,1/1/1990,1,1,1,job,Pakistani,"Lahore,Pakistan",03137777784,03137777784,,,,No,,,Not-Found,General Fitness,1,,,,
307,AGL-000307,24-Sep-25,Individual,1,Not Paid,24/08/2026,ahtsham khokhar,ahtshamkhokharagl-000307@gmail.com,Muhammad ahtsham khokhar,81729-0040274-2,Not-Found,Single,A+,1/1/1990,1,1,1,job,Pakistani,"Lahore,Pakistan",03026484607,03026484607,,,,No,,,Not-Found,General Fitness,1,,,,
308,AGL-000308,4-May-26,Individual,1,Not Paid,4/8/2026,zahid khan,zahidkhanagl-000308@gmail.com,Muhammad zahid khan,92899-3692781-7,Not-Found,Single,A+,1/1/1990,1,1,1,job,Pakistani,"Lahore,Pakistan",03015922115,03015922115,,,,No,,,Not-Found,General Fitness,1,,,,
309,AGL-000309,6-Nov-24,Individual,1,Not Paid,6/8/2026,mohsin,mohsinagl-000309@gmail.com,Muhammad mohsin,14534-3588995-5,Not-Found,Single,A+,1/1/1990,1,1,1,job,Pakistani,"Lahore,Pakistan",03144127769,03144127769,,,,No,,,Not-Found,General Fitness,1,,,,
310,AGL-000310,8-Oct-24,Individual,1,Not Paid,8/8/2026,arslan,arslanagl-000310@gmail.com,Muhammad arslan,33559-7539297-9,Not-Found,Single,A+,1/1/1990,1,1,1,job,Pakistani,"Lahore,Pakistan",03005103704,03005103704,,,,No,,,Not-Found,General Fitness,1,,,,
311,AGL-000311,8-Oct-24,Individual,1,Not Paid,8/8/2026,ijaz ahmed,ijazahmedagl-000311@gmail.com,Muhammad ijaz ahmed,76200-3568407-5,Not-Found,Single,A+,1/1/1990,1,1,1,job,Pakistani,"Lahore,Pakistan",03018242631,03018242631,,,,No,,,Not-Found,General Fitness,1,,,,
312,AGL-000312,2-Sep-24,Individual,1,Not Paid,2/8/2026,danish jorge,danishjorgeagl-000312@gmail.com,Muhammad danish jorge,60761-7295604-1,Not-Found,Single,A+,1/1/1990,1,1,1,job,Pakistani,"Lahore,Pakistan",03019789404,03019789404,,,,No,,,Not-Found,General Fitness,1,,,,
313,AGL-000313,3-Sep-24,Individual,1,Not Paid,3/8/2026,M BILAL COACH,mbilalcoachagl-000313@gmail.com,Muhammad M BILAL COACH,79160-4523948-2,Not-Found,Single,A+,1/1/1990,1,1,1,job,Pakistani,"Lahore,Pakistan",03082515360,03082515360,,,,No,,,Not-Found,General Fitness,1,,,,
314,AGL-000314,3-Sep-24,Individual,1,Not Paid,3/8/2026,m. qaisar aziz,m.qaisarazizagl-000314@gmail.com,Muhammad m. qaisar aziz,05703-4603630-9,Not-Found,Single,A+,1/1/1990,1,1,1,job,Pakistani,"Lahore,Pakistan",03000843602,03000843602,,,,No,,,Not-Found,General Fitness,1,,,,
315,AGL-000315,3-Sep-24,Individual,1,Not Paid,3/8/2026,raza ali,razaaliagl-000315@gmail.com,Muhammad raza ali,68802-2203849-7,Not-Found,Single,A+,1/1/1990,1,1,1,job,Pakistani,"Lahore,Pakistan",03144888668,03144888668,,,,No,,,Not-Found,General Fitness,1,,,,
316,AGL-000316,3-Sep-24,Individual,1,Not Paid,3/8/2026,husnain agha,husnainaghaagl-000316@gmail.com,Muhammad husnain agha,11824-9243074-9,Not-Found,Single,A+,1/1/1990,1,1,1,job,Pakistani,"Lahore,Pakistan",03014448423,03014448423,,,,No,,,Not-Found,General Fitness,1,,,,
317,AGL-000317,3-Sep-24,Individual,1,Not Paid,3/8/2026,alamgir khan,alamgirkhanagl-000317@gmail.com,Muhammad alamgir khan,22813-9316030-7,Not-Found,Single,A+,1/1/1990,1,1,1,job,Pakistani,"Lahore,Pakistan",03415818189,03415818189,,,,No,,,Not-Found,General Fitness,1,,,,
318,AGL-000318,22-Nov-24,Individual,1,Not Paid,22/08/2026,haroon javad,haroonjavadagl-000318@gmail.com,Muhammad haroon javad,22609-3117841-1,Not-Found,Single,A+,1/1/1990,1,1,1,job,Pakistani,"Lahore,Pakistan",03110739928,03110739928,,,,No,,,Not-Found,General Fitness,1,,,,
319,AGL-000319,17-Oct-24,Individual,1,Not Paid,17/08/2026,ali haidar,alihaidaragl-000319@gmail.com,Muhammad ali haidar,27654-4834418-6,Not-Found,Single,A+,1/1/1990,1,1,1,job,Pakistani,"Lahore,Pakistan",03446566994,03446566994,,,,No,,,Not-Found,General Fitness,1,,,,
320,AGL-000320,9-Oct-24,Individual,1,Not Paid,9/8/2026,talha,talhaagl-000320@gmail.com,Muhammad talha,24926-1173563-1,Not-Found,Single,A+,1/1/1990,1,1,1,job,Pakistani,"Lahore,Pakistan",03446566994,03446566994,,,,No,,,Not-Found,General Fitness,1,,,,
321,AGL-000321,9-Oct-24,Individual,1,Not Paid,9/8/2026,m. afaaf,m.afaafagl-000321@gmail.com,Muhammad m. afaaf,47368-8170804-7,Not-Found,Single,A+,1/1/1990,1,1,1,job,Pakistani,"Lahore,Pakistan",03104713269,03104713269,,,,No,,,Not-Found,General Fitness,1,,,,
322,AGL-000322,5-Sep-24,Individual,1,Not Paid,5/8/2026,nazaqat ali,nazaqataliagl-000322@gmail.com,Muhammad nazaqat ali,81845-1243468-4,Not-Found,Single,A+,1/1/1990,1,1,1,job,Pakistani,"Lahore,Pakistan",03434318196,03434318196,,,,No,,,Not-Found,General Fitness,1,,,,
323,AGL-000323,17-Jun-25,Individual,1,Not Paid,17/08/2026,azam iqbal,azamiqbalagl-000323@gmail.com,Muhammad azam iqbal,47073-6945473-3,Not-Found,Single,A+,1/1/1990,1,1,1,job,Pakistani,"Lahore,Pakistan",03014846070,03014846070,,,,No,,,Not-Found,General Fitness,1,,,,
324,AGL-000324,5-Sep-24,Individual,1,Not Paid,5/8/2026,usaman,usamanagl-000324@gmail.com,Muhammad usaman,86244-5837656-1,Not-Found,Single,A+,1/1/1990,1,1,1,job,Pakistani,"Lahore,Pakistan",03114924870,03114924870,,,,No,,,Not-Found,General Fitness,1,,,,
325,AGL-000325,7-Oct-24,Individual,1,Not Paid,7/8/2026,m. shoaib,m.shoaibagl-000325@gmail.com,Muhammad m. shoaib,96173-9160224-2,Not-Found,Single,A+,1/1/1990,1,1,1,job,Pakistani,"Lahore,Pakistan",03438058002,03438058002,,,,No,,,Not-Found,General Fitness,1,,,,
326,AGL-000326,5-Sep-24,Individual,1,Not Paid,5/8/2026,m. afaaf,m.afaafagl-000326@gmail.com,Muhammad m. afaaf,78914-8742512-5,Not-Found,Single,A+,1/1/1990,1,1,1,job,Pakistani,"Lahore,Pakistan",03104713265,03104713265,,,,No,,,Not-Found,General Fitness,1,,,,
327,AGL-000327,5-Sep-24,Individual,1,Not Paid,5/8/2026,ali abdullah,aliabdullahagl-000327@gmail.com,Muhammad ali abdullah,66522-4719353-5,Not-Found,Single,A+,1/1/1990,1,1,1,job,Pakistani,"Lahore,Pakistan",03076625662,03076625662,,,,No,,,Not-Found,General Fitness,1,,,,
328,AGL-000349,6-Nov-24,Individual,1,Not Paid,6/8/2026,imran,imranagl-000349@gmail.com,Muhammad imran,39559-6016209-3,Not-Found,Single,A+,1/1/1990,1,1,1,job,Pakistani,"Lahore,Pakistan",03404240733,03404240733,,,,No,,,Not-Found,General Fitness,1,,,,
329,AGL-000350,10-Sep-24,Individual,1,Not Paid,10/8/2026,hammad,hammadagl-000350@gmail.com,Muhammad hammad,36938-5389065-5,Not-Found,Single,A+,1/1/1990,1,1,1,job,Pakistani,"Lahore,Pakistan",03000000350,03000000350,,,,No,,,Not-Found,General Fitness,1,,,,
330,AGL-000351,10-Sep-24,Individual,1,Not Paid,10/8/2026,hammad,hammadagl-000351@gmail.com,Muhammad hammad,05951-0379861-9,Not-Found,Single,A+,1/1/1990,1,1,1,job,Pakistani,"Lahore,Pakistan",03004295829,03004295829,,,,No,,,Not-Found,General Fitness,1,,,,
331,AGL-000352,12-Oct-24,Individual,1,Not Paid,12/8/2026,haidar,haidaragl-000352@gmail.com,Muhammad haidar,86557-8673824-3,Not-Found,Single,A+,1/1/1990,1,1,1,job,Pakistani,"Lahore,Pakistan",03249847177,03249847177,,,,No,,,Not-Found,General Fitness,1,,,,
332,AGL-000353,10-Sep-24,Individual,1,Not Paid,10/8/2026,sohaib,sohaibagl-000353@gmail.com,Muhammad sohaib,13593-7760534-2,Not-Found,Single,A+,1/1/1990,1,1,1,job,Pakistani,"Lahore,Pakistan",03020476744,03020476744,,,,No,,,Not-Found,General Fitness,1,,,,
333,AGL-000354,13-Jun-25,Individual,1,Not Paid,13/08/2026,ali khan,alikhanagl-000354@gmail.com,Muhammad ali khan,84889-2922670-2,Not-Found,Single,A+,1/1/1990,1,1,1,job,Pakistani,"Lahore,Pakistan",03094711438,03094711438,,,,No,,,Not-Found,General Fitness,1,,,,
334,AGL-000355,17-Oct-24,Individual,1,Not Paid,17/08/2026,aroos,aroosagl-000355@gmail.com,Muhammad aroos,38373-5794016-3,Not-Found,Single,A+,1/1/1990,1,1,1,job,Pakistani,"Lahore,Pakistan",03004201229,03004201229,,,,No,,,Not-Found,General Fitness,1,,,,
335,AGL-000356,17-Oct-24,Individual,1,Not Paid,17/08/2026,mukrama,mukramaagl-000356@gmail.com,Muhammad mukrama,70258-8861312-1,Not-Found,Single,A+,1/1/1990,1,1,1,job,Pakistani,"Lahore,Pakistan",03004201229,03004201229,,,,No,,,Not-Found,General Fitness,1,,,,
336,AGL-000357,11-Jan-25,Individual,1,Not Paid,11/8/2026,arfan,arfanagl-000357@gmail.com,Muhammad arfan,90956-8080513-8,Not-Found,Single,A+,1/1/1990,1,1,1,job,Pakistani,"Lahore,Pakistan",03004201229,03004201229,,,,No,,,Not-Found,General Fitness,1,,,,
337,AGL-000358,11-Sep-24,Individual,1,Not Paid,11/8/2026,faheem,faheemagl-000358@gmail.com,Muhammad faheem,98788-3526770-2,Not-Found,Single,A+,1/1/1990,1,1,1,job,Pakistani,"Lahore,Pakistan",03004201229,03004201229,,,,No,,,Not-Found,General Fitness,1,,,,
338,AGL-000359,11-Sep-24,Individual,1,Not Paid,11/8/2026,talha,talhaagl-000359@gmail.com,Muhammad talha,61064-8614685-5,Not-Found,Single,A+,1/1/1990,1,1,1,job,Pakistani,"Lahore,Pakistan",03217983615,03217983615,,,,No,,,Not-Found,General Fitness,1,,,,
339,AGL-000360,11-Sep-24,Individual,1,Not Paid,11/8/2026,ahsan,ahsanagl-000360@gmail.com,Muhammad ahsan,87799-8055280-0,Not-Found,Single,A+,1/1/1990,1,1,1,job,Pakistani,"Lahore,Pakistan",03134283830,03134283830,,,,No,,,Not-Found,General Fitness,1,,,,
340,AGL-000361,11-Sep-24,Individual,1,Not Paid,11/8/2026,haidar,haidaragl-000361@gmail.com,Muhammad haidar,67392-4653588-2,Not-Found,Single,A+,1/1/1990,1,1,1,job,Pakistani,"Lahore,Pakistan",03249847177,03249847177,,,,No,,,Not-Found,General Fitness,1,,,,
341,AGL-000362,11-Sep-24,Individual,1,Not Paid,11/8/2026,haidar,haidaragl-000362@gmail.com,Muhammad haidar,91841-0767648-2,Not-Found,Single,A+,1/1/1990,1,1,1,job,Pakistani,"Lahore,Pakistan",03249847177,03249847177,,,,No,,,Not-Found,General Fitness,1,,,,
342,AGL-000363,12-Sep-24,Individual,1,Not Paid,12/8/2026,m azan,mazanagl-000363@gmail.com,Muhammad m azan,67888-6924700-2,Not-Found,Single,A+,1/1/1990,1,1,1,job,Pakistani,"Lahore,Pakistan",03211129520,03211129520,,,,No,,,Not-Found,General Fitness,1,,,,
343,AGL-000364,29-Apr-26,Individual,1,Not Paid,29/08/2026,m azam,mazamagl-000364@gmail.com,Muhammad m azam,80004-4572148-9,Not-Found,Single,A+,1/1/1990,1,1,1,job,Pakistani,"Lahore,Pakistan",03211129520,03211129520,,,,No,,,Not-Found,General Fitness,1,,,,
344,AGL-000365,12-Sep-24,Individual,1,Not Paid,12/8/2026,taqir,taqiragl-000365@gmail.com,Muhammad taqir,60306-0285347-6,Not-Found,Single,A+,1/1/1990,1,1,1,job,Pakistani,"Lahore,Pakistan",03195883791,03195883791,,,,No,,,Not-Found,General Fitness,1,,,,
345,AGL-000366,12-Sep-24,Individual,1,Not Paid,12/8/2026,umer janshan,umerjanshanagl-000366@gmail.com,Muhammad umer janshan,19521-9799342-9,Not-Found,Single,A+,1/1/1990,1,1,1,job,Pakistani,"Lahore,Pakistan",03093434349,03093434349,,,,No,,,Not-Found,General Fitness,1,,,,
346,AGL-000367,12-Sep-24,Individual,1,Not Paid,12/8/2026,naveed dar,naveeddaragl-000367@gmail.com,Muhammad naveed dar,43290-5196911-0,Not-Found,Single,A+,1/1/1990,1,1,1,job,Pakistani,"Lahore,Pakistan",03009255421,03009255421,,,,No,,,Not-Found,General Fitness,1,,,,
347,AGL-000368,20-Oct-25,Individual,1,Not Paid,20/08/2026,ameer muawiya,ameermuawiyaagl-000368@gmail.com,Muhammad ameer muawiya,48875-2689302-0,Not-Found,Single,A+,1/1/1990,1,1,1,job,Pakistani,"Lahore,Pakistan",03004324586,03004324586,,,,No,,,Not-Found,General Fitness,1,,,,
348,AGL-000369,10-Jan-25,Individual,1,Not Paid,10/8/2026,ijaz khan,ijazkhanagl-000369@gmail.com,Muhammad ijaz khan,98686-3263733-2,Not-Found,Single,A+,1/1/1990,1,1,1,job,Pakistani,"Lahore,Pakistan",03127593166,03127593166,,,,No,,,Not-Found,General Fitness,1,,,,
349,AGL-000370,12-Sep-24,Individual,1,Not Paid,12/8/2026,mathew,mathewagl-000370@gmail.com,Muhammad mathew,63065-7727096-4,Not-Found,Single,A+,1/1/1990,1,1,1,job,Pakistani,"Lahore,Pakistan",03217519626,03217519626,,,,No,,,Not-Found,General Fitness,1,,,,
350,AGL-000371,12-Sep-24,Individual,1,Not Paid,12/8/2026,dawood,dawoodagl-000371@gmail.com,Muhammad dawood,17947-2163894-7,Not-Found,Single,A+,1/1/1990,1,1,1,job,Pakistani,"Lahore,Pakistan",03225993253,03225993253,,,,No,,,Not-Found,General Fitness,1,,,,
351,AGL-000328,3-Feb-25,Individual,1,Not Paid,3/8/2026,moez,moezagl-000328@gmail.com,Muhammad moez,69870-5263731-1,Not-Found,Single,A+,1/1/1990,1,1,1,job,Pakistani,"Lahore,Pakistan",03220774246,03220774246,,,,No,,,Not-Found,General Fitness,1,,,,
352,AGL-000329,5-Sep-24,Individual,1,Not Paid,5/8/2026,danish majeed,danishmajeedagl-000329@gmail.com,Muhammad danish majeed,33086-7184069-2,Not-Found,Single,A+,1/1/1990,1,1,1,job,Pakistani,"Lahore,Pakistan",03064565309,03064565309,,,,No,,,Not-Found,General Fitness,1,,,,
353,AGL-000330,6-Sep-24,Individual,1,Not Paid,6/8/2026,aneel pitar,aneelpitaragl-000330@gmail.com,Muhammad aneel pitar,08129-9755235-1,Not-Found,Single,A+,1/1/1990,1,1,1,job,Pakistani,"Lahore,Pakistan",03204604811,03204604811,,,,No,,,Not-Found,General Fitness,1,,,,
354,AGL-000331,6-Sep-24,Individual,1,Not Paid,6/8/2026,raheel sikander,raheelsikanderagl-000331@gmail.com,Muhammad raheel sikander,09826-0714927-7,Not-Found,Single,A+,1/1/1990,1,1,1,job,Pakistani,"Lahore,Pakistan",03044702755,03044702755,,,,No,,,Not-Found,General Fitness,1,,,,
355,AGL-000332,10-Sep-24,Individual,1,Not Paid,10/8/2026,shoaib khan,shoaibkhanagl-000332@gmail.com,Muhammad shoaib khan,17605-4226381-6,Not-Found,Single,A+,1/1/1990,1,1,1,job,Pakistani,"Lahore,Pakistan",03234540945,03234540945,,,,No,,,Not-Found,General Fitness,1,,,,
356,AGL-000333,6-Sep-24,Individual,1,Not Paid,6/8/2026,shehbaz,shehbazagl-000333@gmail.com,Muhammad shehbaz,43471-1555826-8,Not-Found,Single,A+,1/1/1990,1,1,1,job,Pakistani,"Lahore,Pakistan",03484545379,03484545379,,,,No,,,Not-Found,General Fitness,1,,,,
357,AGL-000334,7-Sep-24,Individual,1,Not Paid,7/8/2026,m. farhan,m.farhanagl-000334@gmail.com,Muhammad m. farhan,35741-3913903-0,Not-Found,Single,A+,1/1/1990,1,1,1,job,Pakistani,"Lahore,Pakistan",03045179178,03045179178,,,,No,,,Not-Found,General Fitness,1,,,,
358,AGL-000335,7-Sep-24,Individual,1,Not Paid,7/8/2026,waqar ahmad,waqarahmadagl-000335@gmail.com,Muhammad waqar ahmad,67183-7848464-8,Not-Found,Single,A+,1/1/1990,1,1,1,job,Pakistani,"Lahore,Pakistan",03313441592,03313441592,,,,No,,,Not-Found,General Fitness,1,,,,
359,AGL-000336,7-Sep-24,Individual,1,Not Paid,7/8/2026,usama shah,usamashahagl-000336@gmail.com,Muhammad usama shah,98851-2962927-4,Not-Found,Single,A+,1/1/1990,1,1,1,job,Pakistani,"Lahore,Pakistan",03306369480,03306369480,,,,No,,,Not-Found,General Fitness,1,,,,
360,AGL-000337,9-Sep-24,Individual,1,Not Paid,9/8/2026,sharoon,sharoonagl-000337@gmail.com,Muhammad sharoon,50329-8627755-2,Not-Found,Single,A+,1/1/1990,1,1,1,job,Pakistani,"Lahore,Pakistan",03099466644,03099466644,,,,No,,,Not-Found,General Fitness,1,,,,
361,AGL-000338,11-Oct-24,Individual,1,Not Paid,11/8/2026,joshua,joshuaagl-000338@gmail.com,Muhammad joshua,72278-6620138-6,Not-Found,Single,A+,1/1/1990,1,1,1,job,Pakistani,"Lahore,Pakistan",03176030256,03176030256,,,,No,,,Not-Found,General Fitness,1,,,,
362,AGL-000339,16-Oct-24,Individual,1,Not Paid,16/08/2026,talha,talhaagl-000339@gmail.com,Muhammad talha,48394-1787764-0,Not-Found,Single,A+,1/1/1990,1,1,1,job,Pakistani,"Lahore,Pakistan",03059584502,03059584502,,,,No,,,Not-Found,General Fitness,1,,,,
363,AGL-000340,9-Sep-24,Individual,1,Not Paid,9/8/2026,abdulrehman,abdulrehmanagl-000340@gmail.com,Muhammad abdulrehman,25507-0820415-7,Not-Found,Single,A+,1/1/1990,1,1,1,job,Pakistani,"Lahore,Pakistan",03286285021,03286285021,,,,No,,,Not-Found,General Fitness,1,,,,
364,AGL-000341,9-Sep-24,Individual,1,Not Paid,9/8/2026,shoaib khaqn,shoaibkhaqnagl-000341@gmail.com,Muhammad shoaib khaqn,09343-2086986-6,Not-Found,Single,A+,1/1/1990,1,1,1,job,Pakistani,"Lahore,Pakistan",03234540945,03234540945,,,,No,,,Not-Found,General Fitness,1,,,,
365,AGL-000342,10-Sep-24,Individual,1,Not Paid,10/8/2026,shahroz bhatti,shahrozbhattiagl-000342@gmail.com,Muhammad shahroz bhatti,25929-1375291-8,Not-Found,Single,A+,1/1/1990,1,1,1,job,Pakistani,"Lahore,Pakistan",03224539857,03224539857,,,,No,,,Not-Found,General Fitness,1,,,,
366,AGL-000343,14-Nov-24,Individual,1,Not Paid,14/08/2026,philemon,philemonagl-000343@gmail.com,Muhammad philemon,30189-3634208-0,Not-Found,Single,A+,1/1/1990,1,1,1,job,Pakistani,"Lahore,Pakistan",03024331259,03024331259,,,,No,,,Not-Found,General Fitness,1,,,,
367,AGL-000344,10-Sep-24,Individual,1,Not Paid,10/8/2026,robin,robinagl-000344@gmail.com,Muhammad robin,85777-1343672-3,Not-Found,Single,A+,1/1/1990,1,1,1,job,Pakistani,"Lahore,Pakistan",03224823913,03224823913,,,,No,,,Not-Found,General Fitness,1,,,,
368,AGL-000345,10-Sep-24,Individual,1,Not Paid,10/8/2026,moshin ali,moshinaliagl-000345@gmail.com,Muhammad moshin ali,83557-0212138-0,Not-Found,Single,A+,1/1/1990,1,1,1,job,Pakistani,"Lahore,Pakistan",03034041083,03034041083,,,,No,,,Not-Found,General Fitness,1,,,,
369,AGL-000346,9-May-25,Individual,1,Not Paid,9/8/2026,abdul waqas,abdulwaqasagl-000346@gmail.com,Muhammad abdul waqas,38452-5921394-6,Not-Found,Single,A+,1/1/1990,1,1,1,job,Pakistani,"Lahore,Pakistan",03218883044,03218883044,,,,No,,,Not-Found,General Fitness,1,,,,
370,AGL-000347,10-Sep-24,Individual,1,Not Paid,10/8/2026,dr ahmed,drahmedagl-000347@gmail.com,Muhammad dr ahmed,62006-0313568-0,Not-Found,Single,A+,1/1/1990,1,1,1,job,Pakistani,"Lahore,Pakistan",03134763600,03134763600,,,,No,,,Not-Found,General Fitness,1,,,,
371,AGL-000348,10-Sep-24,Individual,1,Not Paid,10/8/2026,ali iqbal,aliiqbalagl-000348@gmail.com,Muhammad ali iqbal,48270-7204980-3,Not-Found,Single,A+,1/1/1990,1,1,1,job,Pakistani,"Lahore,Pakistan",03224382261,03224382261,,,,No,,,Not-Found,General Fitness,1,,,,
372,AGL-000372,13-Sep-24,Individual,1,Not Paid,13/08/2026,mohib,mohibagl-000372@gmail.com,Muhammad mohib,58170-5612320-4,Not-Found,Single,A+,1/1/1990,1,1,1,job,Pakistani,"Lahore,Pakistan",03294125970,03294125970,,,,No,,,Not-Found,General Fitness,1,,,,
373,AGL-000373,6-May-26,Individual,1,Not Paid,6/8/2026,najeed,najeedagl-000373@gmail.com,Muhammad najeed,99799-3567349-0,Not-Found,Single,A+,1/1/1990,1,1,1,job,Pakistani,"Lahore,Pakistan",03062410554,03062410554,,,,No,,,Not-Found,General Fitness,1,,,,
374,AGL-000374,5-Nov-25,Individual,1,Not Paid,5/8/2026,zahid,zahidagl-000374@gmail.com,Muhammad zahid,24883-0221303-3,Not-Found,Single,A+,1/1/1990,1,1,1,job,Pakistani,"Lahore,Pakistan",03214228804,03214228804,,,,No,,,Not-Found,General Fitness,1,,,,
375,AGL-000375,7-Nov-24,Individual,1,Not Paid,7/8/2026,m aslran,maslranagl-000375@gmail.com,Muhammad m aslran,63133-9548396-1,Not-Found,Single,A+,1/1/1990,1,1,1,job,Pakistani,"Lahore,Pakistan",03056384418,03056384418,,,,No,,,Not-Found,General Fitness,1,,,,
376,AGL-000376,5-Nov-24,Individual,1,Not Paid,5/8/2026,asad shahzad,asadshahzadagl-000376@gmail.com,Muhammad asad shahzad,01396-8074952-0,Not-Found,Single,A+,1/1/1990,1,1,1,job,Pakistani,"Lahore,Pakistan",03014322895,03014322895,,,,No,,,Not-Found,General Fitness,1,,,,
377,AGL-000377,14-Sep-24,Individual,1,Not Paid,14/08/2026,m tayyab,mtayyabagl-000377@gmail.com,Muhammad m tayyab,22850-9514088-8,Not-Found,Single,A+,1/1/1990,1,1,1,job,Pakistani,"Lahore,Pakistan",03117028856,03117028856,,,,No,,,Not-Found,General Fitness,1,,,,
378,AGL-000378,14-Sep-24,Individual,1,Not Paid,14/08/2026,abbas,abbasagl-000378@gmail.com,Muhammad abbas,25711-9020415-5,Not-Found,Single,A+,1/1/1990,1,1,1,job,Pakistani,"Lahore,Pakistan",03207933055,03207933055,,,,No,,,Not-Found,General Fitness,1,,,,
379,AGL-000379,14-Sep-24,Individual,1,Not Paid,14/08/2026,daniyal,daniyalagl-000379@gmail.com,Muhammad daniyal,06027-6949183-3,Not-Found,Single,A+,1/1/1990,1,1,1,job,Pakistani,"Lahore,Pakistan",03147071500,03147071500,,,,No,,,Not-Found,General Fitness,1,,,,
380,AGL-000380,9-Oct-25,Individual,1,Not Paid,9/8/2026,ahmad,ahmadagl-000380@gmail.com,Muhammad ahmad,66117-6074005-2,Not-Found,Single,A+,1/1/1990,1,1,1,job,Pakistani,"Lahore,Pakistan",03025139580,03025139580,,,,No,,,Not-Found,General Fitness,1,,,,
381,AGL-000381,14-Sep-24,Individual,1,Not Paid,14/08/2026,m ubaid,mubaidagl-000381@gmail.com,Muhammad m ubaid,76170-0116258-8,Not-Found,Single,A+,1/1/1990,1,1,1,job,Pakistani,"Lahore,Pakistan",03261965121,03261965121,,,,No,,,Not-Found,General Fitness,1,,,,
382,AGL-000382,16-Sep-24,Individual,1,Not Paid,16/08/2026,shabana,shabanaagl-000382@gmail.com,Muhammad shabana,15624-6278040-0,Not-Found,Single,A+,1/1/1990,1,1,1,job,Pakistani,"Lahore,Pakistan",03324515348,03324515348,,,,No,,,Not-Found,General Fitness,1,,,,
383,AGL-000383,23-Jul-25,Individual,1,Not Paid,23/08/2026,mudasir,mudasiragl-000383@gmail.com,Muhammad mudasir,54201-6615898-0,Not-Found,Single,A+,1/1/1990,1,1,1,job,Pakistani,"Lahore,Pakistan",03096270707,03096270707,,,,No,,,Not-Found,General Fitness,1,,,,
384,AGL-000384,12-Feb-25,Individual,1,Not Paid,12/8/2026,shadab,shadabagl-000384@gmail.com,Muhammad shadab,28038-3912378-9,Not-Found,Single,A+,1/1/1990,1,1,1,job,Pakistani,"Lahore,Pakistan",03000000384,03000000384,,,,No,,,Not-Found,General Fitness,1,,,,
385,AGL-000385,16-Apr-25,Individual,1,Not Paid,16/08/2026,abdullah yunas,abdullahyunasagl-000385@gmail.com,Muhammad abdullah yunas,42409-1205795-4,Not-Found,Single,A+,1/1/1990,1,1,1,job,Pakistani,"Lahore,Pakistan",03246602432,03246602432,,,,No,,,Not-Found,General Fitness,1,,,,
386,AGL-000386,16-May-25,Individual,1,Not Paid,16/08/2026,humza kamaran,humzakamaranagl-000386@gmail.com,Muhammad humza kamaran,72108-3591141-2,Not-Found,Single,A+,1/1/1990,1,1,1,job,Pakistani,"Lahore,Pakistan",03074951951,03074951951,,,,No,,,Not-Found,General Fitness,1,,,,
387,AGL-000387,17-Sep-24,Individual,1,Not Paid,17/08/2026,mustafa hoodeed,mustafahoodeedagl-000387@gmail.com,Muhammad mustafa hoodeed,20971-5254180-8,Not-Found,Single,A+,1/1/1990,1,1,1,job,Pakistani,"Lahore,Pakistan",03224739550,03224739550,,,,No,,,Not-Found,General Fitness,1,,,,
388,AGL-000388,17-Sep-24,Individual,1,Not Paid,17/08/2026,muhammad faheem ejaz,muhammadfaheemejazagl-000388@gmail.com,Muhammad muhammad faheem ejaz,57260-2436618-2,Not-Found,Single,A+,1/1/1990,1,1,1,job,Pakistani,"Lahore,Pakistan",03430455603,03430455603,,,,No,,,Not-Found,General Fitness,1,,,,
389,AGL-000389,19-Oct-24,Individual,1,Not Paid,19/08/2026,zaeem,zaeemagl-000389@gmail.com,Muhammad zaeem,87569-0996943-5,Not-Found,Single,A+,1/1/1990,1,1,1,job,Pakistani,"Lahore,Pakistan",03334880034,03334880034,,,,No,,,Not-Found,General Fitness,1,,,,
390,AGL-000390,23-Jun-26,Individual,1,Not Paid,23/08/2026,abdureman,abduremanagl-000390@gmail.com,Muhammad abdureman,05938-3303625-9,Not-Found,Single,A+,1/1/1990,1,1,1,job,Pakistani,"Lahore,Pakistan",03204783699,03204783699,,,,No,,,Not-Found,General Fitness,1,,,,
391,AGL-000391,19-Sep-24,Individual,1,Not Paid,19/08/2026,adil nawaz,adilnawazagl-000391@gmail.com,Muhammad adil nawaz,34593-4168279-8,Not-Found,Single,A+,1/1/1990,1,1,1,job,Pakistani,"Lahore,Pakistan",03157662940,03157662940,,,,No,,,Not-Found,General Fitness,1,,,,
392,AGL-000392,19-Sep-24,Individual,1,Not Paid,19/08/2026,hafiz ali hussain,hafizalihussainagl-000392@gmail.com,Muhammad hafiz ali hussain,40871-5738095-8,Not-Found,Single,A+,1/1/1990,1,1,1,job,Pakistani,"Lahore,Pakistan",03222805732,03222805732,,,,No,,,Not-Found,General Fitness,1,,,,
393,AGL-000393,16-Apr-25,Individual,1,Not Paid,16/08/2026,hamza butt,hamzabuttagl-000393@gmail.com,Muhammad hamza butt,21226-3038077-3,Not-Found,Single,A+,1/1/1990,1,1,1,job,Pakistani,"Lahore,Pakistan",03074212152,03074212152,,,,No,,,Not-Found,General Fitness,1,,,,
394,AGL-000394,19-Sep-24,Individual,1,Not Paid,19/08/2026,adil ameer,adilameeragl-000394@gmail.com,Muhammad adil ameer,44873-1331719-4,Not-Found,Single,A+,1/1/1990,1,1,1,job,Pakistani,"Lahore,Pakistan",03194269102,03194269102,,,,No,,,Not-Found,General Fitness,1,,,,
395,AGL-000395,29-Oct-24,Individual,1,Not Paid,29/08/2026,USAMA AMIR,usamaamiragl-000395@gmail.com,Muhammad USAMA AMIR,80974-2200858-8,Not-Found,Single,A+,1/1/1990,1,1,1,job,Pakistani,"Lahore,Pakistan",03214215273,03214215273,,,,No,,,Not-Found,General Fitness,1,,,,
396,AGL-000396,22-Jan-25,Individual,1,Not Paid,22/08/2026,SULTAN ASHIQ,sultanashiqagl-000396@gmail.com,Muhammad SULTAN ASHIQ,79844-1588698-1,Not-Found,Single,A+,1/1/1990,1,1,1,job,Pakistani,"Lahore,Pakistan",03219026264,03219026264,,,,No,,,Not-Found,General Fitness,1,,,,
397,AGL-000397,19-Sep-24,Individual,1,Not Paid,19/08/2026,husnain,husnainagl-000397@gmail.com,Muhammad husnain,90688-8696556-7,Not-Found,Single,A+,1/1/1990,1,1,1,job,Pakistani,"Lahore,Pakistan",03214547270,03214547270,,,,No,,,Not-Found,General Fitness,1,,,,
398,AGL-000398,30-Oct-24,Individual,1,Not Paid,30/08/2026,ali,aliagl-000398@gmail.com,Muhammad ali,78644-1071219-8,Not-Found,Single,A+,1/1/1990,1,1,1,job,Pakistani,"Lahore,Pakistan",03020412636,03020412636,,,,No,,,Not-Found,General Fitness,1,,,,
399,AGL-000399,20-Sep-24,Individual,1,Not Paid,20/08/2026,hamail saleem,hamailsaleemagl-000399@gmail.com,Muhammad hamail saleem,85933-3284386-5,Not-Found,Single,A+,1/1/1990,1,1,1,job,Pakistani,"Lahore,Pakistan",03204188368,03204188368,,,,No,,,Not-Found,General Fitness,1,,,,
400,AGL-000400,7-Jul-26,Individual,1,Not Paid,7/8/2026,zaryab jamshaid,zaryabjamshaidagl-000400@gmail.com,Muhammad zaryab jamshaid,46731-3594159-2,Not-Found,Single,A+,1/1/1990,1,1,1,job,Pakistani,"Lahore,Pakistan",03030345292,03030345292,,,,No,,,Not-Found,General Fitness,1,,,,
401,AGL-000401,21-Jan-25,Individual,1,Not Paid,21/08/2026,zubair,zubairagl-000401@gmail.com,Muhammad zubair,33993-9361623-9,Not-Found,Single,A+,1/1/1990,1,1,1,job,Pakistani,"Lahore,Pakistan",03230043088,03230043088,,,,No,,,Not-Found,General Fitness,1,,,,
402,AGL-000402,7-Jan-25,Individual,1,Not Paid,7/8/2026,saqjjad hider,saqjjadhideragl-000402@gmail.com,Muhammad saqjjad hider,13679-4772994-5,Not-Found,Single,A+,1/1/1990,1,1,1,job,Pakistani,"Lahore,Pakistan",03348183257,03348183257,,,,No,,,Not-Found,General Fitness,1,,,,
403,AGL-000403,20-Sep-24,Individual,1,Not Paid,20/08/2026,tasawar,tasawaragl-000403@gmail.com,Muhammad tasawar,92017-6549859-5,Not-Found,Single,A+,1/1/1990,1,1,1,job,Pakistani,"Lahore,Pakistan",03151477561,03151477561,,,,No,,,Not-Found,General Fitness,1,,,,
404,AGL-000404,27-Nov-24,Individual,1,Not Paid,27/08/2026,moiz,moizagl-000404@gmail.com,Muhammad moiz,16854-9461393-1,Not-Found,Single,A+,1/1/1990,1,1,1,job,Pakistani,"Lahore,Pakistan",03221842535,03221842535,,,,No,,,Not-Found,General Fitness,1,,,,
405,AGL-000405,8-Aug-25,Individual,1,Not Paid,8/8/2026,amir,amiragl-000405@gmail.com,Muhammad amir,96176-9861407-4,Not-Found,Single,A+,1/1/1990,1,1,1,job,Pakistani,"Lahore,Pakistan",03221842535,03221842535,,,,No,,,Not-Found,General Fitness,1,,,,
406,AGL-000406,16-Apr-26,Individual,1,Not Paid,16/08/2026,afsal,afsalagl-000406@gmail.com,Muhammad afsal,33702-4430119-1,Not-Found,Single,A+,1/1/1990,1,1,1,job,Pakistani,"Lahore,Pakistan",03228095775,03228095775,,,,No,,,Not-Found,General Fitness,1,,,,
407,AGL-000407,9-Apr-25,Individual,1,Not Paid,9/8/2026,wusqa,wusqaagl-000407@gmail.com,Muhammad wusqa,86959-8114748-0,Not-Found,Single,A+,1/1/1990,1,1,1,job,Pakistani,"Lahore,Pakistan",03286483265,03286483265,,,,No,,,Not-Found,General Fitness,1,,,,
408,AGL-000408,23-Sep-24,Individual,1,Not Paid,23/08/2026,ali hamza,alihamzaagl-000408@gmail.com,Muhammad ali hamza,25996-6448719-4,Not-Found,Single,A+,1/1/1990,1,1,1,job,Pakistani,"Lahore,Pakistan",03064122399,03064122399,,,,No,,,Not-Found,General Fitness,1,,,,
409,AGL-000409,7-Jul-26,Individual,1,Not Paid,7/8/2026,danish yasin,danishyasinagl-000409@gmail.com,Muhammad danish yasin,31247-5923962-1,Not-Found,Single,A+,1/1/1990,1,1,1,job,Pakistani,"Lahore,Pakistan",03080714581,03080714581,,,,No,,,Not-Found,General Fitness,1,,,,
410,AGL-000410,18-Apr-26,Individual,1,Not Paid,18/08/2026,waqar,waqaragl-000410@gmail.com,Muhammad waqar,04637-9162856-9,Not-Found,Single,A+,1/1/1990,1,1,1,job,Pakistani,"Lahore,Pakistan",03214197876,03214197876,,,,No,,,Not-Found,General Fitness,1,,,,
411,AGL-000411,5-Nov-24,Individual,1,Not Paid,5/8/2026,KOMAIL ALI KHAN,komailalikhanagl-000411@gmail.com,Muhammad KOMAIL ALI KHAN,77605-0645379-5,Not-Found,Single,A+,1/1/1990,1,1,1,job,Pakistani,"Lahore,Pakistan",03000000411,03000000411,,,,No,,,Not-Found,General Fitness,1,,,,
412,AGL-000412,22-Jan-25,Individual,1,Not Paid,22/08/2026,kashif,kashifagl-000412@gmail.com,Muhammad kashif,96704-4557966-7,Not-Found,Single,A+,1/1/1990,1,1,1,job,Pakistani,"Lahore,Pakistan",03008487606,03008487606,,,,No,,,Not-Found,General Fitness,1,,,,
413,AGL-000413,4-Feb-25,Individual,1,Not Paid,4/8/2026,ali raza,alirazaagl-000413@gmail.com,Muhammad ali raza,78411-3446114-9,Not-Found,Single,A+,1/1/1990,1,1,1,job,Pakistani,"Lahore,Pakistan",03184245231,03184245231,,,,No,,,Not-Found,General Fitness,1,,,,
414,AGL-000414,25-Sep-24,Individual,1,Not Paid,25/08/2026,zakir,zakiragl-000414@gmail.com,Muhammad zakir,14014-9893111-6,Not-Found,Single,A+,1/1/1990,1,1,1,job,Pakistani,"Lahore,Pakistan",03014828283,03014828283,,,,No,,,Not-Found,General Fitness,1,,,,
415,AGL-000415,28-Nov-24,Individual,1,Not Paid,28/08/2026,bilal maqseed,bilalmaqseedagl-000415@gmail.com,Muhammad bilal maqseed,51813-8605413-6,Not-Found,Single,A+,1/1/1990,1,1,1,job,Pakistani,"Lahore,Pakistan",03014844028,03014844028,,,,No,,,Not-Found,General Fitness,1,,,,
416,AGL-000416,25-Sep-24,Individual,1,Not Paid,25/08/2026,shayan bhatti,shayanbhattiagl-000416@gmail.com,Muhammad shayan bhatti,96295-7397975-6,Not-Found,Single,A+,1/1/1990,1,1,1,job,Pakistani,"Lahore,Pakistan",03232001123,03232001123,,,,No,,,Not-Found,General Fitness,1,,,,
417,AGL-000417,25-Sep-24,Individual,1,Not Paid,25/08/2026,shaleen,shaleenagl-000417@gmail.com,Muhammad shaleen,23679-0556883-0,Not-Found,Single,A+,1/1/1990,1,1,1,job,Pakistani,"Lahore,Pakistan",03099436665,03099436665,,,,No,,,Not-Found,General Fitness,1,,,,
418,AGL-000418,25-Sep-24,Individual,1,Not Paid,25/08/2026,faisal,faisalagl-000418@gmail.com,Muhammad faisal,64084-8102629-9,Not-Found,Single,A+,1/1/1990,1,1,1,job,Pakistani,"Lahore,Pakistan",03419603160,03419603160,,,,No,,,Not-Found,General Fitness,1,,,,
419,AGL-000419,25-Sep-24,Individual,1,Not Paid,25/08/2026,yaseen,yaseenagl-000419@gmail.com,Muhammad yaseen,16304-8089120-0,Not-Found,Single,A+,1/1/1990,1,1,1,job,Pakistani,"Lahore,Pakistan",03234583736,03234583736,,,,No,,,Not-Found,General Fitness,1,,,,
420,AGL-000420,7-Feb-25,Individual,1,Not Paid,7/8/2026,umair khan,umairkhanagl-000420@gmail.com,Muhammad umair khan,55889-3565282-7,Not-Found,Single,A+,1/1/1990,1,1,1,job,Pakistani,"Lahore,Pakistan",03234580420,03234580420,,,,No,,,Not-Found,General Fitness,1,,,,
421,AGL-000421,25-Sep-24,Individual,1,Not Paid,25/08/2026,wajahat ullah,wajahatullahagl-000421@gmail.com,Muhammad wajahat ullah,92656-3533425-0,Not-Found,Single,A+,1/1/1990,1,1,1,job,Pakistani,"Lahore,Pakistan",03234580421,03234580421,,,,No,,,Not-Found,General Fitness,1,,,,
422,AGL-000422,25-Sep-24,Individual,1,Not Paid,25/08/2026,mujtaba,mujtabaagl-000422@gmail.com,Muhammad mujtaba,75527-0448861-7,Not-Found,Single,A+,1/1/1990,1,1,1,job,Pakistani,"Lahore,Pakistan",03212027666,03212027666,,,,No,,,Not-Found,General Fitness,1,,,,
423,AGL-000423,25-Sep-24,Individual,1,Not Paid,25/08/2026,anas,anasagl-000423@gmail.com,Muhammad anas,87743-4973493-3,Not-Found,Single,A+,1/1/1990,1,1,1,job,Pakistani,"Lahore,Pakistan",03144316190,03144316190,,,,No,,,Not-Found,General Fitness,1,,,,
424,AGL-000424,25-Sep-24,Individual,1,Not Paid,25/08/2026,majahid khan,majahidkhanagl-000424@gmail.com,Muhammad majahid khan,05681-5866156-2,Not-Found,Single,A+,1/1/1990,1,1,1,job,Pakistani,"Lahore,Pakistan",03144310424,03144310424,,,,No,,,Not-Found,General Fitness,1,,,,
425,AGL-000425,29-Oct-24,Individual,1,Not Paid,29/08/2026,rana numan,rananumanagl-000425@gmail.com,Muhammad rana numan,75354-0639437-5,Not-Found,Single,A+,1/1/1990,1,1,1,job,Pakistani,"Lahore,Pakistan",03021019653,03021019653,,,,No,,,Not-Found,General Fitness,1,,,,
426,AGL-000426,8-Nov-24,Individual,1,Not Paid,8/8/2026,adeers ahmad,adeersahmadagl-000426@gmail.com,Muhammad adeers ahmad,20299-5579100-1,Not-Found,Single,A+,1/1/1990,1,1,1,job,Pakistani,"Lahore,Pakistan",03114547836,03114547836,,,,No,,,Not-Found,General Fitness,1,,,,
427,AGL-000427,27-Sep-24,Individual,1,Not Paid,27/08/2026,haseeh,haseehagl-000427@gmail.com,Muhammad haseeh,56493-7853437-7,Not-Found,Single,A+,1/1/1990,1,1,1,job,Pakistani,"Lahore,Pakistan",03484695175,03484695175,,,,No,,,Not-Found,General Fitness,1,,,,
428,AGL-000428,2-Dec-25,Individual,1,Not Paid,2/8/2026,faseeh,faseehagl-000428@gmail.com,Muhammad faseeh,12988-9381888-5,Not-Found,Single,A+,1/1/1990,1,1,1,job,Pakistani,"Lahore,Pakistan",03484695175,03484695175,,,,No,,,Not-Found,General Fitness,1,,,,
429,AGL-000429,28-Sep-24,Individual,1,Not Paid,28/08/2026,ali,aliagl-000429@gmail.com,Muhammad ali,28731-7879773-0,Not-Found,Single,A+,1/1/1990,1,1,1,job,Pakistani,"Lahore,Pakistan",03474728150,03474728150,,,,No,,,Not-Found,General Fitness,1,,,,
430,AGL-000430,28-Sep-24,Individual,1,Not Paid,28/08/2026,shoaib,shoaibagl-000430@gmail.com,Muhammad shoaib,24614-2619756-0,Not-Found,Single,A+,1/1/1990,1,1,1,job,Pakistani,"Lahore,Pakistan",03234540945,03234540945,,,,No,,,Not-Found,General Fitness,1,,,,
431,AGL-000431,12-Sep-25,Individual,1,Not Paid,12/8/2026,usama,usamaagl-000431@gmail.com,Muhammad usama,89421-7248103-5,Not-Found,Single,A+,1/1/1990,1,1,1,job,Pakistani,"Lahore,Pakistan",03074871958,03074871958,,,,No,,,Not-Found,General Fitness,1,,,,
432,AGL-000432,30-Sep-24,Individual,1,Not Paid,30/08/2026,afsfaq,afsfaqagl-000432@gmail.com,Muhammad afsfaq,37319-6074186-0,Not-Found,Single,A+,1/1/1990,1,1,1,job,Pakistani,"Lahore,Pakistan",03230448584,03230448584,,,,No,,,Not-Found,General Fitness,1,,,,
433,AGL-000433,30-Sep-24,Individual,1,Not Paid,30/08/2026,sameer,sameeragl-000433@gmail.com,Muhammad sameer,54426-1916301-9,Not-Found,Single,A+,1/1/1990,1,1,1,job,Pakistani,"Lahore,Pakistan",03298777722,03298777722,,,,No,,,Not-Found,General Fitness,1,,,,
434,AGL-000434,22-Jun-26,Individual,1,Not Paid,22/08/2026,asad,asadagl-000434@gmail.com,Muhammad asad,41197-5669116-2,Not-Found,Single,A+,1/1/1990,1,1,1,job,Pakistani,"Lahore,Pakistan",03327778699,03327778699,,,,No,,,Not-Found,General Fitness,1,,,,
435,AGL-000435,11-Nov-24,Individual,1,Not Paid,11/8/2026,ashfaq,ashfaqagl-000435@gmail.com,Muhammad ashfaq,37609-8220806-6,Not-Found,Single,A+,1/1/1990,1,1,1,job,Pakistani,"Lahore,Pakistan",03230448584,03230448584,,,,No,,,Not-Found,General Fitness,1,,,,
436,AGL-000436,4-Dec-24,Individual,1,Not Paid,4/8/2026,faisal,faisalagl-000436@gmail.com,Muhammad faisal,66374-7443366-1,Not-Found,Single,A+,1/1/1990,1,1,1,job,Pakistani,"Lahore,Pakistan",03000000436,03000000436,,,,No,,,Not-Found,General Fitness,1,,,,
437,AGL-000437,1-Nov-24,Individual,1,Not Paid,1/8/2026,ali,aliagl-000437@gmail.com,Muhammad ali,57065-0080784-8,Not-Found,Single,A+,1/1/1990,1,1,1,job,Pakistani,"Lahore,Pakistan",03064418873,03064418873,,,,No,,,Not-Found,General Fitness,1,,,,
438,AGL-000438,2-Jan-25,Individual,1,Not Paid,2/8/2026,shoaib,shoaibagl-000438@gmail.com,Muhammad shoaib,32403-8830795-5,Not-Found,Single,A+,1/1/1990,1,1,1,job,Pakistani,"Lahore,Pakistan",03094014481,03094014481,,,,No,,,Not-Found,General Fitness,1,,,,
439,AGL-000439,26-Feb-25,Individual,1,Not Paid,26/08/2026,mukaram,mukaramagl-000439@gmail.com,Muhammad mukaram,89469-9753083-9,Not-Found,Single,A+,1/1/1990,1,1,1,job,Pakistani,"Lahore,Pakistan",03174500279,03174500279,,,,No,,,Not-Found,General Fitness,1,,,,
440,AGL-000440,1-Oct-24,Individual,1,Not Paid,1/8/2026,hannan butt,hannanbuttagl-000440@gmail.com,Muhammad hannan butt,40932-3113455-9,Not-Found,Single,A+,1/1/1990,1,1,1,job,Pakistani,"Lahore,Pakistan",03174051743,03174051743,,,,No,,,Not-Found,General Fitness,1,,,,
441,AGL-000441,1-Oct-24,Individual,1,Not Paid,1/8/2026,m umere,mumereagl-000441@gmail.com,Muhammad m umere,52573-7774341-1,Not-Found,Single,A+,1/1/1990,1,1,1,job,Pakistani,"Lahore,Pakistan",03366069180,03366069180,,,,No,,,Not-Found,General Fitness,1,,,,
442,AGL-000442,1-Oct-24,Individual,1,Not Paid,1/8/2026,m faisal,mfaisalagl-000442@gmail.com,Muhammad m faisal,55890-7074404-2,Not-Found,Single,A+,1/1/1990,1,1,1,job,Pakistani,"Lahore,Pakistan",03024538077,03024538077,,,,No,,,Not-Found,General Fitness,1,,,,
443,AGL-000443,29-Jun-26,Individual,1,Not Paid,29/08/2026,hasnain,hasnainagl-000443@gmail.com,Muhammad hasnain,77732-6659185-5,Not-Found,Single,A+,1/1/1990,1,1,1,job,Pakistani,"Lahore,Pakistan",03190537166,03190537166,,,,No,,,Not-Found,General Fitness,1,,,,
444,AGL-000444,19-Aug-25,Individual,1,Not Paid,19/08/2026,usman bin gani,usmanbinganiagl-000444@gmail.com,Muhammad usman bin gani,67121-5566972-8,Not-Found,Single,A+,1/1/1990,1,1,1,job,Pakistani,"Lahore,Pakistan",03706072411,03706072411,,,,No,,,Not-Found,General Fitness,1,,,,
445,AGL-000445,1-Oct-24,Individual,1,Not Paid,1/8/2026,faheem,faheemagl-000445@gmail.com,Muhammad faheem,21761-2310546-4,Not-Found,Single,A+,1/1/1990,1,1,1,job,Pakistani,"Lahore,Pakistan",03018818132,03018818132,,,,No,,,Not-Found,General Fitness,1,,,,
446,AGL-000446,2-Oct-24,Individual,1,Not Paid,2/8/2026,uzair,uzairagl-000446@gmail.com,Muhammad uzair,90023-3305293-8,Not-Found,Single,A+,1/1/1990,1,1,1,job,Pakistani,"Lahore,Pakistan",03099400044,03099400044,,,,No,,,Not-Found,General Fitness,1,,,,
447,AGL-000447,2-Oct-24,Individual,1,Not Paid,2/8/2026,hannan ahmad,hannanahmadagl-000447@gmail.com,Muhammad hannan ahmad,71429-7713459-2,Not-Found,Single,A+,1/1/1990,1,1,1,job,Pakistani,"Lahore,Pakistan",03338559268,03338559268,,,,No,,,Not-Found,General Fitness,1,,,,
448,AGL-000448,4-Jun-26,Individual,1,Not Paid,4/8/2026,samaira,samairaagl-000448@gmail.com,Muhammad samaira,12244-1857974-9,Not-Found,Single,A+,1/1/1990,1,1,1,job,Pakistani,"Lahore,Pakistan",03255727710,03255727710,,,,No,,,Not-Found,General Fitness,1,,,,
449,AGL-000449,5-Jun-26,Individual,1,Not Paid,5/8/2026,musa,musaagl-000449@gmail.com,Muhammad musa,85231-5282478-8,Not-Found,Single,A+,1/1/1990,1,1,1,job,Pakistani,"Lahore,Pakistan",03255727710,03255727710,,,,No,,,Not-Found,General Fitness,1,,,,
450,AGL-000450,2-Oct-24,Individual,1,Not Paid,2/8/2026,hameed,hameedagl-000450@gmail.com,Muhammad hameed,62603-7596350-7,Not-Found,Single,A+,1/1/1990,1,1,1,job,Pakistani,"Lahore,Pakistan",03064182020,03064182020,,,,No,,,Not-Found,General Fitness,1,,,,
451,AGL-000451,7-Nov-24,Individual,1,Not Paid,7/8/2026,aqib,aqibagl-000451@gmail.com,Muhammad aqib,81459-1057762-4,Not-Found,Single,A+,1/1/1990,1,1,1,job,Pakistani,"Lahore,Pakistan",03004365896,03004365896,,,,No,,,Not-Found,General Fitness,1,,,,
452,AGL-000452,28-Nov-24,Individual,1,Not Paid,28/08/2026,janzab,janzabagl-000452@gmail.com,Muhammad janzab,79601-7165928-6,Not-Found,Single,A+,1/1/1990,1,1,1,job,Pakistani,"Lahore,Pakistan",03096809637,03096809637,,,,No,,,Not-Found,General Fitness,1,,,,
453,AGL-000453,6-Jan-25,Individual,1,Not Paid,6/8/2026,faizan,faizanagl-000453@gmail.com,Muhammad faizan,59898-3082086-9,Not-Found,Single,A+,1/1/1990,1,1,1,job,Pakistani,"Lahore,Pakistan",03221413613,03221413613,,,,No,,,Not-Found,General Fitness,1,,,,
454,AGL-000454,9-Apr-25,Individual,1,Not Paid,9/8/2026,adeel chan,adeelchanagl-000454@gmail.com,Muhammad adeel chan,87358-4130325-8,Not-Found,Single,A+,1/1/1990,1,1,1,job,Pakistani,"Lahore,Pakistan",03034849606,03034849606,,,,No,,,Not-Found,General Fitness,1,,,,
455,AGL-000455,26-Feb-25,Individual,1,Not Paid,26/08/2026,suffi ullah,suffiullahagl-000455@gmail.com,Muhammad suffi ullah,13454-8052312-9,Not-Found,Single,A+,1/1/1990,1,1,1,job,Pakistani,"Lahore,Pakistan",03084630875,03084630875,,,,No,,,Not-Found,General Fitness,1,,,,
456,AGL-000456,4-Dec-24,Individual,1,Not Paid,4/8/2026,m uzair,muzairagl-000456@gmail.com,Muhammad m uzair,19978-8143394-0,Not-Found,Single,A+,1/1/1990,1,1,1,job,Pakistani,"Lahore,Pakistan",03025139806,03025139806,,,,No,,,Not-Found,General Fitness,1,,,,
457,AGL-000457,9-Jan-25,Individual,1,Not Paid,9/8/2026,khubaib,khubaibagl-000457@gmail.com,Muhammad khubaib,02549-2204286-9,Not-Found,Single,A+,1/1/1990,1,1,1,job,Pakistani,"Lahore,Pakistan",03049667769,03049667769,,,,No,,,Not-Found,General Fitness,1,,,,
458,AGL-000458,3-Oct-24,Individual,1,Not Paid,3/8/2026,irfan,irfanagl-000458@gmail.com,Muhammad irfan,13318-2653513-1,Not-Found,Single,A+,1/1/1990,1,1,1,job,Pakistani,"Lahore,Pakistan",03004455434,03004455434,,,,No,,,Not-Found,General Fitness,1,,,,
459,AGL-000459,8-Nov-24,Individual,1,Not Paid,8/8/2026,ahsan,ahsanagl-000459@gmail.com,Muhammad ahsan,05198-0427164-0,Not-Found,Single,A+,1/1/1990,1,1,1,job,Pakistani,"Lahore,Pakistan",03004455434,03004455434,,,,No,,,Not-Found,General Fitness,1,,,,
460,AGL-000460,10-Apr-26,Individual,1,Not Paid,10/8/2026,abudl rehman,abudlrehmanagl-000460@gmail.com,Muhammad abudl rehman,29317-4436011-5,Not-Found,Single,A+,1/1/1990,1,1,1,job,Pakistani,"Lahore,Pakistan",03054554021,03054554021,,,,No,,,Not-Found,General Fitness,1,,,,
461,AGL-000461,10-Apr-26,Individual,1,Not Paid,10/8/2026,arooj,aroojagl-000461@gmail.com,Muhammad arooj,91858-8824534-3,Not-Found,Single,A+,1/1/1990,1,1,1,job,Pakistani,"Lahore,Pakistan",03336659965,03336659965,,,,No,,,Not-Found,General Fitness,1,,,,
462,AGL-000462,4-Feb-25,Individual,1,Not Paid,4/8/2026,abdulreman,abdulremanagl-000462@gmail.com,Muhammad abdulreman,61230-4378552-8,Not-Found,Single,A+,1/1/1990,1,1,1,job,Pakistani,"Lahore,Pakistan",03336650462,03336650462,,,,No,,,Not-Found,General Fitness,1,,,,
463,AGL-000463,8-Nov-24,Individual,1,Not Paid,8/8/2026,faisal,faisalagl-000463@gmail.com,Muhammad faisal,97449-5670392-7,Not-Found,Single,A+,1/1/1990,1,1,1,job,Pakistani,"Lahore,Pakistan",03004455543,03004455543,,,,No,,,Not-Found,General Fitness,1,,,,
464,AGL-000464,3-Oct-24,Individual,1,Not Paid,3/8/2026,talha,talhaagl-000464@gmail.com,Muhammad talha,31585-9031905-2,Not-Found,Single,A+,1/1/1990,1,1,1,job,Pakistani,"Lahore,Pakistan",03260844522,03260844522,,,,No,,,Not-Found,General Fitness,1,,,,
465,AGL-000465,4-Oct-25,Individual,1,Not Paid,4/8/2026,riwzan,riwzanagl-000465@gmail.com,Muhammad riwzan,09977-7647569-4,Not-Found,Single,A+,1/1/1990,1,1,1,job,Pakistani,"Lahore,Pakistan",03214134323,03214134323,,,,No,,,Not-Found,General Fitness,1,,,,
466,AGL-000466,5-Dec-24,Individual,1,Not Paid,5/8/2026,adeel,adeelagl-000466@gmail.com,Muhammad adeel,37478-7776283-6,Not-Found,Single,A+,1/1/1990,1,1,1,job,Pakistani,"Lahore,Pakistan",03204617916,03204617916,,,,No,,,Not-Found,General Fitness,1,,,,
467,AGL-000467,3-Nov-25,Individual,1,Not Paid,3/8/2026,ali,aliagl-000467@gmail.com,Muhammad ali,08891-8116713-2,Not-Found,Single,A+,1/1/1990,1,1,1,job,Pakistani,"Lahore,Pakistan",03104712637,03104712637,,,,No,,,Not-Found,General Fitness,1,,,,
468,AGL-000468,4-Oct-24,Individual,1,Not Paid,4/8/2026,usama saleem,usamasaleemagl-000468@gmail.com,Muhammad usama saleem,24096-8484482-6,Not-Found,Single,A+,1/1/1990,1,1,1,job,Pakistani,"Lahore,Pakistan",03206891977,03206891977,,,,No,,,Not-Found,General Fitness,1,,,,
469,AGL-000469,4-Oct-24,Individual,1,Not Paid,4/8/2026,sehrish,sehrishagl-000469@gmail.com,Muhammad sehrish,79812-2733943-2,Not-Found,Single,A+,1/1/1990,1,1,1,job,Pakistani,"Lahore,Pakistan",03040015826,03040015826,,,,No,,,Not-Found,General Fitness,1,,,,
470,AGL-000470,29-Apr-26,Individual,1,Not Paid,29/08/2026,zohaib zahid,zohaibzahidagl-000470@gmail.com,Muhammad zohaib zahid,55624-5219063-4,Not-Found,Single,A+,1/1/1990,1,1,1,job,Pakistani,"Lahore,Pakistan",03056667127,03056667127,,,,No,,,Not-Found,General Fitness,1,,,,
471,AGL-000471,13-Feb-25,Individual,1,Not Paid,13/08/2026,abdulrehman,abdulrehmanagl-000471@gmail.com,Muhammad abdulrehman,83323-2090766-4,Not-Found,Single,A+,1/1/1990,1,1,1,job,Pakistani,"Lahore,Pakistan",03054554021,03054554021,,,,No,,,Not-Found,General Fitness,1,,,,
472,AGL-000472,9-Dec-24,Individual,1,Not Paid,9/8/2026,aroj,arojagl-000472@gmail.com,Muhammad aroj,11640-7836893-5,Not-Found,Single,A+,1/1/1990,1,1,1,job,Pakistani,"Lahore,Pakistan",03054554021,03054554021,,,,No,,,Not-Found,General Fitness,1,,,,
473,AGL-000473,7-Oct-24,Individual,1,Not Paid,7/8/2026,ahsan,ahsanagl-000473@gmail.com,Muhammad ahsan,23652-6183749-9,Not-Found,Single,A+,1/1/1990,1,1,1,job,Pakistani,"Lahore,Pakistan",03069714768,03069714768,,,,No,,,Not-Found,General Fitness,1,,,,
474,AGL-000474,25-Nov-24,Individual,1,Not Paid,25/08/2026,adnan,adnanagl-000474@gmail.com,Muhammad adnan,57488-9816803-6,Not-Found,Single,A+,1/1/1990,1,1,1,job,Pakistani,"Lahore,Pakistan",03320070078,03320070078,,,,No,,,Not-Found,General Fitness,1,,,,
475,AGL-000475,4-Feb-25,Individual,1,Not Paid,4/8/2026,hasnain,hasnainagl-000475@gmail.com,Muhammad hasnain,60026-0244645-1,Not-Found,Single,A+,1/1/1990,1,1,1,job,Pakistani,"Lahore,Pakistan",03446408081,03446408081,,,,No,,,Not-Found,General Fitness,1,,,,
476,AGL-000476,7-Oct-24,Individual,1,Not Paid,7/8/2026,waqar,waqaragl-000476@gmail.com,Muhammad waqar,49783-8818866-6,Not-Found,Single,A+,1/1/1990,1,1,1,job,Pakistani,"Lahore,Pakistan",03254494449,03254494449,,,,No,,,Not-Found,General Fitness,1,,,,
477,AGL-000477,8-Nov-24,Individual,1,Not Paid,8/8/2026,barhan ahmad,barhanahmadagl-000477@gmail.com,Muhammad barhan ahmad,41166-7382719-6,Not-Found,Single,A+,1/1/1990,1,1,1,job,Pakistani,"Lahore,Pakistan",03004455424,03004455424,,,,No,,,Not-Found,General Fitness,1,,,,
478,AGL-000478,7-Oct-24,Individual,1,Not Paid,7/8/2026,m usman,musmanagl-000478@gmail.com,Muhammad m usman,34164-9357316-5,Not-Found,Single,A+,1/1/1990,1,1,1,job,Pakistani,"Lahore,Pakistan",03000000478,03000000478,,,,No,,,Not-Found,General Fitness,1,,,,
479,AGL-000479,17-Jan-25,Individual,1,Not Paid,17/08/2026,zayan,zayanagl-000479@gmail.com,Muhammad zayan,38761-2156637-2,Not-Found,Single,A+,1/1/1990,1,1,1,job,Pakistani,"Lahore,Pakistan",03174090704,03174090704,,,,No,,,Not-Found,General Fitness,1,,,,
480,AGL-000480,6-Jul-26,Individual,1,Not Paid,6/8/2026,sufyan,sufyanagl-000480@gmail.com,Muhammad sufyan,66055-0624736-4,Not-Found,Single,A+,1/1/1990,1,1,1,job,Pakistani,"Lahore,Pakistan",03138811071,03138811071,,,,No,,,Not-Found,General Fitness,1,,,,
481,AGL-000481,12-Nov-24,Individual,1,Not Paid,12/8/2026,irfan,irfanagl-000481@gmail.com,Muhammad irfan,18834-6363617-5,Not-Found,Single,A+,1/1/1990,1,1,1,job,Pakistani,"Lahore,Pakistan",03218895772,03218895772,,,,No,,,Not-Found,General Fitness,1,,,,
482,AGL-000482,8-Oct-24,Individual,1,Not Paid,8/8/2026,shan,shanagl-000482@gmail.com,Muhammad shan,73721-8430675-5,Not-Found,Single,A+,1/1/1990,1,1,1,job,Pakistani,"Lahore,Pakistan",03234291444,03234291444,,,,No,,,Not-Found,General Fitness,1,,,,
483,AGL-000483,8-Oct-24,Individual,1,Not Paid,8/8/2026,gufran,gufranagl-000483@gmail.com,Muhammad gufran,31923-1169376-0,Not-Found,Single,A+,1/1/1990,1,1,1,job,Pakistani,"Lahore,Pakistan",03092085044,03092085044,,,,No,,,Not-Found,General Fitness,1,,,,
484,AGL-000484,8-Oct-24,Individual,1,Not Paid,8/8/2026,sameer,sameeragl-000484@gmail.com,Muhammad sameer,59951-3149031-7,Not-Found,Single,A+,1/1/1990,1,1,1,job,Pakistani,"Lahore,Pakistan",03256544072,03256544072,,,,No,,,Not-Found,General Fitness,1,,,,
485,AGL-000485,8-Oct-24,Individual,1,Not Paid,8/8/2026,ahmad,ahmadagl-000485@gmail.com,Muhammad ahmad,38219-9086937-7,Not-Found,Single,A+,1/1/1990,1,1,1,job,Pakistani,"Lahore,Pakistan",03020144123,03020144123,,,,No,,,Not-Found,General Fitness,1,,,,
486,AGL-000486,12-Nov-24,Individual,1,Not Paid,12/8/2026,hamza arshad,hamzaarshadagl-000486@gmail.com,Muhammad hamza arshad,70188-8657819-6,Not-Found,Single,A+,1/1/1990,1,1,1,job,Pakistani,"Lahore,Pakistan",03095014396,03095014396,,,,No,,,Not-Found,General Fitness,1,,,,
487,AGL-000487,9-Oct-24,Individual,1,Not Paid,9/8/2026,aslran asgar,aslranasgaragl-000487@gmail.com,Muhammad aslran asgar,17951-8208192-8,Not-Found,Single,A+,1/1/1990,1,1,1,job,Pakistani,"Lahore,Pakistan",03114679755,03114679755,,,,No,,,Not-Found,General Fitness,1,,,,
488,AGL-000488,9-Oct-24,Individual,1,Not Paid,9/8/2026,aslran iftikhar,aslraniftikharagl-000488@gmail.com,Muhammad aslran iftikhar,43197-6399995-8,Not-Found,Single,A+,1/1/1990,1,1,1,job,Pakistani,"Lahore,Pakistan",03026669057,03026669057,,,,No,,,Not-Found,General Fitness,1,,,,
489,AGL-000489,8-Apr-25,Individual,1,Not Paid,8/8/2026,haunain,haunainagl-000489@gmail.com,Muhammad haunain,01495-5258183-6,Not-Found,Single,A+,1/1/1990,1,1,1,job,Pakistani,"Lahore,Pakistan",03233096750,03233096750,,,,No,,,Not-Found,General Fitness,1,,,,
490,AGL-000490,25-Nov-25,Individual,1,Not Paid,25/08/2026,farman,farmanagl-000490@gmail.com,Muhammad farman,71592-3133353-9,Not-Found,Single,A+,1/1/1990,1,1,1,job,Pakistani,"Lahore,Pakistan",03411588594,03411588594,,,,No,,,Not-Found,General Fitness,1,,,,
491,AGL-000491,10-Oct-24,Individual,1,Not Paid,10/8/2026,adil,adilagl-000491@gmail.com,Muhammad adil,47542-0810932-6,Not-Found,Single,A+,1/1/1990,1,1,1,job,Pakistani,"Lahore,Pakistan",03004455434,03004455434,,,,No,,,Not-Found,General Fitness,1,,,,
492,AGL-000492,10-Oct-24,Individual,1,Not Paid,10/8/2026,wasla,waslaagl-000492@gmail.com,Muhammad wasla,89576-4492839-5,Not-Found,Single,A+,1/1/1990,1,1,1,job,Pakistani,"Lahore,Pakistan",03004455434,03004455434,,,,No,,,Not-Found,General Fitness,1,,,,
493,AGL-000493,10-Oct-24,Individual,1,Not Paid,10/8/2026,asif,asifagl-000493@gmail.com,Muhammad asif,02112-3132418-6,Not-Found,Single,A+,1/1/1990,1,1,1,job,Pakistani,"Lahore,Pakistan",03096709560,03096709560,,,,No,,,Not-Found,General Fitness,1,,,,
494,AGL-000494,10-Oct-24,Individual,1,Not Paid,10/8/2026,asif,asifagl-000494@gmail.com,Muhammad asif,23795-1662508-7,Not-Found,Single,A+,1/1/1990,1,1,1,job,Pakistani,"Lahore,Pakistan",03096709560,03096709560,,,,No,,,Not-Found,General Fitness,1,,,,
495,AGL-000495,10-Apr-26,Individual,1,Not Paid,10/8/2026,m talal,mtalalagl-000495@gmail.com,Muhammad m talal,99538-7715059-3,Not-Found,Single,A+,1/1/1990,1,1,1,job,Pakistani,"Lahore,Pakistan",03222288821,03222288821,,,,No,,,Not-Found,General Fitness,1,,,,
496,AGL-000496,11-Oct-24,Individual,1,Not Paid,11/8/2026,hammad,hammadagl-000496@gmail.com,Muhammad hammad,75528-2420702-0,Not-Found,Single,A+,1/1/1990,1,1,1,job,Pakistani,"Lahore,Pakistan",03084564793,03084564793,,,,No,,,Not-Found,General Fitness,1,,,,
497,AGL-000497,11-Oct-24,Individual,1,Not Paid,11/8/2026,saad,saadagl-000497@gmail.com,Muhammad saad,40029-3393934-9,Not-Found,Single,A+,1/1/1990,1,1,1,job,Pakistani,"Lahore,Pakistan",03245081613,03245081613,,,,No,,,Not-Found,General Fitness,1,,,,
498,AGL-000498,11-Oct-24,Individual,1,Not Paid,11/8/2026,janzab,janzabagl-000498@gmail.com,Muhammad janzab,90300-7381485-7,Not-Found,Single,A+,1/1/1990,1,1,1,job,Pakistani,"Lahore,Pakistan",03283173236,03283173236,,,,No,,,Not-Found,General Fitness,1,,,,
499,AGL-000499,11-Oct-24,Individual,1,Not Paid,11/8/2026,jabran,jabranagl-000499@gmail.com,Muhammad jabran,51254-8531392-3,Not-Found,Single,A+,1/1/1990,1,1,1,job,Pakistani,"Lahore,Pakistan",03390062616,03390062616,,,,No,,,Not-Found,General Fitness,1,,,,
500,AGL-000500,12-Nov-24,Individual,1,Not Paid,12/8/2026,abdullah,abdullahagl-000500@gmail.com,Muhammad abdullah,54759-5294057-9,Not-Found,Single,A+,1/1/1990,1,1,1,job,Pakistani,"Lahore,Pakistan",03001288453,03001288453,,,,No,,,Not-Found,General Fitness,1,,,,
501,AGL-000501,17-May-25,Individual,1,Not Paid,17/08/2026,waqar ahmmad,waqarahmmadagl-000501@gmail.com,Muhammad waqar ahmmad,42743-1333849-1,Not-Found,Single,A+,1/1/1990,1,1,1,job,Pakistani,"Lahore,Pakistan",03044486188,03044486188,,,,No,,,Not-Found,General Fitness,1,,,,
502,AGL-000502,14-Oct-24,Individual,1,Not Paid,14/08/2026,asad,asadagl-000502@gmail.com,Muhammad asad,54817-3319043-8,Not-Found,Single,A+,1/1/1990,1,1,1,job,Pakistani,"Lahore,Pakistan",03228080978,03228080978,,,,No,,,Not-Found,General Fitness,1,,,,
503,AGL-000503,3-Dec-24,Individual,1,Not Paid,3/8/2026,m usman,musmanagl-000503@gmail.com,Muhammad m usman,09553-8003884-2,Not-Found,Single,A+,1/1/1990,1,1,1,job,Pakistani,"Lahore,Pakistan",03221489473,03221489473,,,,No,,,Not-Found,General Fitness,1,,,,
504,AGL-000504,21-Jan-25,Individual,1,Not Paid,21/08/2026,m ali,maliagl-000504@gmail.com,Muhammad m ali,41638-1875185-7,Not-Found,Single,A+,1/1/1990,1,1,1,job,Pakistani,"Lahore,Pakistan",03236459135,03236459135,,,,No,,,Not-Found,General Fitness,1,,,,
505,AGL-000505,19-Nov-24,Individual,1,Not Paid,19/08/2026,imran,imranagl-000505@gmail.com,Muhammad imran,85086-6507964-6,Not-Found,Single,A+,1/1/1990,1,1,1,job,Pakistani,"Lahore,Pakistan",03460170293,03460170293,,,,No,,,Not-Found,General Fitness,1,,,,
506,AGL-000506,23-Sep-25,Individual,1,Not Paid,23/08/2026,asfaq,asfaqagl-000506@gmail.com,Muhammad asfaq,35530-4533857-9,Not-Found,Single,A+,1/1/1990,1,1,1,job,Pakistani,"Lahore,Pakistan",03234233310,03234233310,,,,No,,,Not-Found,General Fitness,1,,,,
507,AGL-000507,15-Oct-24,Individual,1,Not Paid,15/08/2026,wjahat naeem,wjahatnaeemagl-000507@gmail.com,Muhammad wjahat naeem,22886-6480015-0,Not-Found,Single,A+,1/1/1990,1,1,1,job,Pakistani,"Lahore,Pakistan",03080452458,03080452458,,,,No,,,Not-Found,General Fitness,1,,,,
508,AGL-000508,15-Oct-24,Individual,1,Not Paid,15/08/2026,ehthsam,ehthsamagl-000508@gmail.com,Muhammad ehthsam,06458-9153660-7,Not-Found,Single,A+,1/1/1990,1,1,1,job,Pakistani,"Lahore,Pakistan",03025317008,03025317008,,,,No,,,Not-Found,General Fitness,1,,,,
509,AGL-000509,15-Oct-24,Individual,1,Not Paid,15/08/2026,ahmad iejaz,ahmadiejazagl-000509@gmail.com,Muhammad ahmad iejaz,43767-7911016-5,Not-Found,Single,A+,1/1/1990,1,1,1,job,Pakistani,"Lahore,Pakistan",03164127977,03164127977,,,,No,,,Not-Found,General Fitness,1,,,,
510,AGL-000510,15-Oct-24,Individual,1,Not Paid,15/08/2026,haris,harisagl-000510@gmail.com,Muhammad haris,64449-1039751-1,Not-Found,Single,A+,1/1/1990,1,1,1,job,Pakistani,"Lahore,Pakistan",03004455434,03004455434,,,,No,,,Not-Found,General Fitness,1,,,,
511,AGL-000511,15-Oct-24,Individual,1,Not Paid,15/08/2026,mahsin,mahsinagl-000511@gmail.com,Muhammad mahsin,05269-2082760-5,Not-Found,Single,A+,1/1/1990,1,1,1,job,Pakistani,"Lahore,Pakistan",03054855444,03054855444,,,,No,,,Not-Found,General Fitness,1,,,,
512,AGL-000512,15-Oct-24,Individual,1,Not Paid,15/08/2026,asad,asadagl-000512@gmail.com,Muhammad asad,67198-8130964-1,Not-Found,Single,A+,1/1/1990,1,1,1,job,Pakistani,"Lahore,Pakistan",03228080978,03228080978,,,,No,,,Not-Found,General Fitness,1,,,,
513,AGL-000513,16-Oct-24,Individual,1,Not Paid,16/08/2026,ali shan,alishanagl-000513@gmail.com,Muhammad ali shan,08828-3006386-3,Not-Found,Single,A+,1/1/1990,1,1,1,job,Pakistani,"Lahore,Pakistan",03014744129,03014744129,,,,No,,,Not-Found,General Fitness,1,,,,
514,AGL-000514,16-Oct-24,Individual,1,Not Paid,16/08/2026,waleed,waleedagl-000514@gmail.com,Muhammad waleed,10258-7192725-6,Not-Found,Single,A+,1/1/1990,1,1,1,job,Pakistani,"Lahore,Pakistan",03114789027,03114789027,,,,No,,,Not-Found,General Fitness,1,,,,
515,AGL-000515,13-Jan-25,Individual,1,Not Paid,13/08/2026,adul ahad,adulahadagl-000515@gmail.com,Muhammad adul ahad,28890-4986007-4,Not-Found,Single,A+,1/1/1990,1,1,1,job,Pakistani,"Lahore,Pakistan",03214446903,03214446903,,,,No,,,Not-Found,General Fitness,1,,,,
516,AGL-000516,18-Nov-24,Individual,1,Not Paid,18/08/2026,suban sami,subansamiagl-000516@gmail.com,Muhammad suban sami,58853-4036438-7,Not-Found,Single,A+,1/1/1990,1,1,1,job,Pakistani,"Lahore,Pakistan",03069225152,03069225152,,,,No,,,Not-Found,General Fitness,1,,,,
517,AGL-000517,19-Nov-24,Individual,1,Not Paid,19/08/2026,joshua,joshuaagl-000517@gmail.com,Muhammad joshua,32595-0610587-0,Not-Found,Single,A+,1/1/1990,1,1,1,job,Pakistani,"Lahore,Pakistan",03004338615,03004338615,,,,No,,,Not-Found,General Fitness,1,,,,
518,AGL-000518,23-Nov-24,Individual,1,Not Paid,23/08/2026,salman,salmanagl-000518@gmail.com,Muhammad salman,51962-3525237-6,Not-Found,Single,A+,1/1/1990,1,1,1,job,Pakistani,"Lahore,Pakistan",03204353835,03204353835,,,,No,,,Not-Found,General Fitness,1,,,,
519,AGL-000519,16-Oct-24,Individual,1,Not Paid,16/08/2026,subhan,subhanagl-000519@gmail.com,Muhammad subhan,06025-3099015-8,Not-Found,Single,A+,1/1/1990,1,1,1,job,Pakistani,"Lahore,Pakistan",03214674821,03214674821,,,,No,,,Not-Found,General Fitness,1,,,,
520,AGL-000520,2-May-26,Individual,1,Not Paid,2/8/2026,umer,umeragl-000520@gmail.com,Muhammad umer,25227-4204015-2,Not-Found,Single,A+,1/1/1990,1,1,1,job,Pakistani,"Lahore,Pakistan",03161465145,03161465145,,,,No,,,Not-Found,General Fitness,1,,,,
521,AGL-000521,16-Oct-24,Individual,1,Not Paid,16/08/2026,usman,usmanagl-000521@gmail.com,Muhammad usman,10406-6716245-2,Not-Found,Single,A+,1/1/1990,1,1,1,job,Pakistani,"Lahore,Pakistan",03045332705,03045332705,,,,No,,,Not-Found,General Fitness,1,,,,
522,AGL-000522,16-Feb-26,Individual,1,Not Paid,16/08/2026,saad,saadagl-000522@gmail.com,Muhammad saad,51501-8415629-5,Not-Found,Single,A+,1/1/1990,1,1,1,job,Pakistani,"Lahore,Pakistan",03252305030,03252305030,,,,No,,,Not-Found,General Fitness,1,,,,
523,AGL-000523,20-Jun-26,Individual,1,Not Paid,20/08/2026,yousaf,yousafagl-000523@gmail.com,Muhammad yousaf,47766-0088830-0,Not-Found,Single,A+,1/1/1990,1,1,1,job,Pakistani,"Lahore,Pakistan",03229999936,03229999936,,,,No,,,Not-Found,General Fitness,1,,,,
524,AGL-000524,17-Oct-24,Individual,1,Not Paid,17/08/2026,anis,anisagl-000524@gmail.com,Muhammad anis,14415-4781960-0,Not-Found,Single,A+,1/1/1990,1,1,1,job,Pakistani,"Lahore,Pakistan",03004455434,03004455434,,,,No,,,Not-Found,General Fitness,1,,,,
525,AGL-000525,18-Oct-24,Individual,1,Not Paid,18/08/2026,zain ali tariq,zainalitariqagl-000525@gmail.com,Muhammad zain ali tariq,95462-4590083-0,Not-Found,Single,A+,1/1/1990,1,1,1,job,Pakistani,"Lahore,Pakistan",03193626041,03193626041,,,,No,,,Not-Found,General Fitness,1,,,,
526,AGL-000526,18-Nov-24,Individual,1,Not Paid,18/08/2026,danish,danishagl-000526@gmail.com,Muhammad danish,12920-4585409-9,Not-Found,Single,A+,1/1/1990,1,1,1,job,Pakistani,"Lahore,Pakistan",03231429817,03231429817,,,,No,,,Not-Found,General Fitness,1,,,,
527,AGL-000527,15-Jan-25,Individual,1,Not Paid,15/08/2026,abdul muneer,abdulmuneeragl-000527@gmail.com,Muhammad abdul muneer,18888-9818280-6,Not-Found,Single,A+,1/1/1990,1,1,1,job,Pakistani,"Lahore,Pakistan",03217967085,03217967085,,,,No,,,Not-Found,General Fitness,1,,,,
528,AGL-000528,19-Oct-24,Individual,1,Not Paid,19/08/2026,dowood,dowoodagl-000528@gmail.com,Muhammad dowood,41058-7176259-0,Not-Found,Single,A+,1/1/1990,1,1,1,job,Pakistani,"Lahore,Pakistan",03071999931,03071999931,,,,No,,,Not-Found,General Fitness,1,,,,
529,AGL-000529,19-Oct-24,Individual,1,Not Paid,19/08/2026,raja gill,rajagillagl-000529@gmail.com,Muhammad raja gill,02692-8003023-8,Not-Found,Single,A+,1/1/1990,1,1,1,job,Pakistani,"Lahore,Pakistan",03055563928,03055563928,,,,No,,,Not-Found,General Fitness,1,,,,
530,AGL-000530,19-Oct-24,Individual,1,Not Paid,19/08/2026,muzaffar,muzaffaragl-000530@gmail.com,Muhammad muzaffar,61087-9709458-1,Not-Found,Single,A+,1/1/1990,1,1,1,job,Pakistani,"Lahore,Pakistan",03071999931,03071999931,,,,No,,,Not-Found,General Fitness,1,,,,
531,AGL-000531,7-Aug-25,Individual,1,Not Paid,7/8/2026,rehman,rehmanagl-000531@gmail.com,Muhammad rehman,26049-5881514-3,Not-Found,Single,A+,1/1/1990,1,1,1,job,Pakistani,"Lahore,Pakistan",03044835338,03044835338,,,,No,,,Not-Found,General Fitness,1,,,,
532,AGL-000532,11-May-26,Individual,1,Not Paid,11/8/2026,m ahmmad,mahmmadagl-000532@gmail.com,Muhammad m ahmmad,25593-1337497-4,Not-Found,Single,A+,1/1/1990,1,1,1,job,Pakistani,"Lahore,Pakistan",03316299186,03316299186,,,,No,,,Not-Found,General Fitness,1,,,,
533,AGL-000533,28-Dec-24,Individual,1,Not Paid,28/08/2026,moneeba,moneebaagl-000533@gmail.com,Muhammad moneeba,44000-8921411-3,Not-Found,Single,A+,1/1/1990,1,1,1,job,Pakistani,"Lahore,Pakistan",03334319235,03334319235,,,,No,,,Not-Found,General Fitness,1,,,,
534,AGL-000534,21-Oct-24,Individual,1,Not Paid,21/08/2026,waqas,waqasagl-000534@gmail.com,Muhammad waqas,52935-8715806-1,Not-Found,Single,A+,1/1/1990,1,1,1,job,Pakistani,"Lahore,Pakistan",03024768365,03024768365,,,,No,,,Not-Found,General Fitness,1,,,,
535,AGL-000535,11-Feb-25,Individual,1,Not Paid,11/8/2026,rashid,rashidagl-000535@gmail.com,Muhammad rashid,35894-5848633-0,Not-Found,Single,A+,1/1/1990,1,1,1,job,Pakistani,"Lahore,Pakistan",03000469020,03000469020,,,,No,,,Not-Found,General Fitness,1,,,,
536,AGL-000536,22-Jan-25,Individual,1,Not Paid,22/08/2026,samad,samadagl-000536@gmail.com,Muhammad samad,89519-6642334-4,Not-Found,Single,A+,1/1/1990,1,1,1,job,Pakistani,"Lahore,Pakistan",03160480084,03160480084,,,,No,,,Not-Found,General Fitness,1,,,,
537,AGL-000537,30-Jun-26,Individual,1,Not Paid,30/08/2026,abuzar,abuzaragl-000537@gmail.com,Muhammad abuzar,62792-0060090-7,Not-Found,Single,A+,1/1/1990,1,1,1,job,Pakistani,"Lahore,Pakistan",03000000537,03000000537,,,,No,,,Not-Found,General Fitness,1,,,,
538,AGL-000538,22-Oct-24,Individual,1,Not Paid,22/08/2026,USAMA,usamaagl-000538@gmail.com,Muhammad USAMA,02200-1578901-7,Not-Found,Single,A+,1/1/1990,1,1,1,job,Pakistani,"Lahore,Pakistan",03060115672,03060115672,,,,No,,,Not-Found,General Fitness,1,,,,
539,AGL-000539,22-Oct-24,Individual,1,Not Paid,22/08/2026,UMER,umeragl-000539@gmail.com,Muhammad UMER,95621-7970746-1,Not-Found,Single,A+,1/1/1990,1,1,1,job,Pakistani,"Lahore,Pakistan",03107828226,03107828226,,,,No,,,Not-Found,General Fitness,1,,,,
540,AGL-000540,23-Oct-24,Individual,1,Not Paid,23/08/2026,IBRAHIM,ibrahimagl-000540@gmail.com,Muhammad IBRAHIM,93358-6605604-7,Not-Found,Single,A+,1/1/1990,1,1,1,job,Pakistani,"Lahore,Pakistan",03101058282,03101058282,,,,No,,,Not-Found,General Fitness,1,,,,
541,AGL-000541,23-Oct-24,Individual,1,Not Paid,23/08/2026,hadi shokar ullah,hadishokarullahagl-000541@gmail.com,Muhammad hadi shokar ullah,26580-6590317-1,Not-Found,Single,A+,1/1/1990,1,1,1,job,Pakistani,"Lahore,Pakistan",03144268664,03144268664,,,,No,,,Not-Found,General Fitness,1,,,,
542,AGL-000542,15-Apr-25,Individual,1,Not Paid,15/08/2026,junaid,junaidagl-000542@gmail.com,Muhammad junaid,26994-9263921-8,Not-Found,Single,A+,1/1/1990,1,1,1,job,Pakistani,"Lahore,Pakistan",03200424019,03200424019,,,,No,,,Not-Found,General Fitness,1,,,,
543,AGL-000543,25-Jan-25,Individual,1,Not Paid,25/08/2026,qasim,qasimagl-000543@gmail.com,Muhammad qasim,47213-6783605-4,Not-Found,Single,A+,1/1/1990,1,1,1,job,Pakistani,"Lahore,Pakistan",03000000543,03000000543,,,,No,,,Not-Found,General Fitness,1,,,,
544,AGL-000544,23-Oct-24,Individual,1,Not Paid,23/08/2026,iqbal,iqbalagl-000544@gmail.com,Muhammad iqbal,60794-4183423-5,Not-Found,Single,A+,1/1/1990,1,1,1,job,Pakistani,"Lahore,Pakistan",03464112027,03464112027,,,,No,,,Not-Found,General Fitness,1,,,,
545,AGL-000545,20-Jan-25,Individual,1,Not Paid,20/08/2026,m ali,maliagl-000545@gmail.com,Muhammad m ali,06768-6567473-3,Not-Found,Single,A+,1/1/1990,1,1,1,job,Pakistani,"Lahore,Pakistan",03086436477,03086436477,,,,No,,,Not-Found,General Fitness,1,,,,
546,AGL-000546,23-Oct-24,Individual,1,Not Paid,23/08/2026,zaroon,zaroonagl-000546@gmail.com,Muhammad zaroon,14187-4121585-6,Not-Found,Single,A+,1/1/1990,1,1,1,job,Pakistani,"Lahore,Pakistan",03336733122,03336733122,,,,No,,,Not-Found,General Fitness,1,,,,
547,AGL-000547,4-Dec-25,Individual,1,Not Paid,4/8/2026,sarjeel,sarjeelagl-000547@gmail.com,Muhammad sarjeel,23629-8474048-8,Not-Found,Single,A+,1/1/1990,1,1,1,job,Pakistani,"Lahore,Pakistan",03256835446,03256835446,,,,No,,,Not-Found,General Fitness,1,,,,
548,AGL-000548,13-Jan-25,Individual,1,Not Paid,13/08/2026,mabashir,mabashiragl-000548@gmail.com,Muhammad mabashir,70632-2013761-3,Not-Found,Single,A+,1/1/1990,1,1,1,job,Pakistani,"Lahore,Pakistan",03101453889,03101453889,,,,No,,,Not-Found,General Fitness,1,,,,
549,AGL-000549,24-Oct-24,Individual,1,Not Paid,24/08/2026,rashid,rashidagl-000549@gmail.com,Muhammad rashid,23687-8271283-7,Not-Found,Single,A+,1/1/1990,1,1,1,job,Pakistani,"Lahore,Pakistan",03014483963,03014483963,,,,No,,,Not-Found,General Fitness,1,,,,
550,AGL-000550,24-Oct-24,Individual,1,Not Paid,24/08/2026,noraiz,noraizagl-000550@gmail.com,Muhammad noraiz,89021-9790674-2,Not-Found,Single,A+,1/1/1990,1,1,1,job,Pakistani,"Lahore,Pakistan",03000000550,03000000550,,,,No,,,Not-Found,General Fitness,1,,,,
551,AGL-000551,24-Oct-24,Individual,1,Not Paid,24/08/2026,hameed,hameedagl-000551@gmail.com,Muhammad hameed,73624-5175641-2,Not-Found,Single,A+,1/1/1990,1,1,1,job,Pakistani,"Lahore,Pakistan",03334957661,03334957661,,,,No,,,Not-Found,General Fitness,1,,,,
552,AGL-000552,24-Oct-24,Individual,1,Not Paid,24/08/2026,dilshad,dilshadagl-000552@gmail.com,Muhammad dilshad,96660-1652251-6,Not-Found,Single,A+,1/1/1990,1,1,1,job,Pakistani,"Lahore,Pakistan",03334957661,03334957661,,,,No,,,Not-Found,General Fitness,1,,,,
553,AGL-000553,4-Feb-25,Individual,1,Not Paid,4/8/2026,amjad,amjadagl-000553@gmail.com,Muhammad amjad,23623-5731238-4,Not-Found,Single,A+,1/1/1990,1,1,1,job,Pakistani,"Lahore,Pakistan",03004400310,03004400310,,,,No,,,Not-Found,General Fitness,1,,,,
554,AGL-000554,23-Dec-24,Individual,1,Not Paid,23/08/2026,junaid,junaidagl-000554@gmail.com,Muhammad junaid,47964-5183182-9,Not-Found,Single,A+,1/1/1990,1,1,1,job,Pakistani,"Lahore,Pakistan",03235354115,03235354115,,,,No,,,Not-Found,General Fitness,1,,,,
555,AGL-000555,25-Oct-24,Individual,1,Not Paid,25/08/2026,rehan,rehanagl-000555@gmail.com,Muhammad rehan,49662-3886612-1,Not-Found,Single,A+,1/1/1990,1,1,1,job,Pakistani,"Lahore,Pakistan",03334901020,03334901020,,,,No,,,Not-Found,General Fitness,1,,,,
556,AGL-000556,3-Sep-25,Individual,1,Not Paid,3/8/2026,haroon,haroonagl-000556@gmail.com,Muhammad haroon,95851-0999847-2,Not-Found,Single,A+,1/1/1990,1,1,1,job,Pakistani,"Lahore,Pakistan",03281124489,03281124489,,,,No,,,Not-Found,General Fitness,1,,,,
557,AGL-000557,28-Oct-24,Individual,1,Not Paid,28/08/2026,tahir,tahiragl-000557@gmail.com,Muhammad tahir,58687-7393109-5,Not-Found,Single,A+,1/1/1990,1,1,1,job,Pakistani,"Lahore,Pakistan",03294286450,03294286450,,,,No,,,Not-Found,General Fitness,1,,,,
558,AGL-000558,29-Oct-24,Individual,1,Not Paid,29/08/2026,hamza,hamzaagl-000558@gmail.com,Muhammad hamza,25356-9293694-4,Not-Found,Single,A+,1/1/1990,1,1,1,job,Pakistani,"Lahore,Pakistan",03410288299,03410288299,,,,No,,,Not-Found,General Fitness,1,,,,
559,AGL-000559,29-Oct-24,Individual,1,Not Paid,29/08/2026,madasir,madasiragl-000559@gmail.com,Muhammad madasir,90204-8446144-5,Not-Found,Single,A+,1/1/1990,1,1,1,job,Pakistani,"Lahore,Pakistan",03487768059,03487768059,,,,No,,,Not-Found,General Fitness,1,,,,
560,AGL-000560,29-Oct-24,Individual,1,Not Paid,29/08/2026,shazil,shazilagl-000560@gmail.com,Muhammad shazil,49718-0162727-6,Not-Found,Single,A+,1/1/1990,1,1,1,job,Pakistani,"Lahore,Pakistan",03106977382,03106977382,,,,No,,,Not-Found,General Fitness,1,,,,
561,AGL-000561,29-Oct-24,Individual,1,Not Paid,29/08/2026,rehan shahzad,rehanshahzadagl-000561@gmail.com,Muhammad rehan shahzad,73820-1209334-2,Not-Found,Single,A+,1/1/1990,1,1,1,job,Pakistani,"Lahore,Pakistan",03244449592,03244449592,,,,No,,,Not-Found,General Fitness,1,,,,
562,AGL-000562,17-Feb-26,Individual,1,Not Paid,17/08/2026,hassain,hassainagl-000562@gmail.com,Muhammad hassain,47887-8548343-1,Not-Found,Single,A+,1/1/1990,1,1,1,job,Pakistani,"Lahore,Pakistan",03214364649,03214364649,,,,No,,,Not-Found,General Fitness,1,,,,
563,AGL-000563,6-Dec-24,Individual,1,Not Paid,6/8/2026,umaimaina,umaimainaagl-000563@gmail.com,Muhammad umaimaina,98747-4140464-7,Not-Found,Single,A+,1/1/1990,1,1,1,job,Pakistani,"Lahore,Pakistan",03249881542,03249881542,,,,No,,,Not-Found,General Fitness,1,,,,
564,AGL-000564,29-Oct-24,Individual,1,Not Paid,29/08/2026,kaneez,kaneezagl-000564@gmail.com,Muhammad kaneez,64319-9552923-1,Not-Found,Single,A+,1/1/1990,1,1,1,job,Pakistani,"Lahore,Pakistan",03244627957,03244627957,,,,No,,,Not-Found,General Fitness,1,,,,
565,AGL-000565,30-Oct-24,Individual,1,Not Paid,30/08/2026,zeeshan,zeeshanagl-000565@gmail.com,Muhammad zeeshan,35998-0883639-1,Not-Found,Single,A+,1/1/1990,1,1,1,job,Pakistani,"Lahore,Pakistan",03060000948,03060000948,,,,No,,,Not-Found,General Fitness,1,,,,
566,AGL-000566,1-Nov-24,Individual,1,Not Paid,1/8/2026,arshia,arshiaagl-000566@gmail.com,Muhammad arshia,28778-0247765-8,Not-Found,Single,A+,1/1/1990,1,1,1,job,Pakistani,"Lahore,Pakistan",03240881542,03240881542,,,,No,,,Not-Found,General Fitness,1,,,,
567,AGL-000567,1-Nov-24,Individual,1,Not Paid,1/8/2026,javeed,javeedagl-000567@gmail.com,Muhammad javeed,14599-1237631-5,Not-Found,Single,A+,1/1/1990,1,1,1,job,Pakistani,"Lahore,Pakistan",03004748379,03004748379,,,,No,,,Not-Found,General Fitness,1,,,,
568,AGL-000568,1-Nov-24,Individual,1,Not Paid,1/8/2026,hamza,hamzaagl-000568@gmail.com,Muhammad hamza,33044-8885073-1,Not-Found,Single,A+,1/1/1990,1,1,1,job,Pakistani,"Lahore,Pakistan",03204519032,03204519032,,,,No,,,Not-Found,General Fitness,1,,,,
569,AGL-000569,11-Apr-25,Individual,1,Not Paid,11/8/2026,hamza,hamzaagl-000569@gmail.com,Muhammad hamza,27618-2737319-2,Not-Found,Single,A+,1/1/1990,1,1,1,job,Pakistani,"Lahore,Pakistan",03174216077,03174216077,,,,No,,,Not-Found,General Fitness,1,,,,
570,AGL-000570,11-Jun-26,Individual,1,Not Paid,11/8/2026,sharjeel,sharjeelagl-000570@gmail.com,Muhammad sharjeel,25723-6593897-3,Not-Found,Single,A+,1/1/1990,1,1,1,job,Pakistani,"Lahore,Pakistan",03004195301,03004195301,,,,No,,,Not-Found,General Fitness,1,,,,
571,AGL-000571,2-Jun-26,Individual,1,Not Paid,2/8/2026,arslan,arslanagl-000571@gmail.com,Muhammad arslan,33294-0273534-6,Not-Found,Single,A+,1/1/1990,1,1,1,job,Pakistani,"Lahore,Pakistan",03068122179,03068122179,,,,No,,,Not-Found,General Fitness,1,,,,
572,AGL-000572,17-Sep-25,Individual,1,Not Paid,17/08/2026,furkan,furkanagl-000572@gmail.com,Muhammad furkan,80263-0135692-6,Not-Found,Single,A+,1/1/1990,1,1,1,job,Pakistani,"Lahore,Pakistan",03224049784,03224049784,,,,No,,,Not-Found,General Fitness,1,,,,
573,AGL-000596,23-Oct-25,Individual,1,Not Paid,23/08/2026,daim,daimagl-000596@gmail.com,Muhammad daim,09480-9274633-4,Not-Found,Single,A+,1/1/1990,1,1,1,job,Pakistani,"Lahore,Pakistan",03000000596,03000000596,,,,No,,,Not-Found,General Fitness,1,,,,
574,AGL-000597,7-Nov-24,Individual,1,Not Paid,7/8/2026,umer,umeragl-000597@gmail.com,Muhammad umer,39896-3227339-1,Not-Found,Single,A+,1/1/1990,1,1,1,job,Pakistani,"Lahore,Pakistan",03104337140,03104337140,,,,No,,,Not-Found,General Fitness,1,,,,
575,AGL-000598,12-Dec-24,Individual,1,Not Paid,12/8/2026,shahid,shahidagl-000598@gmail.com,Muhammad shahid,13739-1840285-7,Not-Found,Single,A+,1/1/1990,1,1,1,job,Pakistani,"Lahore,Pakistan",03139805671,03139805671,,,,No,,,Not-Found,General Fitness,1,,,,
576,AGL-000599,12-Dec-24,Individual,1,Not Paid,12/8/2026,arslan,arslanagl-000599@gmail.com,Muhammad arslan,50248-9028412-5,Not-Found,Single,A+,1/1/1990,1,1,1,job,Pakistani,"Lahore,Pakistan",03074469664,03074469664,,,,No,,,Not-Found,General Fitness,1,,,,
577,AGL-000600,8-Jan-25,Individual,1,Not Paid,8/8/2026,USMAN GHANI,usmanghaniagl-000600@gmail.com,Muhammad USMAN GHANI,31220-5855800-4,Not-Found,Single,A+,1/1/1990,1,1,1,job,Pakistani,"Lahore,Pakistan",03238410660,03238410660,,,,No,,,Not-Found,General Fitness,1,,,,
578,AGL-000601,7-Jan-25,Individual,1,Not Paid,7/8/2026,ahmmad,ahmmadagl-000601@gmail.com,Muhammad ahmmad,77248-3226980-4,Not-Found,Single,A+,1/1/1990,1,1,1,job,Pakistani,"Lahore,Pakistan",03214276202,03214276202,,,,No,,,Not-Found,General Fitness,1,,,,
579,AGL-000602,7-Jan-25,Individual,1,Not Paid,7/8/2026,gulshar,gulsharagl-000602@gmail.com,Muhammad gulshar,58961-9432315-3,Not-Found,Single,A+,1/1/1990,1,1,1,job,Pakistani,"Lahore,Pakistan",03044892074,03044892074,,,,No,,,Not-Found,General Fitness,1,,,,
580,AGL-000603,9-Jan-25,Individual,1,Not Paid,9/8/2026,BILAL,bilalagl-000603@gmail.com,Muhammad BILAL,41018-7946988-6,Not-Found,Single,A+,1/1/1990,1,1,1,job,Pakistani,"Lahore,Pakistan",03080420131,03080420131,,,,No,,,Not-Found,General Fitness,1,,,,
581,AGL-000604,9-Jan-25,Individual,1,Not Paid,9/8/2026,MUSTAFA,mustafaagl-000604@gmail.com,Muhammad MUSTAFA,41746-3509362-6,Not-Found,Single,A+,1/1/1990,1,1,1,job,Pakistani,"Lahore,Pakistan",03098698063,03098698063,,,,No,,,Not-Found,General Fitness,1,,,,
582,AGL-000605,8-Nov-24,Individual,1,Not Paid,8/8/2026,sayed haidar ali,sayedhaidaraliagl-000605@gmail.com,Muhammad sayed haidar ali,59614-2578584-8,Not-Found,Single,A+,1/1/1990,1,1,1,job,Pakistani,"Lahore,Pakistan",03034282052,03034282052,,,,No,,,Not-Found,General Fitness,1,,,,
583,AGL-000606,29-Jul-25,Individual,1,Not Paid,29/08/2026,musa amir,musaamiragl-000606@gmail.com,Muhammad musa amir,34746-0617470-5,Not-Found,Single,A+,1/1/1990,1,1,1,job,Pakistani,"Lahore,Pakistan",03151777625,03151777625,,,,No,,,Not-Found,General Fitness,1,,,,
584,AGL-000607,9-Nov-24,Individual,1,Not Paid,9/8/2026,aqib,aqibagl-000607@gmail.com,Muhammad aqib,53025-5616056-1,Not-Found,Single,A+,1/1/1990,1,1,1,job,Pakistani,"Lahore,Pakistan",03134519991,03134519991,,,,No,,,Not-Found,General Fitness,1,,,,
585,AGL-000608,9-Nov-24,Individual,1,Not Paid,9/8/2026,awais,awaisagl-000608@gmail.com,Muhammad awais,75718-4479512-9,Not-Found,Single,A+,1/1/1990,1,1,1,job,Pakistani,"Lahore,Pakistan",03334088102,03334088102,,,,No,,,Not-Found,General Fitness,1,,,,
586,AGL-000609,16-Dec-24,Individual,1,Not Paid,16/08/2026,ahmad malik,ahmadmalikagl-000609@gmail.com,Muhammad ahmad malik,97135-9167988-0,Not-Found,Single,A+,1/1/1990,1,1,1,job,Pakistani,"Lahore,Pakistan",03244308770,03244308770,,,,No,,,Not-Found,General Fitness,1,,,,
587,AGL-000610,10-Dec-24,Individual,1,Not Paid,10/8/2026,sajad,sajadagl-000610@gmail.com,Muhammad sajad,42132-8224738-4,Not-Found,Single,A+,1/1/1990,1,1,1,job,Pakistani,"Lahore,Pakistan",03101333330,03101333330,,,,No,,,Not-Found,General Fitness,1,,,,
588,AGL-000611,23-Jan-25,Individual,1,Not Paid,23/08/2026,daniyal,daniyalagl-000611@gmail.com,Muhammad daniyal,64388-9121525-0,Not-Found,Single,A+,1/1/1990,1,1,1,job,Pakistani,"Lahore,Pakistan",03484695175,03484695175,,,,No,,,Not-Found,General Fitness,1,,,,
589,AGL-000612,10-Feb-25,Individual,1,Not Paid,10/8/2026,rashid,rashidagl-000612@gmail.com,Muhammad rashid,34334-8913060-9,Not-Found,Single,A+,1/1/1990,1,1,1,job,Pakistani,"Lahore,Pakistan",03039048493,03039048493,,,,No,,,Not-Found,General Fitness,1,,,,
590,AGL-000613,12-Nov-24,Individual,1,Not Paid,12/8/2026,nida,nidaagl-000613@gmail.com,Muhammad nida,80932-6089195-4,Not-Found,Single,A+,1/1/1990,1,1,1,job,Pakistani,"Lahore,Pakistan",03091424989,03091424989,,,,No,,,Not-Found,General Fitness,1,,,,
591,AGL-000614,13-Nov-24,Individual,1,Not Paid,13/08/2026,hassan shah,hassanshahagl-000614@gmail.com,Muhammad hassan shah,90746-3373297-8,Not-Found,Single,A+,1/1/1990,1,1,1,job,Pakistani,"Lahore,Pakistan",03231490672,03231490672,,,,No,,,Not-Found,General Fitness,1,,,,
592,AGL-000615,13-Nov-24,Individual,1,Not Paid,13/08/2026,ahamd rashieed,ahamdrashieedagl-000615@gmail.com,Muhammad ahamd rashieed,39551-6855360-3,Not-Found,Single,A+,1/1/1990,1,1,1,job,Pakistani,"Lahore,Pakistan",03207848018,03207848018,,,,No,,,Not-Found,General Fitness,1,,,,
593,AGL-000616,13-Nov-24,Individual,1,Not Paid,13/08/2026,hadi,hadiagl-000616@gmail.com,Muhammad hadi,71810-5361333-3,Not-Found,Single,A+,1/1/1990,1,1,1,job,Pakistani,"Lahore,Pakistan",03144109894,03144109894,,,,No,,,Not-Found,General Fitness,1,,,,
594,AGL-000617,23-Jun-26,Individual,1,Not Paid,23/08/2026,arbab,arbabagl-000617@gmail.com,Muhammad arbab,86133-3121900-9,Not-Found,Single,A+,1/1/1990,1,1,1,job,Pakistani,"Lahore,Pakistan",03027033003,03027033003,,,,No,,,Not-Found,General Fitness,1,,,,
595,AGL-000573,2-Nov-24,Individual,1,Not Paid,2/8/2026,waqar,waqaragl-000573@gmail.com,Muhammad waqar,46809-4442986-8,Not-Found,Single,A+,1/1/1990,1,1,1,job,Pakistani,"Lahore,Pakistan",03311140748,03311140748,,,,No,,,Not-Found,General Fitness,1,,,,
596,AGL-000574,10-Dec-24,Individual,1,Not Paid,10/8/2026,shah nawaz,shahnawazagl-000574@gmail.com,Muhammad shah nawaz,03032-4975964-0,Not-Found,Single,A+,1/1/1990,1,1,1,job,Pakistani,"Lahore,Pakistan",03213143417,03213143417,,,,No,,,Not-Found,General Fitness,1,,,,
597,AGL-000575,3-Dec-24,Individual,1,Not Paid,3/8/2026,m rizawan,mrizawanagl-000575@gmail.com,Muhammad m rizawan,09474-9213131-3,Not-Found,Single,A+,1/1/1990,1,1,1,job,Pakistani,"Lahore,Pakistan",03015850650,03015850650,,,,No,,,Not-Found,General Fitness,1,,,,
598,AGL-000576,4-Jun-26,Individual,1,Not Paid,4/8/2026,saad khan,saadkhanagl-000576@gmail.com,Muhammad saad khan,20533-0824850-0,Not-Found,Single,A+,1/1/1990,1,1,1,job,Pakistani,"Lahore,Pakistan",03124010403,03124010403,,,,No,,,Not-Found,General Fitness,1,,,,
599,AGL-000577,14-Dec-24,Individual,1,Not Paid,14/08/2026,ahmmad,ahmmadagl-000577@gmail.com,Muhammad ahmmad,46549-4535122-9,Not-Found,Single,A+,1/1/1990,1,1,1,job,Pakistani,"Lahore,Pakistan",03334332538,03334332538,,,,No,,,Not-Found,General Fitness,1,,,,
600,AGL-000578,4-Nov-24,Individual,1,Not Paid,4/8/2026,mudaser,mudaseragl-000578@gmail.com,Muhammad mudaser,49796-5223090-6,Not-Found,Single,A+,1/1/1990,1,1,1,job,Pakistani,"Lahore,Pakistan",03124010483,03124010483,,,,No,,,Not-Found,General Fitness,1,,,,
601,AGL-000579,14-Dec-24,Individual,1,Not Paid,14/08/2026,umair,umairagl-000579@gmail.com,Muhammad umair,75848-8865924-5,Not-Found,Single,A+,1/1/1990,1,1,1,job,Pakistani,"Lahore,Pakistan",03334332538,03334332538,,,,No,,,Not-Found,General Fitness,1,,,,
602,AGL-000580,4-Nov-24,Individual,1,Not Paid,4/8/2026,danish,danishagl-000580@gmail.com,Muhammad danish,68478-4047996-5,Not-Found,Single,A+,1/1/1990,1,1,1,job,Pakistani,"Lahore,Pakistan",03008561423,03008561423,,,,No,,,Not-Found,General Fitness,1,,,,
603,AGL-000581,4-Nov-24,Individual,1,Not Paid,4/8/2026,usman,usmanagl-000581@gmail.com,Muhammad usman,50410-6635254-1,Not-Found,Single,A+,1/1/1990,1,1,1,job,Pakistani,"Lahore,Pakistan",03202911223,03202911223,,,,No,,,Not-Found,General Fitness,1,,,,
604,AGL-000582,6-May-25,Individual,1,Not Paid,6/8/2026,ali,aliagl-000582@gmail.com,Muhammad ali,47990-2484573-5,Not-Found,Single,A+,1/1/1990,1,1,1,job,Pakistani,"Lahore,Pakistan",03237251522,03237251522,,,,No,,,Not-Found,General Fitness,1,,,,
605,AGL-000583,6-May-25,Individual,1,Not Paid,6/8/2026,ahad,ahadagl-000583@gmail.com,Muhammad ahad,50995-6805123-3,Not-Found,Single,A+,1/1/1990,1,1,1,job,Pakistani,"Lahore,Pakistan",03004602698,03004602698,,,,No,,,Not-Found,General Fitness,1,,,,
606,AGL-000584,4-Nov-24,Individual,1,Not Paid,4/8/2026,abuzar,abuzaragl-000584@gmail.com,Muhammad abuzar,98076-7654372-5,Not-Found,Single,A+,1/1/1990,1,1,1,job,Pakistani,"Lahore,Pakistan",03232319659,03232319659,,,,No,,,Not-Found,General Fitness,1,,,,
607,AGL-000585,4-Nov-24,Individual,1,Not Paid,4/8/2026,junaid,junaidagl-000585@gmail.com,Muhammad junaid,20544-7400480-4,Not-Found,Single,A+,1/1/1990,1,1,1,job,Pakistani,"Lahore,Pakistan",03132188813,03132188813,,,,No,,,Not-Found,General Fitness,1,,,,
608,AGL-000586,4-Nov-24,Individual,1,Not Paid,4/8/2026,abozar,abozaragl-000586@gmail.com,Muhammad abozar,39355-7471206-4,Not-Found,Single,A+,1/1/1990,1,1,1,job,Pakistani,"Lahore,Pakistan",03224310216,03224310216,,,,No,,,Not-Found,General Fitness,1,,,,
609,AGL-000587,4-Nov-24,Individual,1,Not Paid,4/8/2026,uzair,uzairagl-000587@gmail.com,Muhammad uzair,73829-8756278-5,Not-Found,Single,A+,1/1/1990,1,1,1,job,Pakistani,"Lahore,Pakistan",03224310216,03224310216,,,,No,,,Not-Found,General Fitness,1,,,,
610,AGL-000588,5-Nov-24,Individual,1,Not Paid,5/8/2026,rashid ali,rashidaliagl-000588@gmail.com,Muhammad rashid ali,55763-8389576-5,Not-Found,Single,A+,1/1/1990,1,1,1,job,Pakistani,"Lahore,Pakistan",03060421567,03060421567,,,,No,,,Not-Found,General Fitness,1,,,,
611,AGL-000589,5-Nov-24,Individual,1,Not Paid,5/8/2026,m bilal,mbilalagl-000589@gmail.com,Muhammad m bilal,42855-5875547-1,Not-Found,Single,A+,1/1/1990,1,1,1,job,Pakistani,"Lahore,Pakistan",03060421567,03060421567,,,,No,,,Not-Found,General Fitness,1,,,,
612,AGL-000590,5-Dec-24,Individual,1,Not Paid,5/8/2026,aiman,aimanagl-000590@gmail.com,Muhammad aiman,41650-5485843-9,Not-Found,Single,A+,1/1/1990,1,1,1,job,Pakistani,"Lahore,Pakistan",03160159867,03160159867,,,,No,,,Not-Found,General Fitness,1,,,,
613,AGL-000591,5-Nov-24,Individual,1,Not Paid,5/8/2026,imran,imranagl-000591@gmail.com,Muhammad imran,93957-2120573-2,Not-Found,Single,A+,1/1/1990,1,1,1,job,Pakistani,"Lahore,Pakistan",03114249305,03114249305,,,,No,,,Not-Found,General Fitness,1,,,,
614,AGL-000592,5-Nov-24,Individual,1,Not Paid,5/8/2026,dawood,dawoodagl-000592@gmail.com,Muhammad dawood,15484-1009221-0,Not-Found,Single,A+,1/1/1990,1,1,1,job,Pakistani,"Lahore,Pakistan",03324168577,03324168577,,,,No,,,Not-Found,General Fitness,1,,,,
615,AGL-000593,6-Nov-24,Individual,1,Not Paid,6/8/2026,asthish saeed,asthishsaeedagl-000593@gmail.com,Muhammad asthish saeed,10120-4686915-9,Not-Found,Single,A+,1/1/1990,1,1,1,job,Pakistani,"Lahore,Pakistan",03704559521,03704559521,,,,No,,,Not-Found,General Fitness,1,,,,
616,AGL-000594,6-Nov-24,Individual,1,Not Paid,6/8/2026,m usama,musamaagl-000594@gmail.com,Muhammad m usama,62962-3715365-4,Not-Found,Single,A+,1/1/1990,1,1,1,job,Pakistani,"Lahore,Pakistan",03001917418,03001917418,,,,No,,,Not-Found,General Fitness,1,,,,
617,AGL-000595,6-Nov-24,Individual,1,Not Paid,6/8/2026,m huazaifa,mhuazaifaagl-000595@gmail.com,Muhammad m huazaifa,69165-1607913-7,Not-Found,Single,A+,1/1/1990,1,1,1,job,Pakistani,"Lahore,Pakistan",03394865714,03394865714,,,,No,,,Not-Found,General Fitness,1,,,,
618,AGL-000618,17-Jun-25,Individual,1,Not Paid,17/08/2026,umer,umeragl-000618@gmail.com,Muhammad umer,90264-8366398-3,Not-Found,Single,A+,1/1/1990,1,1,1,job,Pakistani,"Lahore,Pakistan",03360455279,03360455279,,,,No,,,Not-Found,General Fitness,1,,,,
619,AGL-000619,13-Nov-24,Individual,1,Not Paid,13/08/2026,hammad ali,hammadaliagl-000619@gmail.com,Muhammad hammad ali,36987-3494591-7,Not-Found,Single,A+,1/1/1990,1,1,1,job,Pakistani,"Lahore,Pakistan",03000000619,03000000619,,,,No,,,Not-Found,General Fitness,1,,,,
620,AGL-000620,13-Nov-25,Individual,1,Not Paid,13/08/2026,atiqe,atiqeagl-000620@gmail.com,Muhammad atiqe,22853-0672153-5,Not-Found,Single,A+,1/1/1990,1,1,1,job,Pakistani,"Lahore,Pakistan",03047229582,03047229582,,,,No,,,Not-Found,General Fitness,1,,,,
621,AGL-000621,18-Apr-25,Individual,1,Not Paid,18/08/2026,daniyal,daniyalagl-000621@gmail.com,Muhammad daniyal,22285-6041043-7,Not-Found,Single,A+,1/1/1990,1,1,1,job,Pakistani,"Lahore,Pakistan",03234960492,03234960492,,,,No,,,Not-Found,General Fitness,1,,,,
622,AGL-000622,13-Nov-25,Individual,1,Not Paid,13/08/2026,faizan,faizanagl-000622@gmail.com,Muhammad faizan,49351-7815972-1,Not-Found,Single,A+,1/1/1990,1,1,1,job,Pakistani,"Lahore,Pakistan",03144001010,03144001010,,,,No,,,Not-Found,General Fitness,1,,,,
623,AGL-000623,22-Jan-25,Individual,1,Not Paid,22/08/2026,asad,asadagl-000623@gmail.com,Muhammad asad,33284-8667357-8,Not-Found,Single,A+,1/1/1990,1,1,1,job,Pakistani,"Lahore,Pakistan",03324645168,03324645168,,,,No,,,Not-Found,General Fitness,1,,,,
624,AGL-000624,22-May-25,Individual,1,Not Paid,22/08/2026,sultan,sultanagl-000624@gmail.com,Muhammad sultan,66108-7776092-9,Not-Found,Single,A+,1/1/1990,1,1,1,job,Pakistani,"Lahore,Pakistan",03008877665,03008877665,,,,No,,,Not-Found,General Fitness,1,,,,
625,AGL-000625,14-Nov-24,Individual,1,Not Paid,14/08/2026,humza,humzaagl-000625@gmail.com,Muhammad humza,39571-5905535-4,Not-Found,Single,A+,1/1/1990,1,1,1,job,Pakistani,"Lahore,Pakistan",03268507492,03268507492,,,,No,,,Not-Found,General Fitness,1,,,,
626,AGL-000626,14-Nov-24,Individual,1,Not Paid,14/08/2026,huazaifa,huazaifaagl-000626@gmail.com,Muhammad huazaifa,32171-5003256-3,Not-Found,Single,A+,1/1/1990,1,1,1,job,Pakistani,"Lahore,Pakistan",03268500626,03268500626,,,,No,,,Not-Found,General Fitness,1,,,,
627,AGL-000627,14-Nov-24,Individual,1,Not Paid,14/08/2026,rizwan,rizwanagl-000627@gmail.com,Muhammad rizwan,26296-2720498-9,Not-Found,Single,A+,1/1/1990,1,1,1,job,Pakistani,"Lahore,Pakistan",03015850650,03015850650,,,,No,,,Not-Found,General Fitness,1,,,,
628,AGL-000628,15-Nov-24,Individual,1,Not Paid,15/08/2026,mujtaba,mujtabaagl-000628@gmail.com,Muhammad mujtaba,22638-4708387-2,Not-Found,Single,A+,1/1/1990,1,1,1,job,Pakistani,"Lahore,Pakistan",03184075928,03184075928,,,,No,,,Not-Found,General Fitness,1,,,,
629,AGL-000629,15-Nov-24,Individual,1,Not Paid,15/08/2026,khuqaib,khuqaibagl-000629@gmail.com,Muhammad khuqaib,32607-0151940-1,Not-Found,Single,A+,1/1/1990,1,1,1,job,Pakistani,"Lahore,Pakistan",03244505249,03244505249,,,,No,,,Not-Found,General Fitness,1,,,,
630,AGL-000630,15-Nov-24,Individual,1,Not Paid,15/08/2026,sufyan,sufyanagl-000630@gmail.com,Muhammad sufyan,95527-6901683-9,Not-Found,Single,A+,1/1/1990,1,1,1,job,Pakistani,"Lahore,Pakistan",03004389828,03004389828,,,,No,,,Not-Found,General Fitness,1,,,,
631,AGL-000631,15-Nov-24,Individual,1,Not Paid,15/08/2026,ammar,ammaragl-000631@gmail.com,Muhammad ammar,76706-3794046-2,Not-Found,Single,A+,1/1/1990,1,1,1,job,Pakistani,"Lahore,Pakistan",03224047821,03224047821,,,,No,,,Not-Found,General Fitness,1,,,,
632,AGL-000632,18-Dec-24,Individual,1,Not Paid,18/08/2026,yawar,yawaragl-000632@gmail.com,Muhammad yawar,69526-1291896-7,Not-Found,Single,A+,1/1/1990,1,1,1,job,Pakistani,"Lahore,Pakistan",03110048164,03110048164,,,,No,,,Not-Found,General Fitness,1,,,,
633,AGL-000633,15-Nov-24,Individual,1,Not Paid,15/08/2026,zain,zainagl-000633@gmail.com,Muhammad zain,77233-9648376-4,Not-Found,Single,A+,1/1/1990,1,1,1,job,Pakistani,"Lahore,Pakistan",03004842412,03004842412,,,,No,,,Not-Found,General Fitness,1,,,,
634,AGL-000634,16-Apr-25,Individual,1,Not Paid,16/08/2026,yasir,yasiragl-000634@gmail.com,Muhammad yasir,57547-9763121-5,Not-Found,Single,A+,1/1/1990,1,1,1,job,Pakistani,"Lahore,Pakistan",03004574990,03004574990,,,,No,,,Not-Found,General Fitness,1,,,,
635,AGL-000635,19-Nov-24,Individual,1,Not Paid,19/08/2026,shawal khan,shawalkhanagl-000635@gmail.com,Muhammad shawal khan,72405-6814696-6,Not-Found,Single,A+,1/1/1990,1,1,1,job,Pakistani,"Lahore,Pakistan",03060680330,03060680330,,,,No,,,Not-Found,General Fitness,1,,,,
636,AGL-000636,19-Nov-24,Individual,1,Not Paid,19/08/2026,adil khan,adilkhanagl-000636@gmail.com,Muhammad adil khan,93930-6526584-0,Not-Found,Single,A+,1/1/1990,1,1,1,job,Pakistani,"Lahore,Pakistan",03270901749,03270901749,,,,No,,,Not-Found,General Fitness,1,,,,
637,AGL-000637,16-Jan-25,Individual,1,Not Paid,16/08/2026,m khizar,mkhizaragl-000637@gmail.com,Muhammad m khizar,46860-8109533-8,Not-Found,Single,A+,1/1/1990,1,1,1,job,Pakistani,"Lahore,Pakistan",03300347584,03300347584,,,,No,,,Not-Found,General Fitness,1,,,,
638,AGL-000638,4-Feb-25,Individual,1,Not Paid,4/8/2026,bilal ahamad,bilalahamadagl-000638@gmail.com,Muhammad bilal ahamad,33919-1803784-8,Not-Found,Single,A+,1/1/1990,1,1,1,job,Pakistani,"Lahore,Pakistan",03074171249,03074171249,,,,No,,,Not-Found,General Fitness,1,,,,
639,AGL-000639,7-May-25,Individual,1,Not Paid,7/8/2026,shearar,sheararagl-000639@gmail.com,Muhammad shearar,22337-6843435-9,Not-Found,Single,A+,1/1/1990,1,1,1,job,Pakistani,"Lahore,Pakistan",03316350706,03316350706,,,,No,,,Not-Found,General Fitness,1,,,,
640,AGL-000640,20-Nov-24,Individual,1,Not Paid,20/08/2026,daniyal,daniyalagl-000640@gmail.com,Muhammad daniyal,65281-9849046-2,Not-Found,Single,A+,1/1/1990,1,1,1,job,Pakistani,"Lahore,Pakistan",03096374002,03096374002,,,,No,,,Not-Found,General Fitness,1,,,,
641,AGL-000641,9-Jun-26,Individual,1,Not Paid,9/8/2026,tayyab,tayyabagl-000641@gmail.com,Muhammad tayyab,97696-6741387-4,Not-Found,Single,A+,1/1/1990,1,1,1,job,Pakistani,"Lahore,Pakistan",03328729577,03328729577,,,,No,,,Not-Found,General Fitness,1,,,,
642,AGL-000642,20-Nov-24,Individual,1,Not Paid,20/08/2026,shoaib akram,shoaibakramagl-000642@gmail.com,Muhammad shoaib akram,94330-4051143-3,Not-Found,Single,A+,1/1/1990,1,1,1,job,Pakistani,"Lahore,Pakistan",03136619394,03136619394,,,,No,,,Not-Found,General Fitness,1,,,,
643,AGL-000643,20-Nov-24,Individual,1,Not Paid,20/08/2026,dawood,dawoodagl-000643@gmail.com,Muhammad dawood,80301-4518198-4,Not-Found,Single,A+,1/1/1990,1,1,1,job,Pakistani,"Lahore,Pakistan",03336990056,03336990056,,,,No,,,Not-Found,General Fitness,1,,,,
644,AGL-000644,21-Nov-24,Individual,1,Not Paid,21/08/2026,farhan,farhanagl-000644@gmail.com,Muhammad farhan,50737-4962527-2,Not-Found,Single,A+,1/1/1990,1,1,1,job,Pakistani,"Lahore,Pakistan",03024717784,03024717784,,,,No,,,Not-Found,General Fitness,1,,,,
645,AGL-000645,26-Nov-24,Individual,1,Not Paid,26/08/2026,sohaib,sohaibagl-000645@gmail.com,Muhammad sohaib,17066-5203840-8,Not-Found,Single,A+,1/1/1990,1,1,1,job,Pakistani,"Lahore,Pakistan",03349999723,03349999723,,,,No,,,Not-Found,General Fitness,1,,,,
646,AGL-000646,5-Feb-25,Individual,1,Not Paid,5/8/2026,zain,zainagl-000646@gmail.com,Muhammad zain,47539-3614316-5,Not-Found,Single,A+,1/1/1990,1,1,1,job,Pakistani,"Lahore,Pakistan",03558365247,03558365247,,,,No,,,Not-Found,General Fitness,1,,,,
647,AGL-000647,2-Jul-26,Individual,1,Not Paid,2/8/2026,asif,asifagl-000647@gmail.com,Muhammad asif,46840-4194241-9,Not-Found,Single,A+,1/1/1990,1,1,1,job,Pakistani,"Lahore,Pakistan",03486614201,03486614201,,,,No,,,Not-Found,General Fitness,1,,,,
648,AGL-000648,28-Nov-24,Individual,1,Not Paid,28/08/2026,kanis,kanisagl-000648@gmail.com,Muhammad kanis,77764-5821775-2,Not-Found,Single,A+,1/1/1990,1,1,1,job,Pakistani,"Lahore,Pakistan",03244627956,03244627956,,,,No,,,Not-Found,General Fitness,1,,,,
649,AGL-000649,28-Nov-24,Individual,1,Not Paid,28/08/2026,huzaifa,huzaifaagl-000649@gmail.com,Muhammad huzaifa,65520-9854224-3,Not-Found,Single,A+,1/1/1990,1,1,1,job,Pakistani,"Lahore,Pakistan",03094455889,03094455889,,,,No,,,Not-Found,General Fitness,1,,,,
650,AGL-000650,19-Jun-25,Individual,1,Not Paid,19/08/2026,ahmad,ahmadagl-000650@gmail.com,Muhammad ahmad,13153-1621528-1,Not-Found,Single,A+,1/1/1990,1,1,1,job,Pakistani,"Lahore,Pakistan",03225722240,03225722240,,,,No,,,Not-Found,General Fitness,1,,,,
651,AGL-000651,7-Jul-25,Individual,1,Not Paid,7/8/2026,shahzab,shahzabagl-000651@gmail.com,Muhammad shahzab,56753-6421558-5,Not-Found,Single,A+,1/1/1990,1,1,1,job,Pakistani,"Lahore,Pakistan",03100853880,03100853880,,,,No,,,Not-Found,General Fitness,1,,,,
652,AGL-000652,2-Dec-24,Individual,1,Not Paid,2/8/2026,nadeem,nadeemagl-000652@gmail.com,Muhammad nadeem,16365-7063073-5,Not-Found,Single,A+,1/1/1990,1,1,1,job,Pakistani,"Lahore,Pakistan",03200412414,03200412414,,,,No,,,Not-Found,General Fitness,1,,,,
653,AGL-000653,16-May-26,Individual,1,Not Paid,16/08/2026,sadiq,sadiqagl-000653@gmail.com,Muhammad sadiq,45939-5895691-2,Not-Found,Single,A+,1/1/1990,1,1,1,job,Pakistani,"Lahore,Pakistan",03214705135,03214705135,,,,No,,,Not-Found,General Fitness,1,,,,
654,AGL-000654,27-May-25,Individual,1,Not Paid,27/08/2026,shoaib,shoaibagl-000654@gmail.com,Muhammad shoaib,37342-6215114-4,Not-Found,Single,A+,1/1/1990,1,1,1,job,Pakistani,"Lahore,Pakistan",03234195248,03234195248,,,,No,,,Not-Found,General Fitness,1,,,,
655,AGL-000655,2-Dec-24,Individual,1,Not Paid,2/8/2026,ikhlay,ikhlayagl-000655@gmail.com,Muhammad ikhlay,59326-0669085-5,Not-Found,Single,A+,1/1/1990,1,1,1,job,Pakistani,"Lahore,Pakistan",03214904965,03214904965,,,,No,,,Not-Found,General Fitness,1,,,,
656,AGL-000656,2-Dec-24,Individual,1,Not Paid,2/8/2026,hammad,hammadagl-000656@gmail.com,Muhammad hammad,10899-3379698-4,Not-Found,Single,A+,1/1/1990,1,1,1,job,Pakistani,"Lahore,Pakistan",03040576781,03040576781,,,,No,,,Not-Found,General Fitness,1,,,,
657,AGL-000657,2-Dec-24,Individual,1,Not Paid,2/8/2026,m jazail,mjazailagl-000657@gmail.com,Muhammad m jazail,11797-3952070-7,Not-Found,Single,A+,1/1/1990,1,1,1,job,Pakistani,"Lahore,Pakistan",03226582903,03226582903,,,,No,,,Not-Found,General Fitness,1,,,,
658,AGL-000658,2-Dec-24,Individual,1,Not Paid,2/8/2026,ali,aliagl-000658@gmail.com,Muhammad ali,18805-3696022-9,Not-Found,Single,A+,1/1/1990,1,1,1,job,Pakistani,"Lahore,Pakistan",03079491871,03079491871,,,,No,,,Not-Found,General Fitness,1,,,,
659,AGL-000659,2-Dec-24,Individual,1,Not Paid,2/8/2026,basit,basitagl-000659@gmail.com,Muhammad basit,65813-2845623-3,Not-Found,Single,A+,1/1/1990,1,1,1,job,Pakistani,"Lahore,Pakistan",03191125713,03191125713,,,,No,,,Not-Found,General Fitness,1,,,,
660,AGL-000660,3-Jan-25,Individual,1,Not Paid,3/8/2026,usama,usamaagl-000660@gmail.com,Muhammad usama,51518-5956835-2,Not-Found,Single,A+,1/1/1990,1,1,1,job,Pakistani,"Lahore,Pakistan",03238999542,03238999542,,,,No,,,Not-Found,General Fitness,1,,,,
661,AGL-000661,24-Jul-25,Individual,1,Not Paid,24/08/2026,muneeb,muneebagl-000661@gmail.com,Muhammad muneeb,42069-1171569-4,Not-Found,Single,A+,1/1/1990,1,1,1,job,Pakistani,"Lahore,Pakistan",03274110065,03274110065,,,,No,,,Not-Found,General Fitness,1,,,,
662,AGL-000662,3-Dec-24,Individual,1,Not Paid,3/8/2026,waqas,waqasagl-000662@gmail.com,Muhammad waqas,05476-0283267-6,Not-Found,Single,A+,1/1/1990,1,1,1,job,Pakistani,"Lahore,Pakistan",03037309955,03037309955,,,,No,,,Not-Found,General Fitness,1,,,,
663,AGL-000663,27-Aug-25,Individual,1,Not Paid,27/08/2026,mehdi,mehdiagl-000663@gmail.com,Muhammad mehdi,00909-4857177-4,Not-Found,Single,A+,1/1/1990,1,1,1,job,Pakistani,"Lahore,Pakistan",03201450626,03201450626,,,,No,,,Not-Found,General Fitness,1,,,,
664,AGL-000664,16-Apr-26,Individual,1,Not Paid,16/08/2026,mehdi,mehdiagl-000664@gmail.com,Muhammad mehdi,14723-2254441-8,Not-Found,Single,A+,1/1/1990,1,1,1,job,Pakistani,"Lahore,Pakistan",03201450626,03201450626,,,,No,,,Not-Found,General Fitness,1,,,,
665,AGL-000665,27-Nov-25,Individual,1,Not Paid,27/08/2026,jahagir,jahagiragl-000665@gmail.com,Muhammad jahagir,11644-9119857-5,Not-Found,Single,A+,1/1/1990,1,1,1,job,Pakistani,"Lahore,Pakistan",03008039836,03008039836,,,,No,,,Not-Found,General Fitness,1,,,,
666,AGL-000666,28-Nov-25,Individual,1,Not Paid,28/08/2026,ahmad,ahmadagl-000666@gmail.com,Muhammad ahmad,82566-6665425-1,Not-Found,Single,A+,1/1/1990,1,1,1,job,Pakistani,"Lahore,Pakistan",03228438170,03228438170,,,,No,,,Not-Found,General Fitness,1,,,,
667,AGL-000667,3-Dec-24,Individual,1,Not Paid,3/8/2026,rashid,rashidagl-000667@gmail.com,Muhammad rashid,75905-9765036-2,Not-Found,Single,A+,1/1/1990,1,1,1,job,Pakistani,"Lahore,Pakistan",03004999829,03004999829,,,,No,,,Not-Found,General Fitness,1,,,,
668,AGL-000668,3-Dec-24,Individual,1,Not Paid,3/8/2026,usman,usmanagl-000668@gmail.com,Muhammad usman,01947-7260113-6,Not-Found,Single,A+,1/1/1990,1,1,1,job,Pakistani,"Lahore,Pakistan",03454617810,03454617810,,,,No,,,Not-Found,General Fitness,1,,,,
669,AGL-000669,10-Jun-26,Individual,1,Not Paid,10/8/2026,hammad,hammadagl-000669@gmail.com,Muhammad hammad,22301-5157333-0,Not-Found,Single,A+,1/1/1990,1,1,1,job,Pakistani,"Lahore,Pakistan",03487661781,03487661781,,,,No,,,Not-Found,General Fitness,1,,,,
670,AGL-000670,16-Jan-25,Individual,1,Not Paid,16/08/2026,shabaz,shabazagl-000670@gmail.com,Muhammad shabaz,93563-5338511-6,Not-Found,Single,A+,1/1/1990,1,1,1,job,Pakistani,"Lahore,Pakistan",03271011372,03271011372,,,,No,,,Not-Found,General Fitness,1,,,,
671,AGL-000671,6-Feb-25,Individual,1,Not Paid,6/8/2026,hadi,hadiagl-000671@gmail.com,Muhammad hadi,92694-2630485-3,Not-Found,Single,A+,1/1/1990,1,1,1,job,Pakistani,"Lahore,Pakistan",03230449123,03230449123,,,,No,,,Not-Found,General Fitness,1,,,,
672,AGL-000672,4-Dec-24,Individual,1,Not Paid,4/8/2026,valeed,valeedagl-000672@gmail.com,Muhammad valeed,85900-0393431-3,Not-Found,Single,A+,1/1/1990,1,1,1,job,Pakistani,"Lahore,Pakistan",03000400253,03000400253,,,,No,,,Not-Found,General Fitness,1,,,,
673,AGL-000673,17-Jan-25,Individual,1,Not Paid,17/08/2026,hannan khan,hannankhanagl-000673@gmail.com,Muhammad hannan khan,31248-0839549-6,Not-Found,Single,A+,1/1/1990,1,1,1,job,Pakistani,"Lahore,Pakistan",03218860436,03218860436,,,,No,,,Not-Found,General Fitness,1,,,,
674,AGL-000674,18-Oct-25,Individual,1,Not Paid,18/08/2026,faheem,faheemagl-000674@gmail.com,Muhammad faheem,73493-1931956-2,Not-Found,Single,A+,1/1/1990,1,1,1,job,Pakistani,"Lahore,Pakistan",03297224306,03297224306,,,,No,,,Not-Found,General Fitness,1,,,,
675,AGL-000675,6-Dec-24,Individual,1,Not Paid,6/8/2026,abdul rehman,abdulrehmanagl-000675@gmail.com,Muhammad abdul rehman,49143-3982298-5,Not-Found,Single,A+,1/1/1990,1,1,1,job,Pakistani,"Lahore,Pakistan",03016399806,03016399806,,,,No,,,Not-Found,General Fitness,1,,,,
676,AGL-000676,6-Dec-24,Individual,1,Not Paid,6/8/2026,muaaz,muaazagl-000676@gmail.com,Muhammad muaaz,20995-3618595-3,Not-Found,Single,A+,1/1/1990,1,1,1,job,Pakistani,"Lahore,Pakistan",03071666962,03071666962,,,,No,,,Not-Found,General Fitness,1,,,,
677,AGL-000677,5-Jan-26,Individual,1,Not Paid,5/8/2026,umer,umeragl-000677@gmail.com,Muhammad umer,11172-2516254-0,Not-Found,Single,A+,1/1/1990,1,1,1,job,Pakistani,"Lahore,Pakistan",03291032240,03291032240,,,,No,,,Not-Found,General Fitness,1,,,,
678,AGL-000678,7-Dec-24,Individual,1,Not Paid,7/8/2026,faraz,farazagl-000678@gmail.com,Muhammad faraz,17966-3726975-1,Not-Found,Single,A+,1/1/1990,1,1,1,job,Pakistani,"Lahore,Pakistan",03174110680,03174110680,,,,No,,,Not-Found,General Fitness,1,,,,
679,AGL-000679,10-Dec-24,Individual,1,Not Paid,10/8/2026,wahab,wahabagl-000679@gmail.com,Muhammad wahab,88737-6100918-3,Not-Found,Single,A+,1/1/1990,1,1,1,job,Pakistani,"Lahore,Pakistan",03214845538,03214845538,,,,No,,,Not-Found,General Fitness,1,,,,
680,AGL-000680,10-Dec-24,Individual,1,Not Paid,10/8/2026,shehayr,shehayragl-000680@gmail.com,Muhammad shehayr,51455-4554498-6,Not-Found,Single,A+,1/1/1990,1,1,1,job,Pakistani,"Lahore,Pakistan",03158391012,03158391012,,,,No,,,Not-Found,General Fitness,1,,,,
681,AGL-000681,11-Dec-24,Individual,1,Not Paid,11/8/2026,m abdullah,mabdullahagl-000681@gmail.com,Muhammad m abdullah,44802-4741371-1,Not-Found,Single,A+,1/1/1990,1,1,1,job,Pakistani,"Lahore,Pakistan",03400468016,03400468016,,,,No,,,Not-Found,General Fitness,1,,,,
682,AGL-000682,10-Dec-24,Individual,1,Not Paid,10/8/2026,haider,haideragl-000682@gmail.com,Muhammad haider,37707-5249395-4,Not-Found,Single,A+,1/1/1990,1,1,1,job,Pakistani,"Lahore,Pakistan",03029388660,03029388660,,,,No,,,Not-Found,General Fitness,1,,,,
683,AGL-000683,16-Apr-26,Individual,1,Not Paid,16/08/2026,hadi,hadiagl-000683@gmail.com,Muhammad hadi,24609-4960615-7,Not-Found,Single,A+,1/1/1990,1,1,1,job,Pakistani,"Lahore,Pakistan",03214681205,03214681205,,,,No,,,Not-Found,General Fitness,1,,,,
684,AGL-000684,10-Dec-24,Individual,1,Not Paid,10/8/2026,imran,imranagl-000684@gmail.com,Muhammad imran,59709-4645279-4,Not-Found,Single,A+,1/1/1990,1,1,1,job,Pakistani,"Lahore,Pakistan",03211111941,03211111941,,,,No,,,Not-Found,General Fitness,1,,,,
685,AGL-000685,20-May-25,Individual,1,Not Paid,20/08/2026,umer,umeragl-000685@gmail.com,Muhammad umer,99219-7365156-2,Not-Found,Single,A+,1/1/1990,1,1,1,job,Pakistani,"Lahore,Pakistan",03084797246,03084797246,,,,No,,,Not-Found,General Fitness,1,,,,
686,AGL-000686,10-Dec-24,Individual,1,Not Paid,10/8/2026,asim,asimagl-000686@gmail.com,Muhammad asim,87542-4999386-8,Not-Found,Single,A+,1/1/1990,1,1,1,job,Pakistani,"Lahore,Pakistan",03249678080,03249678080,,,,No,,,Not-Found,General Fitness,1,,,,
687,AGL-000687,10-Oct-25,Individual,1,Not Paid,10/8/2026,ahmed,ahmedagl-000687@gmail.com,Muhammad ahmed,09382-0475034-9,Not-Found,Single,A+,1/1/1990,1,1,1,job,Pakistani,"Lahore,Pakistan",03054200034,03054200034,,,,No,,,Not-Found,General Fitness,1,,,,
688,AGL-000688,11-Dec-24,Individual,1,Not Paid,11/8/2026,umer,umeragl-000688@gmail.com,Muhammad umer,57166-6612695-3,Not-Found,Single,A+,1/1/1990,1,1,1,job,Pakistani,"Lahore,Pakistan",03148270039,03148270039,,,,No,,,Not-Found,General Fitness,1,,,,
689,AGL-000689,18-Dec-24,Individual,1,Not Paid,18/08/2026,BILAL,bilalagl-000689@gmail.com,Muhammad BILAL,92171-4664671-4,Not-Found,Single,A+,1/1/1990,1,1,1,job,Pakistani,"Lahore,Pakistan",03249081508,03249081508,,,,No,,,Not-Found,General Fitness,1,,,,
690,AGL-000690,14-Feb-25,Individual,1,Not Paid,14/08/2026,m ahmad,mahmadagl-000690@gmail.com,Muhammad m ahmad,15017-6407589-9,Not-Found,Single,A+,1/1/1990,1,1,1,job,Pakistani,"Lahore,Pakistan",03044774990,03044774990,,,,No,,,Not-Found,General Fitness,1,,,,
691,AGL-000691,15-Feb-25,Individual,1,Not Paid,15/08/2026,m hassan,mhassanagl-000691@gmail.com,Muhammad m hassan,06684-5325165-8,Not-Found,Single,A+,1/1/1990,1,1,1,job,Pakistani,"Lahore,Pakistan",03094165202,03094165202,,,,No,,,Not-Found,General Fitness,1,,,,
692,AGL-000692,2-Jul-26,Individual,1,Not Paid,2/8/2026,umair,umairagl-000692@gmail.com,Muhammad umair,85766-2165869-2,Not-Found,Single,A+,1/1/1990,1,1,1,job,Pakistani,"Lahore,Pakistan",03055998953,03055998953,,,,No,,,Not-Found,General Fitness,1,,,,
693,AGL-000693,12-Dec-24,Individual,1,Not Paid,12/8/2026,jamshir,jamshiragl-000693@gmail.com,Muhammad jamshir,16769-0734952-9,Not-Found,Single,A+,1/1/1990,1,1,1,job,Pakistani,"Lahore,Pakistan",03000800335,03000800335,,,,No,,,Not-Found,General Fitness,1,,,,
694,AGL-000694,16-Dec-24,Individual,1,Not Paid,16/08/2026,yousaf,yousafagl-000694@gmail.com,Muhammad yousaf,58600-8320207-9,Not-Found,Single,A+,1/1/1990,1,1,1,job,Pakistani,"Lahore,Pakistan",03224131586,03224131586,,,,No,,,Not-Found,General Fitness,1,,,,
695,AGL-000695,18-Feb-25,Individual,1,Not Paid,18/08/2026,kashif,kashifagl-000695@gmail.com,Muhammad kashif,84269-9273059-8,Not-Found,Single,A+,1/1/1990,1,1,1,job,Pakistani,"Lahore,Pakistan",03068305504,03068305504,,,,No,,,Not-Found,General Fitness,1,,,,
696,AGL-000696,16-Dec-24,Individual,1,Not Paid,16/08/2026,bilal,bilalagl-000696@gmail.com,Muhammad bilal,92003-3776361-3,Not-Found,Single,A+,1/1/1990,1,1,1,job,Pakistani,"Lahore,Pakistan",03055725942,03055725942,,,,No,,,Not-Found,General Fitness,1,,,,
697,AGL-000697,16-Dec-24,Individual,1,Not Paid,16/08/2026,arslan,arslanagl-000697@gmail.com,Muhammad arslan,89567-3283925-6,Not-Found,Single,A+,1/1/1990,1,1,1,job,Pakistani,"Lahore,Pakistan",03284755193,03284755193,,,,No,,,Not-Found,General Fitness,1,,,,
698,AGL-000698,21-Feb-25,Individual,1,Not Paid,21/08/2026,dan,danagl-000698@gmail.com,Muhammad dan,35070-3252034-0,Not-Found,Single,A+,1/1/1990,1,1,1,job,Pakistani,"Lahore,Pakistan",03087020853,03087020853,,,,No,,,Not-Found,General Fitness,1,,,,
699,AGL-000699,22-Jan-25,Individual,1,Not Paid,22/08/2026,zeeshan,zeeshanagl-000699@gmail.com,Muhammad zeeshan,32608-0847551-9,Not-Found,Single,A+,1/1/1990,1,1,1,job,Pakistani,"Lahore,Pakistan",03132144965,03132144965,,,,No,,,Not-Found,General Fitness,1,,,,
700,AGL-000700,18-Dec-24,Individual,1,Not Paid,18/08/2026,humza,humzaagl-000700@gmail.com,Muhammad humza,86307-6844591-8,Not-Found,Single,A+,1/1/1990,1,1,1,job,Pakistani,"Lahore,Pakistan",03204885158,03204885158,,,,No,,,Not-Found,General Fitness,1,,,,
701,AGL-000701,7-Apr-26,Individual,1,Not Paid,7/8/2026,ali zaman,alizamanagl-000701@gmail.com,Muhammad ali zaman,94256-6113662-8,Not-Found,Single,A+,1/1/1990,1,1,1,job,Pakistani,"Lahore,Pakistan",03000000701,03000000701,,,,No,,,Not-Found,General Fitness,1,,,,
702,AGL-000702,18-Dec-24,Individual,1,Not Paid,18/08/2026,zaeem,zaeemagl-000702@gmail.com,Muhammad zaeem,51647-4347907-7,Not-Found,Single,A+,1/1/1990,1,1,1,job,Pakistani,"Lahore,Pakistan",03000000702,03000000702,,,,No,,,Not-Found,General Fitness,1,,,,
703,AGL-000703,18-Dec-24,Individual,1,Not Paid,18/08/2026,nabeel,nabeelagl-000703@gmail.com,Muhammad nabeel,09261-5205140-7,Not-Found,Single,A+,1/1/1990,1,1,1,job,Pakistani,"Lahore,Pakistan",03097878767,03097878767,,,,No,,,Not-Found,General Fitness,1,,,,
704,AGL-000704,18-Dec-24,Individual,1,Not Paid,18/08/2026,ali,aliagl-000704@gmail.com,Muhammad ali,60991-7753983-4,Not-Found,Single,A+,1/1/1990,1,1,1,job,Pakistani,"Lahore,Pakistan",03204146012,03204146012,,,,No,,,Not-Found,General Fitness,1,,,,
705,AGL-000705,19-Dec-24,Individual,1,Not Paid,19/08/2026,nazeer khan,nazeerkhanagl-000705@gmail.com,Muhammad nazeer khan,04014-1424369-8,Not-Found,Single,A+,1/1/1990,1,1,1,job,Pakistani,"Lahore,Pakistan",03442715092,03442715092,,,,No,,,Not-Found,General Fitness,1,,,,
706,AGL-000706,20-Jan-25,Individual,1,Not Paid,20/08/2026,khurshid,khurshidagl-000706@gmail.com,Muhammad khurshid,04728-4686722-3,Not-Found,Single,A+,1/1/1990,1,1,1,job,Pakistani,"Lahore,Pakistan",03149042079,03149042079,,,,No,,,Not-Found,General Fitness,1,,,,
707,AGL-000707,30-Mar-26,Individual,1,Not Paid,30/08/2026,mabashar,mabasharagl-000707@gmail.com,Muhammad mabashar,10351-4750753-7,Not-Found,Single,A+,1/1/1990,1,1,1,job,Pakistani,"Lahore,Pakistan",03157076069,03157076069,,,,No,,,Not-Found,General Fitness,1,,,,
708,AGL-000708,12-Nov-25,Individual,1,Not Paid,12/8/2026,m hussain,mhussainagl-000708@gmail.com,Muhammad m hussain,26724-1148570-6,Not-Found,Single,A+,1/1/1990,1,1,1,job,Pakistani,"Lahore,Pakistan",03074004379,03074004379,,,,No,,,Not-Found,General Fitness,1,,,,
709,AGL-000709,13-Jun-26,Individual,1,Not Paid,13/08/2026,ibrahim,ibrahimagl-000709@gmail.com,Muhammad ibrahim,73841-3301318-8,Not-Found,Single,A+,1/1/1990,1,1,1,job,Pakistani,"Lahore,Pakistan",03060675491,03060675491,,,,No,,,Not-Found,General Fitness,1,,,,
710,AGL-000710,27-Jan-25,Individual,1,Not Paid,27/08/2026,murad,muradagl-000710@gmail.com,Muhammad murad,51513-9212357-1,Not-Found,Single,A+,1/1/1990,1,1,1,job,Pakistani,"Lahore,Pakistan",03071013517,03071013517,,,,No,,,Not-Found,General Fitness,1,,,,
711,AGL-000711,25-Dec-24,Individual,1,Not Paid,25/08/2026,m ullah,mullahagl-000711@gmail.com,Muhammad m ullah,40031-1514245-9,Not-Found,Single,A+,1/1/1990,1,1,1,job,Pakistani,"Lahore,Pakistan",03128360411,03128360411,,,,No,,,Not-Found,General Fitness,1,,,,
712,AGL-000712,26-Dec-24,Individual,1,Not Paid,26/08/2026,kabir,kabiragl-000712@gmail.com,Muhammad kabir,33473-5740526-0,Not-Found,Single,A+,1/1/1990,1,1,1,job,Pakistani,"Lahore,Pakistan",03310457116,03310457116,,,,No,,,Not-Found,General Fitness,1,,,,
713,AGL-000713,26-Dec-24,Individual,1,Not Paid,26/08/2026,ajab,ajabagl-000713@gmail.com,Muhammad ajab,97675-1243240-6,Not-Found,Single,A+,1/1/1990,1,1,1,job,Pakistani,"Lahore,Pakistan",03069217486,03069217486,,,,No,,,Not-Found,General Fitness,1,,,,
714,AGL-000714,6-Mar-26,Individual,1,Not Paid,6/8/2026,usama arshad,usamaarshadagl-000714@gmail.com,Muhammad usama arshad,55644-6628514-9,Not-Found,Single,A+,1/1/1990,1,1,1,job,Pakistani,"Lahore,Pakistan",03459023132,03459023132,,,,No,,,Not-Found,General Fitness,1,,,,
715,AGL-000715,31-Dec-24,Individual,1,Not Paid,31/08/2026,kashif,kashifagl-000715@gmail.com,Muhammad kashif,77843-9644175-1,Not-Found,Single,A+,1/1/1990,1,1,1,job,Pakistani,"Lahore,Pakistan",03105677931,03105677931,,,,No,,,Not-Found,General Fitness,1,,,,
716,AGL-000716,1-Jan-25,Individual,1,Not Paid,1/8/2026,wajahad,wajahadagl-000716@gmail.com,Muhammad wajahad,59369-1925825-3,Not-Found,Single,A+,1/1/1990,1,1,1,job,Pakistani,"Lahore,Pakistan",03016347897,03016347897,,,,No,,,Not-Found,General Fitness,1,,,,
717,AGL-000717,16-Feb-26,Individual,1,Not Paid,16/08/2026,moazzam,moazzamagl-000717@gmail.com,Muhammad moazzam,89035-7634334-5,Not-Found,Single,A+,1/1/1990,1,1,1,job,Pakistani,"Lahore,Pakistan",03212440006,03212440006,,,,No,,,Not-Found,General Fitness,1,,,,
718,AGL-000718,1-Jan-25,Individual,1,Not Paid,1/8/2026,mokaram,mokaramagl-000718@gmail.com,Muhammad mokaram,08697-1465540-4,Not-Found,Single,A+,1/1/1990,1,1,1,job,Pakistani,"Lahore,Pakistan",03048484679,03048484679,,,,No,,,Not-Found,General Fitness,1,,,,
719,AGL-000719,3-Mar-25,Individual,1,Not Paid,3/8/2026,faraz,farazagl-000719@gmail.com,Muhammad faraz,86911-2522780-0,Not-Found,Single,A+,1/1/1990,1,1,1,job,Pakistani,"Lahore,Pakistan",03444442033,03444442033,,,,No,,,Not-Found,General Fitness,1,,,,
720,AGL-000720,16-Apr-25,Individual,1,Not Paid,16/08/2026,salman,salmanagl-000720@gmail.com,Muhammad salman,01185-9037108-7,Not-Found,Single,A+,1/1/1990,1,1,1,job,Pakistani,"Lahore,Pakistan",03134291865,03134291865,,,,No,,,Not-Found,General Fitness,1,,,,
721,AGL-000721,3-Jan-25,Individual,1,Not Paid,3/8/2026,adul,adulagl-000721@gmail.com,Muhammad adul,32628-5526590-8,Not-Found,Single,A+,1/1/1990,1,1,1,job,Pakistani,"Lahore,Pakistan",03332777869,03332777869,,,,No,,,Not-Found,General Fitness,1,,,,
722,AGL-000722,6-Feb-25,Individual,1,Not Paid,6/8/2026,zubair,zubairagl-000722@gmail.com,Muhammad zubair,78070-0384804-8,Not-Found,Single,A+,1/1/1990,1,1,1,job,Pakistani,"Lahore,Pakistan",03255483655,03255483655,,,,No,,,Not-Found,General Fitness,1,,,,
723,AGL-000723,7-Jan-25,Individual,1,Not Paid,7/8/2026,usman,usmanagl-000723@gmail.com,Muhammad usman,00860-5559865-3,Not-Found,Single,A+,1/1/1990,1,1,1,job,Pakistani,"Lahore,Pakistan",03000000723,03000000723,,,,No,,,Not-Found,General Fitness,1,,,,
724,AGL-000724,8-Jan-25,Individual,1,Not Paid,8/8/2026,hannan,hannanagl-000724@gmail.com,Muhammad hannan,12176-0810957-5,Not-Found,Single,A+,1/1/1990,1,1,1,job,Pakistani,"Lahore,Pakistan",03024836252,03024836252,,,,No,,,Not-Found,General Fitness,1,,,,
725,AGL-000725,8-Jan-25,Individual,1,Not Paid,8/8/2026,ghulamustafa,ghulamustafaagl-000725@gmail.com,Muhammad ghulamustafa,77058-4505165-5,Not-Found,Single,A+,1/1/1990,1,1,1,job,Pakistani,"Lahore,Pakistan",03214939572,03214939572,,,,No,,,Not-Found,General Fitness,1,,,,
726,AGL-000726,8-Jan-25,Individual,1,Not Paid,8/8/2026,khuzama,khuzamaagl-000726@gmail.com,Muhammad khuzama,74908-6756607-5,Not-Found,Single,A+,1/1/1990,1,1,1,job,Pakistani,"Lahore,Pakistan",03334006455,03334006455,,,,No,,,Not-Found,General Fitness,1,,,,
727,AGL-000727,8-Jan-25,Individual,1,Not Paid,8/8/2026,muhhamad,muhhamadagl-000727@gmail.com,Muhammad muhhamad,28649-5677123-5,Not-Found,Single,A+,1/1/1990,1,1,1,job,Pakistani,"Lahore,Pakistan",03334006455,03334006455,,,,No,,,Not-Found,General Fitness,1,,,,
728,AGL-000728,9-Jan-25,Individual,1,Not Paid,9/8/2026,syed hannan ali,syedhannanaliagl-000728@gmail.com,Muhammad syed hannan ali,40910-8735631-4,Not-Found,Single,A+,1/1/1990,1,1,1,job,Pakistani,"Lahore,Pakistan",03024836253,03024836253,,,,No,,,Not-Found,General Fitness,1,,,,
729,AGL-000729,9-Jan-25,Individual,1,Not Paid,9/8/2026,syed hammas,syedhammasagl-000729@gmail.com,Muhammad syed hammas,47270-6068597-7,Not-Found,Single,A+,1/1/1990,1,1,1,job,Pakistani,"Lahore,Pakistan",03295507621,03295507621,,,,No,,,Not-Found,General Fitness,1,,,,
730,AGL-000730,9-Jan-25,Individual,1,Not Paid,9/8/2026,asad,asadagl-000730@gmail.com,Muhammad asad,42351-5014658-1,Not-Found,Single,A+,1/1/1990,1,1,1,job,Pakistani,"Lahore,Pakistan",03049002021,03049002021,,,,No,,,Not-Found,General Fitness,1,,,,
731,AGL-000731,11-Feb-25,Individual,1,Not Paid,11/8/2026,orangzaib,orangzaibagl-000731@gmail.com,Muhammad orangzaib,25023-2172373-2,Not-Found,Single,A+,1/1/1990,1,1,1,job,Pakistani,"Lahore,Pakistan",03444634818,03444634818,,,,No,,,Not-Found,General Fitness,1,,,,
732,AGL-000732,19-Feb-26,Individual,1,Not Paid,19/08/2026,harry,harryagl-000732@gmail.com,Muhammad harry,72598-3562685-2,Not-Found,Single,A+,1/1/1990,1,1,1,job,Pakistani,"Lahore,Pakistan",03000000732,03000000732,,,,No,,,Not-Found,General Fitness,1,,,,
733,AGL-000733,9-Jan-25,Individual,1,Not Paid,9/8/2026,aillyha,aillyhaagl-000733@gmail.com,Muhammad aillyha,09652-4240732-9,Not-Found,Single,A+,1/1/1990,1,1,1,job,Pakistani,"Lahore,Pakistan",03000776660,03000776660,,,,No,,,Not-Found,General Fitness,1,,,,
734,AGL-000734,14-Jan-25,Individual,1,Not Paid,14/08/2026,abdul moiz,abdulmoizagl-000734@gmail.com,Muhammad abdul moiz,54882-9002403-2,Not-Found,Single,A+,1/1/1990,1,1,1,job,Pakistani,"Lahore,Pakistan",03189003029,03189003029,,,,No,,,Not-Found,General Fitness,1,,,,
735,AGL-000735,20-Feb-25,Individual,1,Not Paid,20/08/2026,kayaan,kayaanagl-000735@gmail.com,Muhammad kayaan,87096-2595856-9,Not-Found,Single,A+,1/1/1990,1,1,1,job,Pakistani,"Lahore,Pakistan",03213034957,03213034957,,,,No,,,Not-Found,General Fitness,1,,,,
736,AGL-000736,18-Feb-25,Individual,1,Not Paid,18/08/2026,kleen,kleenagl-000736@gmail.com,Muhammad kleen,47875-4584823-9,Not-Found,Single,A+,1/1/1990,1,1,1,job,Pakistani,"Lahore,Pakistan",03060677071,03060677071,,,,No,,,Not-Found,General Fitness,1,,,,
737,AGL-000737,16-Jan-25,Individual,1,Not Paid,16/08/2026,zain shahid,zainshahidagl-000737@gmail.com,Muhammad zain shahid,40919-0732047-2,Not-Found,Single,A+,1/1/1990,1,1,1,job,Pakistani,"Lahore,Pakistan",03014671238,03014671238,,,,No,,,Not-Found,General Fitness,1,,,,
738,AGL-000738,5-May-25,Individual,1,Not Paid,5/8/2026,fakar,fakaragl-000738@gmail.com,Muhammad fakar,57824-3059383-7,Not-Found,Single,A+,1/1/1990,1,1,1,job,Pakistani,"Lahore,Pakistan",03041022535,03041022535,,,,No,,,Not-Found,General Fitness,1,,,,
739,AGL-000739,16-Jan-25,Individual,1,Not Paid,16/08/2026,rizwan,rizwanagl-000739@gmail.com,Muhammad rizwan,13815-9057465-6,Not-Found,Single,A+,1/1/1990,1,1,1,job,Pakistani,"Lahore,Pakistan",03228089706,03228089706,,,,No,,,Not-Found,General Fitness,1,,,,
740,AGL-000740,18-Sep-25,Individual,1,Not Paid,18/08/2026,shaloom,shaloomagl-000740@gmail.com,Muhammad shaloom,29993-8141432-3,Not-Found,Single,A+,1/1/1990,1,1,1,job,Pakistani,"Lahore,Pakistan",03404023044,03404023044,,,,No,,,Not-Found,General Fitness,1,,,,
741,AGL-000741,17-Jan-25,Individual,1,Not Paid,17/08/2026,m abas,mabasagl-000741@gmail.com,Muhammad m abas,43710-1114306-0,Not-Found,Single,A+,1/1/1990,1,1,1,job,Pakistani,"Lahore,Pakistan",03094565456,03094565456,,,,No,,,Not-Found,General Fitness,1,,,,
742,AGL-000742,20-Jan-25,Individual,1,Not Paid,20/08/2026,salman,salmanagl-000742@gmail.com,Muhammad salman,25995-6920524-5,Not-Found,Single,A+,1/1/1990,1,1,1,job,Pakistani,"Lahore,Pakistan",03086120167,03086120167,,,,No,,,Not-Found,General Fitness,1,,,,
743,AGL-000743,26-Aug-25,Individual,1,Not Paid,26/08/2026,rana shawaiz,ranashawaizagl-000743@gmail.com,Muhammad rana shawaiz,23359-7678464-8,Not-Found,Single,A+,1/1/1990,1,1,1,job,Pakistani,"Lahore,Pakistan",03167290627,03167290627,,,,No,,,Not-Found,General Fitness,1,,,,
744,AGL-000744,21-Jan-25,Individual,1,Not Paid,21/08/2026,waqar yaqoob,waqaryaqoobagl-000744@gmail.com,Muhammad waqar yaqoob,55612-0880513-3,Not-Found,Single,A+,1/1/1990,1,1,1,job,Pakistani,"Lahore,Pakistan",03084686571,03084686571,,,,No,,,Not-Found,General Fitness,1,,,,
745,AGL-000745,20-Jun-25,Individual,1,Not Paid,20/08/2026,rafaqat,rafaqatagl-000745@gmail.com,Muhammad rafaqat,34303-1069226-6,Not-Found,Single,A+,1/1/1990,1,1,1,job,Pakistani,"Lahore,Pakistan",03204100611,03204100611,,,,No,,,Not-Found,General Fitness,1,,,,
746,AGL-000746,21-Jan-25,Individual,1,Not Paid,21/08/2026,ashraf,ashrafagl-000746@gmail.com,Muhammad ashraf,23589-0749628-4,Not-Found,Single,A+,1/1/1990,1,1,1,job,Pakistani,"Lahore,Pakistan",03334349705,03334349705,,,,No,,,Not-Found,General Fitness,1,,,,
747,AGL-000747,22-Jan-25,Individual,1,Not Paid,22/08/2026,Khalid,khalidagl-000747@gmail.com,Muhammad Khalid,48988-3223418-4,Not-Found,Single,A+,1/1/1990,1,1,1,job,Pakistani,"Lahore,Pakistan",03019498291,03019498291,,,,No,,,Not-Found,General Fitness,1,,,,
748,AGL-000748,23-Jan-25,Individual,1,Not Paid,23/08/2026,gulam,gulamagl-000748@gmail.com,Muhammad gulam,90117-9330130-7,Not-Found,Single,A+,1/1/1990,1,1,1,job,Pakistani,"Lahore,Pakistan",03214028699,03214028699,,,,No,,,Not-Found,General Fitness,1,,,,
749,AGL-000749,24-Jan-25,Individual,1,Not Paid,24/08/2026,qadeer,qadeeragl-000749@gmail.com,Muhammad qadeer,92925-0686774-1,Not-Found,Single,A+,1/1/1990,1,1,1,job,Pakistani,"Lahore,Pakistan",03214026782,03214026782,,,,No,,,Not-Found,General Fitness,1,,,,
750,AGL-000750,24-Jan-25,Individual,1,Not Paid,24/08/2026,naeem,naeemagl-000750@gmail.com,Muhammad naeem,64904-8819847-0,Not-Found,Single,A+,1/1/1990,1,1,1,job,Pakistani,"Lahore,Pakistan",03214678551,03214678551,,,,No,,,Not-Found,General Fitness,1,,,,
751,AGL-000751,30-Jan-25,Individual,1,Not Paid,30/08/2026,Zunair,zunairagl-000751@gmail.com,Muhammad Zunair,91627-6267174-2,Not-Found,Single,A+,1/1/1990,1,1,1,job,Pakistani,"Lahore,Pakistan",03244558339,03244558339,,,,No,,,Not-Found,General Fitness,1,,,,
752,AGL-000752,30-Jan-25,Individual,1,Not Paid,30/08/2026,bilal,bilalagl-000752@gmail.com,Muhammad bilal,91023-4860445-1,Not-Found,Single,A+,1/1/1990,1,1,1,job,Pakistani,"Lahore,Pakistan",03234855020,03234855020,,,,No,,,Not-Found,General Fitness,1,,,,
753,AGL-000753,1-Feb-25,Individual,1,Not Paid,1/8/2026,Usman,usmanagl-000753@gmail.com,Muhammad Usman,25938-8769237-5,Not-Found,Single,A+,1/1/1990,1,1,1,job,Pakistani,"Lahore,Pakistan",03061320210,03061320210,,,,No,,,Not-Found,General Fitness,1,,,,
754,AGL-000754,1-Feb-25,Individual,1,Not Paid,1/8/2026,Ahmad Shabir,ahmadshabiragl-000754@gmail.com,Muhammad Ahmad Shabir,47257-5850398-0,Not-Found,Single,A+,1/1/1990,1,1,1,job,Pakistani,"Lahore,Pakistan",03215625901,03215625901,,,,No,,,Not-Found,General Fitness,1,,,,
755,AGL-000755,4-Feb-25,Individual,1,Not Paid,4/8/2026,M Adeel,madeelagl-000755@gmail.com,Muhammad M Adeel,66238-2008847-1,Not-Found,Single,A+,1/1/1990,1,1,1,job,Pakistani,"Lahore,Pakistan",03014239017,03014239017,,,,No,,,Not-Found,General Fitness,1,,,,
756,AGL-000756,6-Mar-25,Individual,1,Not Paid,6/8/2026,baghdad,baghdadagl-000756@gmail.com,Muhammad baghdad,52047-3126415-0,Not-Found,Single,A+,1/1/1990,1,1,1,job,Pakistani,"Lahore,Pakistan",03319043000,03319043000,,,,No,,,Not-Found,General Fitness,1,,,,
757,AGL-000757,26-Feb-25,Individual,1,Not Paid,26/08/2026,shamon,shamonagl-000757@gmail.com,Muhammad shamon,72340-9617935-8,Not-Found,Single,A+,1/1/1990,1,1,1,job,Pakistani,"Lahore,Pakistan",03174097115,03174097115,,,,No,,,Not-Found,General Fitness,1,,,,
758,AGL-000758,18-Dec-25,Individual,1,Not Paid,18/08/2026,ubaidullah,ubaidullahagl-000758@gmail.com,Muhammad ubaidullah,41473-3973439-6,Not-Found,Single,A+,1/1/1990,1,1,1,job,Pakistani,"Lahore,Pakistan",03104162432,03104162432,,,,No,,,Not-Found,General Fitness,1,,,,
759,AGL-000759,6-Feb-25,Individual,1,Not Paid,6/8/2026,naveed,naveedagl-000759@gmail.com,Muhammad naveed,49390-4296586-8,Not-Found,Single,A+,1/1/1990,1,1,1,job,Pakistani,"Lahore,Pakistan",03002784895,03002784895,,,,No,,,Not-Found,General Fitness,1,,,,
760,AGL-000760,6-Feb-25,Individual,1,Not Paid,6/8/2026,ibrahim tariq,ibrahimtariqagl-000760@gmail.com,Muhammad ibrahim tariq,64193-9171483-4,Not-Found,Single,A+,1/1/1990,1,1,1,job,Pakistani,"Lahore,Pakistan",03003213162,03003213162,,,,No,,,Not-Found,General Fitness,1,,,,
761,AGL-000761,16-Jun-25,Individual,1,Not Paid,16/08/2026,John Javed,johnjavedagl-000761@gmail.com,Muhammad John Javed,63758-7501612-8,Not-Found,Single,A+,1/1/1990,1,1,1,job,Pakistani,"Lahore,Pakistan",03003210761,03003210761,,,,No,,,Not-Found,General Fitness,1,,,,
762,AGL-000762,10-Mar-25,Individual,1,Not Paid,10/8/2026,Shakeel,shakeelagl-000762@gmail.com,Muhammad Shakeel,50939-1463206-5,Not-Found,Single,A+,1/1/1990,1,1,1,job,Pakistani,"Lahore,Pakistan",03214619941,03214619941,,,,No,,,Not-Found,General Fitness,1,,,,
763,AGL-000763,12-Feb-25,Individual,1,Not Paid,12/8/2026,vicky,vickyagl-000763@gmail.com,Muhammad vicky,24757-3190313-7,Not-Found,Single,A+,1/1/1990,1,1,1,job,Pakistani,"Lahore,Pakistan",03216664548,03216664548,,,,No,,,Not-Found,General Fitness,1,,,,
764,AGL-000764,12-Feb-25,Individual,1,Not Paid,12/8/2026,Farhan Ahmad,farhanahmadagl-000764@gmail.com,Muhammad Farhan Ahmad,62818-8934711-4,Not-Found,Single,A+,1/1/1990,1,1,1,job,Pakistani,"Lahore,Pakistan",03216660764,03216660764,,,,No,,,Not-Found,General Fitness,1,,,,
765,AGL-000765,15-Feb-25,Individual,1,Not Paid,15/08/2026,muzamil,muzamilagl-000765@gmail.com,Muhammad muzamil,16382-0703343-9,Not-Found,Single,A+,1/1/1990,1,1,1,job,Pakistani,"Lahore,Pakistan",03330464864,03330464864,,,,No,,,Not-Found,General Fitness,1,,,,
766,AGL-000766,15-Feb-25,Individual,1,Not Paid,15/08/2026,rahim,rahimagl-000766@gmail.com,Muhammad rahim,17602-3210133-1,Not-Found,Single,A+,1/1/1990,1,1,1,job,Pakistani,"Lahore,Pakistan",03274115079,03274115079,,,,No,,,Not-Found,General Fitness,1,,,,
767,AGL-000767,18-Feb-25,Individual,1,Not Paid,18/08/2026,waseem abbas,waseemabbasagl-000767@gmail.com,Muhammad waseem abbas,81147-1668116-3,Not-Found,Single,A+,1/1/1990,1,1,1,job,Pakistani,"Lahore,Pakistan",03044660091,03044660091,,,,No,,,Not-Found,General Fitness,1,,,,
768,AGL-000768,24-Apr-25,Individual,1,Not Paid,24/08/2026,MOHSIN,mohsinagl-000768@gmail.com,Muhammad MOHSIN,00583-6755981-4,Not-Found,Single,A+,1/1/1990,1,1,1,job,Pakistani,"Lahore,Pakistan",03044660768,03044660768,,,,No,,,Not-Found,General Fitness,1,,,,
769,AGL-000769,20-Oct-25,Individual,1,Not Paid,20/08/2026,suhail,suhailagl-000769@gmail.com,Muhammad suhail,31619-6038245-1,Not-Found,Single,A+,1/1/1990,1,1,1,job,Pakistani,"Lahore,Pakistan",03044660769,03044660769,,,,No,,,Not-Found,General Fitness,1,,,,
770,AGL-000770,1-Jul-25,Individual,1,Not Paid,1/8/2026,M Mansoor,mmansooragl-000770@gmail.com,Muhammad M Mansoor,57277-1394884-0,Not-Found,Single,A+,1/1/1990,1,1,1,job,Pakistani,"Lahore,Pakistan",03044660770,03044660770,,,,No,,,Not-Found,General Fitness,1,,,,
771,AGL-000771,12-Feb-26,Individual,1,Not Paid,12/8/2026,Usman intazar,usmanintazaragl-000771@gmail.com,Muhammad Usman intazar,21598-4363342-7,Not-Found,Single,A+,1/1/1990,1,1,1,job,Pakistani,"Lahore,Pakistan",03014397000,03014397000,,,,No,,,Not-Found,General Fitness,1,,,,
772,AGL-000772,11-May-26,Individual,1,Not Paid,11/8/2026,Usman Intazar,usmanintazaragl-000772@gmail.com,Muhammad Usman Intazar,74688-5452594-7,Not-Found,Single,A+,1/1/1990,1,1,1,job,Pakistani,"Lahore,Pakistan",03014397000,03014397000,,,,No,,,Not-Found,General Fitness,1,,,,
773,AGL-000773,10-Sep-25,Individual,1,Not Paid,10/8/2026,Ahmad Ansari,ahmadansariagl-000773@gmail.com,Muhammad Ahmad Ansari,80135-2398018-3,Not-Found,Single,A+,1/1/1990,1,1,1,job,Pakistani,"Lahore,Pakistan",03014390773,03014390773,,,,No,,,Not-Found,General Fitness,1,,,,
774,AGL-000774,10-Jul-25,Individual,1,Not Paid,10/8/2026,hashir,hashiragl-000774@gmail.com,Muhammad hashir,05425-3317147-5,Not-Found,Single,A+,1/1/1990,1,1,1,job,Pakistani,"Lahore,Pakistan",03227354979,03227354979,,,,No,,,Not-Found,General Fitness,1,,,,
775,AGL-000775,18-May-26,Individual,1,Not Paid,18/08/2026,gohar,goharagl-000775@gmail.com,Muhammad gohar,77214-0416382-6,Not-Found,Single,A+,1/1/1990,1,1,1,job,Pakistani,"Lahore,Pakistan",03258719618,03258719618,,,,No,,,Not-Found,General Fitness,1,,,,
776,AGL-000776,1-Mar-25,Individual,1,Not Paid,1/8/2026,Faizan,faizanagl-000776@gmail.com,Muhammad Faizan,00067-6908394-6,Not-Found,Single,A+,1/1/1990,1,1,1,job,Pakistani,"Lahore,Pakistan",03258710776,03258710776,,,,No,,,Not-Found,General Fitness,1,,,,
777,AGL-000777,1-Mar-25,Individual,1,Not Paid,1/8/2026,Zuhaib,zuhaibagl-000777@gmail.com,Muhammad Zuhaib,92225-4754018-0,Not-Found,Single,A+,1/1/1990,1,1,1,job,Pakistani,"Lahore,Pakistan",03258710777,03258710777,,,,No,,,Not-Found,General Fitness,1,,,,
778,AGL-000778,12-Sep-25,Individual,1,Not Paid,12/8/2026,M Hasan Khan,mhasankhanagl-000778@gmail.com,Muhammad M Hasan Khan,97881-7711853-6,Not-Found,Single,A+,1/1/1990,1,1,1,job,Pakistani,"Lahore,Pakistan",03329944983,03329944983,,,,No,,,Not-Found,General Fitness,1,,,,
779,AGL-000779,18-Jun-25,Individual,1,Not Paid,18/08/2026,Basit,basitagl-000779@gmail.com,Muhammad Basit,56769-2515840-5,Not-Found,Single,A+,1/1/1990,1,1,1,job,Pakistani,"Lahore,Pakistan",03110429311,03110429311,,,,No,,,Not-Found,General Fitness,1,,,,
780,AGL-000780,3-Mar-25,Individual,1,Not Paid,3/8/2026,Mubashir,mubashiragl-000780@gmail.com,Muhammad Mubashir,14062-0751052-1,Not-Found,Single,A+,1/1/1990,1,1,1,job,Pakistani,"Lahore,Pakistan",03071742902,03071742902,,,,No,,,Not-Found,General Fitness,1,,,,
781,AGL-000781,17-Feb-26,Individual,1,Not Paid,17/08/2026,Abdul Rauf,abdulraufagl-000781@gmail.com,Muhammad Abdul Rauf,28236-4054864-2,Not-Found,Single,A+,1/1/1990,1,1,1,job,Pakistani,"Lahore,Pakistan",03033262633,03033262633,,,,No,,,Not-Found,General Fitness,1,,,,
782,AGL-000782,7-Mar-25,Individual,1,Not Paid,7/8/2026,m. mudasir,m.mudasiragl-000782@gmail.com,Muhammad m. mudasir,73904-2673693-0,Not-Found,Single,A+,1/1/1990,1,1,1,job,Pakistani,"Lahore,Pakistan",03281335722,03281335722,,,,No,,,Not-Found,General Fitness,1,,,,
783,AGL-000783,8-Mar-25,Individual,1,Not Paid,8/8/2026,zuhaib,zuhaibagl-000783@gmail.com,Muhammad zuhaib,81932-2732175-6,Not-Found,Single,A+,1/1/1990,1,1,1,job,Pakistani,"Lahore,Pakistan",03021405608,03021405608,,,,No,,,Not-Found,General Fitness,1,,,,
784,AGL-000784,17-Oct-25,Individual,1,Not Paid,17/08/2026,Aaliyan butt,aaliyanbuttagl-000784@gmail.com,Muhammad Aaliyan butt,41050-9247029-1,Not-Found,Single,A+,1/1/1990,1,1,1,job,Pakistani,"Lahore,Pakistan",03021400784,03021400784,,,,No,,,Not-Found,General Fitness,1,,,,
785,AGL-000785,11-Mar-25,Individual,1,Not Paid,11/8/2026,M Wali,mwaliagl-000785@gmail.com,Muhammad M Wali,96506-6213161-0,Not-Found,Single,A+,1/1/1990,1,1,1,job,Pakistani,"Lahore,Pakistan",03494910384,03494910384,,,,No,,,Not-Found,General Fitness,1,,,,
786,AGL-000786,1-May-25,Individual,1,Not Paid,1/8/2026,Farooq Saeed,farooqsaeedagl-000786@gmail.com,Muhammad Farooq Saeed,36342-4816219-1,Not-Found,Single,A+,1/1/1990,1,1,1,job,Pakistani,"Lahore,Pakistan",03086232070,03086232070,,,,No,,,Not-Found,General Fitness,1,,,,
787,AGL-000787,12-May-25,Individual,1,Not Paid,12/8/2026,farhan Ansari,farhanansariagl-000787@gmail.com,Muhammad farhan Ansari,52694-5383528-0,Not-Found,Single,A+,1/1/1990,1,1,1,job,Pakistani,"Lahore,Pakistan",03076497000,03076497000,,,,No,,,Not-Found,General Fitness,1,,,,
788,AGL-000788,4-Apr-25,Individual,1,Not Paid,4/8/2026,Syed Nasrum,syednasrumagl-000788@gmail.com,Muhammad Syed Nasrum,78873-4066809-3,Not-Found,Single,A+,1/1/1990,1,1,1,job,Pakistani,"Lahore,Pakistan",03076490788,03076490788,,,,No,,,Not-Found,General Fitness,1,,,,
789,AGL-000789,4-Apr-25,Individual,1,Not Paid,4/8/2026,Hamza Naseer,hamzanaseeragl-000789@gmail.com,Muhammad Hamza Naseer,45256-3680621-6,Not-Found,Single,A+,1/1/1990,1,1,1,job,Pakistani,"Lahore,Pakistan",03284364778,03284364778,,,,No,,,Not-Found,General Fitness,1,,,,
790,AGL-000790,4-Apr-25,Individual,1,Not Paid,4/8/2026,Akash,akashagl-000790@gmail.com,Muhammad Akash,36245-5597926-8,Not-Found,Single,A+,1/1/1990,1,1,1,job,Pakistani,"Lahore,Pakistan",03020483343,03020483343,,,,No,,,Not-Found,General Fitness,1,,,,
791,AGL-000791,5-Apr-25,Individual,1,Not Paid,5/8/2026,Mujtaba,mujtabaagl-000791@gmail.com,Muhammad Mujtaba,32815-1542678-2,Not-Found,Single,A+,1/1/1990,1,1,1,job,Pakistani,"Lahore,Pakistan",03075073579,03075073579,,,,No,,,Not-Found,General Fitness,1,,,,
792,AGL-000792,5-Apr-25,Individual,1,Not Paid,5/8/2026,Vikas,vikasagl-000792@gmail.com,Muhammad Vikas,88528-4996632-3,Not-Found,Single,A+,1/1/1990,1,1,1,job,Pakistani,"Lahore,Pakistan",03039115838,03039115838,,,,No,,,Not-Found,General Fitness,1,,,,
793,AGL-000793,7-Apr-25,Individual,1,Not Paid,7/8/2026,Bilawal,bilawalagl-000793@gmail.com,Muhammad Bilawal,85850-4249397-1,Not-Found,Single,A+,1/1/1990,1,1,1,job,Pakistani,"Lahore,Pakistan",03059641239,03059641239,,,,No,,,Not-Found,General Fitness,1,,,,
794,AGL-000794,1-May-26,Individual,1,Not Paid,1/8/2026,Sajid,sajidagl-000794@gmail.com,Muhammad Sajid,50941-1038839-1,Not-Found,Single,A+,1/1/1990,1,1,1,job,Pakistani,"Lahore,Pakistan",03216005858,03216005858,,,,No,,,Not-Found,General Fitness,1,,,,
795,AGL-000795,8-Apr-25,Individual,1,Not Paid,8/8/2026,Touseef Hassan,touseefhassanagl-000795@gmail.com,Muhammad Touseef Hassan,26080-5720723-1,Not-Found,Single,A+,1/1/1990,1,1,1,job,Pakistani,"Lahore,Pakistan",03024756187,03024756187,,,,No,,,Not-Found,General Fitness,1,,,,
796,AGL-000796,8-Apr-25,Individual,1,Not Paid,8/8/2026,Shayan,shayanagl-000796@gmail.com,Muhammad Shayan,25058-4210440-9,Not-Found,Single,A+,1/1/1990,1,1,1,job,Pakistani,"Lahore,Pakistan",03144203711,03144203711,,,,No,,,Not-Found,General Fitness,1,,,,
797,AGL-000797,9-Apr-25,Individual,1,Not Paid,9/8/2026,dawood,dawoodagl-000797@gmail.com,Muhammad dawood,44982-7037557-5,Not-Found,Single,A+,1/1/1990,1,1,1,job,Pakistani,"Lahore,Pakistan",03265701558,03265701558,,,,No,,,Not-Found,General Fitness,1,,,,
798,AGL-000798,9-Apr-25,Individual,1,Not Paid,9/8/2026,haseebullah,haseebullahagl-000798@gmail.com,Muhammad haseebullah,46183-4423425-9,Not-Found,Single,A+,1/1/1990,1,1,1,job,Pakistani,"Lahore,Pakistan",03010308999,03010308999,,,,No,,,Not-Found,General Fitness,1,,,,
799,AGL-000799,9-Apr-25,Individual,1,Not Paid,9/8/2026,maryam,maryamagl-000799@gmail.com,Muhammad maryam,20617-6721219-7,Not-Found,Single,A+,1/1/1990,1,1,1,job,Pakistani,"Lahore,Pakistan",03034083657,03034083657,,,,No,,,Not-Found,General Fitness,1,,,,
800,AGL-000800,9-Apr-25,Individual,1,Not Paid,9/8/2026,khatiga,khatigaagl-000800@gmail.com,Muhammad khatiga,32907-9726052-8,Not-Found,Single,A+,1/1/1990,1,1,1,job,Pakistani,"Lahore,Pakistan",03334304342,03334304342,,,,No,,,Not-Found,General Fitness,1,,,,
801,AGL-000801,12-May-26,Individual,1,Not Paid,12/8/2026,khawaja musa,khawajamusaagl-000801@gmail.com,Muhammad khawaja musa,70756-6755982-1,Not-Found,Single,A+,1/1/1990,1,1,1,job,Pakistani,"Lahore,Pakistan",03009413340,03009413340,,,,No,,,Not-Found,General Fitness,1,,,,
802,AGL-000802,13-May-25,Individual,1,Not Paid,13/08/2026,khawaja,khawajaagl-000802@gmail.com,Muhammad khawaja,97330-8821368-7,Not-Found,Single,A+,1/1/1990,1,1,1,job,Pakistani,"Lahore,Pakistan",03009410802,03009410802,,,,No,,,Not-Found,General Fitness,1,,,,
803,AGL-000803,11-Apr-25,Individual,1,Not Paid,11/8/2026,Abdul,abdulagl-000803@gmail.com,Muhammad Abdul,85888-7768589-7,Not-Found,Single,A+,1/1/1990,1,1,1,job,Pakistani,"Lahore,Pakistan",03094123639,03094123639,,,,No,,,Not-Found,General Fitness,1,,,,
804,AGL-000804,11-Apr-25,Individual,1,Not Paid,11/8/2026,M Faraz,mfarazagl-000804@gmail.com,Muhammad M Faraz,56600-7269737-7,Not-Found,Single,A+,1/1/1990,1,1,1,job,Pakistani,"Lahore,Pakistan",03055248481,03055248481,,,,No,,,Not-Found,General Fitness,1,,,,
805,AGL-000805,11-Apr-25,Individual,1,Not Paid,11/8/2026,Abdul-rehman,abdul-rehmanagl-000805@gmail.com,Muhammad Abdul-rehman,70959-0042048-9,Not-Found,Single,A+,1/1/1990,1,1,1,job,Pakistani,"Lahore,Pakistan",03240147359,03240147359,,,,No,,,Not-Found,General Fitness,1,,,,
806,AGL-000806,11-Apr-25,Individual,1,Not Paid,11/8/2026,Muneeb Jutt,muneebjuttagl-000806@gmail.com,Muhammad Muneeb Jutt,58565-5196883-2,Not-Found,Single,A+,1/1/1990,1,1,1,job,Pakistani,"Lahore,Pakistan",03259863280,03259863280,,,,No,,,Not-Found,General Fitness,1,,,,
807,AGL-000807,11-Apr-25,Individual,1,Not Paid,11/8/2026,Shahab Khan,shahabkhanagl-000807@gmail.com,Muhammad Shahab Khan,68660-7569099-5,Not-Found,Single,A+,1/1/1990,1,1,1,job,Pakistani,"Lahore,Pakistan",03135667158,03135667158,,,,No,,,Not-Found,General Fitness,1,,,,
808,AGL-000808,15-Apr-25,Individual,1,Not Paid,15/08/2026,Yaseen,yaseenagl-000808@gmail.com,Muhammad Yaseen,46468-9141277-9,Not-Found,Single,A+,1/1/1990,1,1,1,job,Pakistani,"Lahore,Pakistan",03445732754,03445732754,,,,No,,,Not-Found,General Fitness,1,,,,
809,AGL-000809,17-Feb-26,Individual,1,Not Paid,17/08/2026,Ali hasnian,alihasnianagl-000809@gmail.com,Muhammad Ali hasnian,78601-9607529-7,Not-Found,Single,A+,1/1/1990,1,1,1,job,Pakistani,"Lahore,Pakistan",03256373641,03256373641,,,,No,,,Not-Found,General Fitness,1,,,,
810,AGL-000810,15-Apr-25,Individual,1,Not Paid,15/08/2026,uzair,uzairagl-000810@gmail.com,Muhammad uzair,79750-2803003-6,Not-Found,Single,A+,1/1/1990,1,1,1,job,Pakistani,"Lahore,Pakistan",03249618044,03249618044,,,,No,,,Not-Found,General Fitness,1,,,,
811,AGL-000811,15-Apr-25,Individual,1,Not Paid,15/08/2026,Sarmad,sarmadagl-000811@gmail.com,Muhammad Sarmad,28461-4920574-7,Not-Found,Single,A+,1/1/1990,1,1,1,job,Pakistani,"Lahore,Pakistan",03099378001,03099378001,,,,No,,,Not-Found,General Fitness,1,,,,
812,AGL-000812,15-Apr-25,Individual,1,Not Paid,15/08/2026,Abdullah kamran,abdullahkamranagl-000812@gmail.com,Muhammad Abdullah kamran,77228-8977502-8,Not-Found,Single,A+,1/1/1990,1,1,1,job,Pakistani,"Lahore,Pakistan",03704881868,03704881868,,,,No,,,Not-Found,General Fitness,1,,,,
813,AGL-000813,15-Apr-25,Individual,1,Not Paid,15/08/2026,Farzeen,farzeenagl-000813@gmail.com,Muhammad Farzeen,11937-9542183-5,Not-Found,Single,A+,1/1/1990,1,1,1,job,Pakistani,"Lahore,Pakistan",03264553576,03264553576,,,,No,,,Not-Found,General Fitness,1,,,,
814,AGL-000814,24-Nov-25,Individual,1,Not Paid,24/08/2026,Bilal,bilalagl-000814@gmail.com,Muhammad Bilal,23259-5930552-6,Not-Found,Single,A+,1/1/1990,1,1,1,job,Pakistani,"Lahore,Pakistan",03334768742,03334768742,,,,No,,,Not-Found,General Fitness,1,,,,
815,AGL-000815,15-Apr-25,Individual,1,Not Paid,15/08/2026,Sarim,sarimagl-000815@gmail.com,Muhammad Sarim,20983-1994599-7,Not-Found,Single,A+,1/1/1990,1,1,1,job,Pakistani,"Lahore,Pakistan",03018081457,03018081457,,,,No,,,Not-Found,General Fitness,1,,,,
816,AGL-000816,15-Apr-25,Individual,1,Not Paid,15/08/2026,m Shehzad,mshehzadagl-000816@gmail.com,Muhammad m Shehzad,34275-6055117-3,Not-Found,Single,A+,1/1/1990,1,1,1,job,Pakistani,"Lahore,Pakistan",03156490090,03156490090,,,,No,,,Not-Found,General Fitness,1,,,,
817,AGL-000817,15-Apr-25,Individual,1,Not Paid,15/08/2026,rizwan,rizwanagl-000817@gmail.com,Muhammad rizwan,33054-2659636-6,Not-Found,Single,A+,1/1/1990,1,1,1,job,Pakistani,"Lahore,Pakistan",03134289333,03134289333,,,,No,,,Not-Found,General Fitness,1,,,,
818,AGL-000818,23-Sep-25,Individual,1,Not Paid,23/08/2026,Ali imran,aliimranagl-000818@gmail.com,Muhammad Ali imran,59257-7458165-5,Not-Found,Single,A+,1/1/1990,1,1,1,job,Pakistani,"Lahore,Pakistan",03004111348,03004111348,,,,No,,,Not-Found,General Fitness,1,,,,
819,AGL-000819,18-Sep-25,Individual,1,Not Paid,18/08/2026,Suleman Attray,sulemanattrayagl-000819@gmail.com,Muhammad Suleman Attray,62018-0543908-4,Not-Found,Single,A+,1/1/1990,1,1,1,job,Pakistani,"Lahore,Pakistan",03075997754,03075997754,,,,No,,,Not-Found,General Fitness,1,,,,
820,AGL-000820,27-Jun-25,Individual,1,Not Paid,27/08/2026,Umer khyam,umerkhyamagl-000820@gmail.com,Muhammad Umer khyam,92645-4510293-2,Not-Found,Single,A+,1/1/1990,1,1,1,job,Pakistani,"Lahore,Pakistan",03214523521,03214523521,,,,No,,,Not-Found,General Fitness,1,,,,
821,AGL-000821,27-Jun-25,Individual,1,Not Paid,27/08/2026,Salman Sabir,salmansabiragl-000821@gmail.com,Muhammad Salman Sabir,74487-9967473-8,Not-Found,Single,A+,1/1/1990,1,1,1,job,Pakistani,"Lahore,Pakistan",03264060034,03264060034,,,,No,,,Not-Found,General Fitness,1,,,,
822,AGL-000822,23-Oct-25,Individual,1,Not Paid,23/08/2026,M Khubaib,mkhubaibagl-000822@gmail.com,Muhammad M Khubaib,20973-2518365-6,Not-Found,Single,A+,1/1/1990,1,1,1,job,Pakistani,"Lahore,Pakistan",03106733185,03106733185,,,,No,,,Not-Found,General Fitness,1,,,,
823,AGL-000823,20-May-26,Individual,1,Not Paid,20/08/2026,khubaib,khubaibagl-000823@gmail.com,Muhammad khubaib,66923-9492979-7,Not-Found,Single,A+,1/1/1990,1,1,1,job,Pakistani,"Lahore,Pakistan",03125522050,03125522050,,,,No,,,Not-Found,General Fitness,1,,,,
824,AGL-000824,20-May-25,Individual,1,Not Paid,20/08/2026,saud,saudagl-000824@gmail.com,Muhammad saud,29824-5773253-3,Not-Found,Single,A+,1/1/1990,1,1,1,job,Pakistani,"Lahore,Pakistan",03086436395,03086436395,,,,No,,,Not-Found,General Fitness,1,,,,
825,AGL-000825,16-Apr-25,Individual,1,Not Paid,16/08/2026,ismaeel,ismaeelagl-000825@gmail.com,Muhammad ismaeel,88291-3371234-7,Not-Found,Single,A+,1/1/1990,1,1,1,job,Pakistani,"Lahore,Pakistan",03334405821,03334405821,,,,No,,,Not-Found,General Fitness,1,,,,
826,AGL-000826,2-Jul-25,Individual,1,Not Paid,2/8/2026,Wasi Shah,wasishahagl-000826@gmail.com,Muhammad Wasi Shah,03111-7481318-5,Not-Found,Single,A+,1/1/1990,1,1,1,job,Pakistani,"Lahore,Pakistan",03096446826,03096446826,,,,No,,,Not-Found,General Fitness,1,,,,
827,AGL-000827,17-Apr-25,Individual,1,Not Paid,17/08/2026,Hamza Rehman,hamzarehmanagl-000827@gmail.com,Muhammad Hamza Rehman,92954-1457509-9,Not-Found,Single,A+,1/1/1990,1,1,1,job,Pakistani,"Lahore,Pakistan",03048953041,03048953041,,,,No,,,Not-Found,General Fitness,1,,,,
828,AGL-000828,17-Apr-25,Individual,1,Not Paid,17/08/2026,Ahmad,ahmadagl-000828@gmail.com,Muhammad Ahmad,97902-0876587-4,Not-Found,Single,A+,1/1/1990,1,1,1,job,Pakistani,"Lahore,Pakistan",03244248847,03244248847,,,,No,,,Not-Found,General Fitness,1,,,,
829,AGL-000829,14-Oct-25,Individual,1,Not Paid,14/08/2026,Tahir,tahiragl-000829@gmail.com,Muhammad Tahir,73959-0320987-5,Not-Found,Single,A+,1/1/1990,1,1,1,job,Pakistani,"Lahore,Pakistan",03267758902,03267758902,,,,No,,,Not-Found,General Fitness,1,,,,
830,AGL-000830,17-Apr-25,Individual,1,Not Paid,17/08/2026,Abdul Moeez,abdulmoeezagl-000830@gmail.com,Muhammad Abdul Moeez,15942-7805198-1,Not-Found,Single,A+,1/1/1990,1,1,1,job,Pakistani,"Lahore,Pakistan",03227502870,03227502870,,,,No,,,Not-Found,General Fitness,1,,,,
831,AGL-000831,22-Apr-25,Individual,1,Not Paid,22/08/2026,Husnain,husnainagl-000831@gmail.com,Muhammad Husnain,85421-2294224-4,Not-Found,Single,A+,1/1/1990,1,1,1,job,Pakistani,"Lahore,Pakistan",03049692595,03049692595,,,,No,,,Not-Found,General Fitness,1,,,,
832,AGL-000832,9-Jul-25,Individual,1,Not Paid,9/8/2026,rubab,rubabagl-000832@gmail.com,Muhammad rubab,99400-0494793-3,Not-Found,Single,A+,1/1/1990,1,1,1,job,Pakistani,"Lahore,Pakistan",03466113951,03466113951,,,,No,,,Not-Found,General Fitness,1,,,,
833,AGL-000833,22-Apr-25,Individual,1,Not Paid,22/08/2026,Ali asgar,aliasgaragl-000833@gmail.com,Muhammad Ali asgar,49470-8475797-6,Not-Found,Single,A+,1/1/1990,1,1,1,job,Pakistani,"Lahore,Pakistan",03294665266,03294665266,,,,No,,,Not-Found,General Fitness,1,,,,
834,AGL-000834,22-Apr-25,Individual,1,Not Paid,22/08/2026,mazhar Shah,mazharshahagl-000834@gmail.com,Muhammad mazhar Shah,08891-5519085-1,Not-Found,Single,A+,1/1/1990,1,1,1,job,Pakistani,"Lahore,Pakistan",03294665268,03294665268,,,,No,,,Not-Found,General Fitness,1,,,,
835,AGL-000835,22-Apr-25,Individual,1,Not Paid,22/08/2026,Azhar,azharagl-000835@gmail.com,Muhammad Azhar,91323-7524138-4,Not-Found,Single,A+,1/1/1990,1,1,1,job,Pakistani,"Lahore,Pakistan",03294665269,03294665269,,,,No,,,Not-Found,General Fitness,1,,,,
836,AGL-000836,23-Apr-25,Individual,1,Not Paid,23/08/2026,Anil Gill,anilgillagl-000836@gmail.com,Muhammad Anil Gill,57454-9251672-4,Not-Found,Single,A+,1/1/1990,1,1,1,job,Pakistani,"Lahore,Pakistan",03008476007,03008476007,,,,No,,,Not-Found,General Fitness,1,,,,
837,AGL-000837,23-Apr-25,Individual,1,Not Paid,23/08/2026,Hasan Ghani,hasanghaniagl-000837@gmail.com,Muhammad Hasan Ghani,94277-9169067-8,Not-Found,Single,A+,1/1/1990,1,1,1,job,Pakistani,"Lahore,Pakistan",03184656975,03184656975,,,,No,,,Not-Found,General Fitness,1,,,,
838,AGL-000838,23-Apr-25,Individual,1,Not Paid,23/08/2026,Haroon,haroonagl-000838@gmail.com,Muhammad Haroon,57094-2342549-8,Not-Found,Single,A+,1/1/1990,1,1,1,job,Pakistani,"Lahore,Pakistan",03114269023,03114269023,,,,No,,,Not-Found,General Fitness,1,,,,
839,AGL-000839,24-Apr-25,Individual,1,Not Paid,24/08/2026,abdullah,abdullahagl-000839@gmail.com,Muhammad abdullah,82618-6398681-5,Not-Found,Single,A+,1/1/1990,1,1,1,job,Pakistani,"Lahore,Pakistan",03224537270,03224537270,,,,No,,,Not-Found,General Fitness,1,,,,
840,AGL-000840,24-Apr-25,Individual,1,Not Paid,24/08/2026,Nazim,nazimagl-000840@gmail.com,Muhammad Nazim,76601-4825716-3,Not-Found,Single,A+,1/1/1990,1,1,1,job,Pakistani,"Lahore,Pakistan",03094590255,03094590255,,,,No,,,Not-Found,General Fitness,1,,,,
841,AGL-000841,25-Apr-25,Individual,1,Not Paid,25/08/2026,Gulam Mustafa,gulammustafaagl-000841@gmail.com,Muhammad Gulam Mustafa,44607-3141220-4,Not-Found,Single,A+,1/1/1990,1,1,1,job,Pakistani,"Lahore,Pakistan",03094590841,03094590841,,,,No,,,Not-Found,General Fitness,1,,,,
842,AGL-000842,25-Apr-25,Individual,1,Not Paid,25/08/2026,awaise,awaiseagl-000842@gmail.com,Muhammad awaise,60335-5298733-8,Not-Found,Single,A+,1/1/1990,1,1,1,job,Pakistani,"Lahore,Pakistan",03214578201,03214578201,,,,No,,,Not-Found,General Fitness,1,,,,
843,AGL-000843,25-Apr-25,Individual,1,Not Paid,25/08/2026,muneeb,muneebagl-000843@gmail.com,Muhammad muneeb,26272-9676033-1,Not-Found,Single,A+,1/1/1990,1,1,1,job,Pakistani,"Lahore,Pakistan",03045563237,03045563237,,,,No,,,Not-Found,General Fitness,1,,,,
844,AGL-000844,25-Apr-25,Individual,1,Not Paid,25/08/2026,fahad,fahadagl-000844@gmail.com,Muhammad fahad,79441-3251220-0,Not-Found,Single,A+,1/1/1990,1,1,1,job,Pakistani,"Lahore,Pakistan",03068469189,03068469189,,,,No,,,Not-Found,General Fitness,1,,,,
845,AGL-000845,28-Apr-25,Individual,1,Not Paid,28/08/2026,Khubaib,khubaibagl-000845@gmail.com,Muhammad Khubaib,57736-3773943-5,Not-Found,Single,A+,1/1/1990,1,1,1,job,Pakistani,"Lahore,Pakistan",03166128621,03166128621,,,,No,,,Not-Found,General Fitness,1,,,,
846,AGL-000846,28-Apr-25,Individual,1,Not Paid,28/08/2026,irfan khan,irfankhanagl-000846@gmail.com,Muhammad irfan khan,86073-3692890-2,Not-Found,Single,A+,1/1/1990,1,1,1,job,Pakistani,"Lahore,Pakistan",03099625664,03099625664,,,,No,,,Not-Found,General Fitness,1,,,,
847,AGL-000847,23-Sep-25,Individual,1,Not Paid,23/08/2026,M Saad,msaadagl-000847@gmail.com,Muhammad M Saad,86728-3279212-9,Not-Found,Single,A+,1/1/1990,1,1,1,job,Pakistani,"Lahore,Pakistan",03134525828,03134525828,,,,No,,,Not-Found,General Fitness,1,,,,
848,AGL-000848,29-Apr-25,Individual,1,Not Paid,29/08/2026,Khubaib,khubaibagl-000848@gmail.com,Muhammad Khubaib,50327-3598562-0,Not-Found,Single,A+,1/1/1990,1,1,1,job,Pakistani,"Lahore,Pakistan",03166162816,03166162816,,,,No,,,Not-Found,General Fitness,1,,,,
849,AGL-000849,3-May-25,Individual,1,Not Paid,3/8/2026,uzair,uzairagl-000849@gmail.com,Muhammad uzair,76027-9577023-9,Not-Found,Single,A+,1/1/1990,1,1,1,job,Pakistani,"Lahore,Pakistan",03267169688,03267169688,,,,No,,,Not-Found,General Fitness,1,,,,
850,AGL-000850,27-Oct-25,Individual,1,Not Paid,27/08/2026,haroon rashid,haroonrashidagl-000850@gmail.com,Muhammad haroon rashid,66292-4639876-0,Not-Found,Single,A+,1/1/1990,1,1,1,job,Pakistani,"Lahore,Pakistan",03217399862,03217399862,,,,No,,,Not-Found,General Fitness,1,,,,
851,AGL-000851,11-Jun-25,Individual,1,Not Paid,11/8/2026,M Waqas,mwaqasagl-000851@gmail.com,Muhammad M Waqas,23765-7636794-2,Not-Found,Single,A+,1/1/1990,1,1,1,job,Pakistani,"Lahore,Pakistan",03704000399,03704000399,,,,No,,,Not-Found,General Fitness,1,,,,
852,AGL-000852,5-May-25,Individual,1,Not Paid,5/8/2026,Dauoo Khan,dauookhanagl-000852@gmail.com,Muhammad Dauoo Khan,39623-5825856-5,Not-Found,Single,A+,1/1/1990,1,1,1,job,Pakistani,"Lahore,Pakistan",03404138282,03404138282,,,,No,,,Not-Found,General Fitness,1,,,,
853,AGL-000853,22-Nov-25,Individual,1,Not Paid,22/08/2026,rooh ullah,roohullahagl-000853@gmail.com,Muhammad rooh ullah,92327-4990238-8,Not-Found,Single,A+,1/1/1990,1,1,1,job,Pakistani,"Lahore,Pakistan",03105400222,03105400222,,,,No,,,Not-Found,General Fitness,1,,,,
854,AGL-000854,5-May-25,Individual,1,Not Paid,5/8/2026,eesa,eesaagl-000854@gmail.com,Muhammad eesa,50198-7972259-9,Not-Found,Single,A+,1/1/1990,1,1,1,job,Pakistani,"Lahore,Pakistan",03105400854,03105400854,,,,No,,,Not-Found,General Fitness,1,,,,
855,AGL-000855,20-May-26,Individual,1,Not Paid,20/08/2026,yaqoob khan,yaqoobkhanagl-000855@gmail.com,Muhammad yaqoob khan,68958-3693917-1,Not-Found,Single,A+,1/1/1990,1,1,1,job,Pakistani,"Lahore,Pakistan",03284757270,03284757270,,,,No,,,Not-Found,General Fitness,1,,,,
856,AGL-000856,6-Jun-25,Individual,1,Not Paid,6/8/2026,Zain,zainagl-000856@gmail.com,Muhammad Zain,04016-4836023-5,Not-Found,Single,A+,1/1/1990,1,1,1,job,Pakistani,"Lahore,Pakistan",03485919577,03485919577,,,,No,,,Not-Found,General Fitness,1,,,,
857,AGL-000857,14-Oct-25,Individual,1,Not Paid,14/08/2026,Hammad,hammadagl-000857@gmail.com,Muhammad Hammad,05959-3788159-4,Not-Found,Single,A+,1/1/1990,1,1,1,job,Pakistani,"Lahore,Pakistan",03224723502,03224723502,,,,No,,,Not-Found,General Fitness,1,,,,
858,AGL-000858,14-Oct-25,Individual,1,Not Paid,14/08/2026,Rehan,rehanagl-000858@gmail.com,Muhammad Rehan,70760-2766074-9,Not-Found,Single,A+,1/1/1990,1,1,1,job,Pakistani,"Lahore,Pakistan",03001313072,03001313072,,,,No,,,Not-Found,General Fitness,1,,,,
859,AGL-000859,15-Jul-25,Individual,1,Not Paid,15/08/2026,M aleem,maleemagl-000859@gmail.com,Muhammad M aleem,17256-0780827-8,Not-Found,Single,A+,1/1/1990,1,1,1,job,Pakistani,"Lahore,Pakistan",03084037760,03084037760,,,,No,,,Not-Found,General Fitness,1,,,,
860,AGL-000860,15-Jul-25,Individual,1,Not Paid,15/08/2026,Asad,asadagl-000860@gmail.com,Muhammad Asad,91617-3607275-5,Not-Found,Single,A+,1/1/1990,1,1,1,job,Pakistani,"Lahore,Pakistan",03260231811,03260231811,,,,No,,,Not-Found,General Fitness,1,,,,
861,AGL-000861,6-May-25,Individual,1,Not Paid,6/8/2026,Amir hanif,amirhanifagl-000861@gmail.com,Muhammad Amir hanif,71440-2920534-9,Not-Found,Single,A+,1/1/1990,1,1,1,job,Pakistani,"Lahore,Pakistan",03168499452,03168499452,,,,No,,,Not-Found,General Fitness,1,,,,
862,AGL-000862,6-May-25,Individual,1,Not Paid,6/8/2026,faiz ullah,faizullahagl-000862@gmail.com,Muhammad faiz ullah,88968-2117704-6,Not-Found,Single,A+,1/1/1990,1,1,1,job,Pakistani,"Lahore,Pakistan",03217642012,03217642012,,,,No,,,Not-Found,General Fitness,1,,,,
863,AGL-000863,20-Jun-25,Individual,1,Not Paid,20/08/2026,haroon,haroonagl-000863@gmail.com,Muhammad haroon,88693-5941141-1,Not-Found,Single,A+,1/1/1990,1,1,1,job,Pakistani,"Lahore,Pakistan",03025688656,03025688656,,,,No,,,Not-Found,General Fitness,1,,,,
864,AGL-000864,7-May-25,Individual,1,Not Paid,7/8/2026,ahmad,ahmadagl-000864@gmail.com,Muhammad ahmad,52607-9430126-9,Not-Found,Single,A+,1/1/1990,1,1,1,job,Pakistani,"Lahore,Pakistan",03206619871,03206619871,,,,No,,,Not-Found,General Fitness,1,,,,
865,AGL-000865,7-May-25,Individual,1,Not Paid,7/8/2026,danish,danishagl-000865@gmail.com,Muhammad danish,42581-9238075-5,Not-Found,Single,A+,1/1/1990,1,1,1,job,Pakistani,"Lahore,Pakistan",03226299604,03226299604,,,,No,,,Not-Found,General Fitness,1,,,,
866,AGL-000866,9-Jun-26,Individual,1,Not Paid,9/8/2026,zain,zainagl-000866@gmail.com,Muhammad zain,95198-6356434-2,Not-Found,Single,A+,1/1/1990,1,1,1,job,Pakistani,"Lahore,Pakistan",03462731746,03462731746,,,,No,,,Not-Found,General Fitness,1,,,,
867,AGL-000867,8-May-25,Individual,1,Not Paid,8/8/2026,rustam,rustamagl-000867@gmail.com,Muhammad rustam,94004-1217856-2,Not-Found,Single,A+,1/1/1990,1,1,1,job,Pakistani,"Lahore,Pakistan",03134734427,03134734427,,,,No,,,Not-Found,General Fitness,1,,,,
868,AGL-000868,8-May-25,Individual,1,Not Paid,8/8/2026,M Tahir,mtahiragl-000868@gmail.com,Muhammad M Tahir,75127-4116811-0,Not-Found,Single,A+,1/1/1990,1,1,1,job,Pakistani,"Lahore,Pakistan",03073741382,03073741382,,,,No,,,Not-Found,General Fitness,1,,,,
869,AGL-000869,8-May-25,Individual,1,Not Paid,8/8/2026,rameez &wife,rameez&wifeagl-000869@gmail.com,Muhammad rameez &wife,73876-5201640-7,Not-Found,Single,A+,1/1/1990,1,1,1,job,Pakistani,"Lahore,Pakistan",03005647676,03005647676,,,,No,,,Not-Found,General Fitness,1,,,,
870,AGL-000870,8-May-25,Individual,1,Not Paid,8/8/2026,husnain,husnainagl-000870@gmail.com,Muhammad husnain,81205-3782141-5,Not-Found,Single,A+,1/1/1990,1,1,1,job,Pakistani,"Lahore,Pakistan",03244959945,03244959945,,,,No,,,Not-Found,General Fitness,1,,,,
871,AGL-000871,8-May-25,Individual,1,Not Paid,8/8/2026,Bilal,bilalagl-000871@gmail.com,Muhammad Bilal,78907-7852161-1,Not-Found,Single,A+,1/1/1990,1,1,1,job,Pakistani,"Lahore,Pakistan",03078510786,03078510786,,,,No,,,Not-Found,General Fitness,1,,,,
872,AGL-000872,9-May-25,Individual,1,Not Paid,9/8/2026,Hamza,hamzaagl-000872@gmail.com,Muhammad Hamza,81618-2661803-2,Not-Found,Single,A+,1/1/1990,1,1,1,job,Pakistani,"Lahore,Pakistan",03238430374,03238430374,,,,No,,,Not-Found,General Fitness,1,,,,
873,AGL-000873,9-May-25,Individual,1,Not Paid,9/8/2026,Umar,umaragl-000873@gmail.com,Muhammad Umar,71424-8820434-1,Not-Found,Single,A+,1/1/1990,1,1,1,job,Pakistani,"Lahore,Pakistan",03092283337,03092283337,,,,No,,,Not-Found,General Fitness,1,,,,
874,AGL-000874,10-May-25,Individual,1,Not Paid,10/8/2026,Mudasir khan,mudasirkhanagl-000874@gmail.com,Muhammad Mudasir khan,31681-8847347-1,Not-Found,Single,A+,1/1/1990,1,1,1,job,Pakistani,"Lahore,Pakistan",03125047462,03125047462,,,,No,,,Not-Found,General Fitness,1,,,,
875,AGL-000875,17-Feb-26,Individual,1,Not Paid,17/08/2026,Sufyan,sufyanagl-000875@gmail.com,Muhammad Sufyan,54618-8835023-6,Not-Found,Single,A+,1/1/1990,1,1,1,job,Pakistani,"Lahore,Pakistan",03035899081,03035899081,,,,No,,,Not-Found,General Fitness,1,,,,
876,AGL-000876,10-May-25,Individual,1,Not Paid,10/8/2026,Sultan Cheema,sultancheemaagl-000876@gmail.com,Muhammad Sultan Cheema,63584-3281334-5,Not-Found,Single,A+,1/1/1990,1,1,1,job,Pakistani,"Lahore,Pakistan",03214418687,03214418687,,,,No,,,Not-Found,General Fitness,1,,,,
877,AGL-000877,12-May-25,Individual,1,Not Paid,12/8/2026,Mohib,mohibagl-000877@gmail.com,Muhammad Mohib,45335-7141052-8,Not-Found,Single,A+,1/1/1990,1,1,1,job,Pakistani,"Lahore,Pakistan",03064567009,03064567009,,,,No,,,Not-Found,General Fitness,1,,,,
878,AGL-000878,13-May-25,Individual,1,Not Paid,13/08/2026,Haris,harisagl-000878@gmail.com,Muhammad Haris,57560-4436242-3,Not-Found,Single,A+,1/1/1990,1,1,1,job,Pakistani,"Lahore,Pakistan",03066699704,03066699704,,,,No,,,Not-Found,General Fitness,1,,,,
879,AGL-000879,13-May-25,Individual,1,Not Paid,13/08/2026,Raza,razaagl-000879@gmail.com,Muhammad Raza,37186-7972382-9,Not-Found,Single,A+,1/1/1990,1,1,1,job,Pakistani,"Lahore,Pakistan",03024290878,03024290878,,,,No,,,Not-Found,General Fitness,1,,,,
880,AGL-000880,1-Aug-25,Individual,1,Not Paid,1/8/2026,Abulrehman,abulrehmanagl-000880@gmail.com,Muhammad Abulrehman,24569-0951166-2,Not-Found,Single,A+,1/1/1990,1,1,1,job,Pakistani,"Lahore,Pakistan",03074303048,03074303048,,,,No,,,Not-Found,General Fitness,1,,,,
881,AGL-000881,13-May-25,Individual,1,Not Paid,13/08/2026,Saqlain Abbas,saqlainabbasagl-000881@gmail.com,Muhammad Saqlain Abbas,27547-9364733-6,Not-Found,Single,A+,1/1/1990,1,1,1,job,Pakistani,"Lahore,Pakistan",03019732622,03019732622,,,,No,,,Not-Found,General Fitness,1,,,,
882,AGL-000882,15-Jul-25,Individual,1,Not Paid,15/08/2026,Aqeeb,aqeebagl-000882@gmail.com,Muhammad Aqeeb,84640-8398667-3,Not-Found,Single,A+,1/1/1990,1,1,1,job,Pakistani,"Lahore,Pakistan",03095604271,03095604271,,,,No,,,Not-Found,General Fitness,1,,,,
883,AGL-000883,15-May-25,Individual,1,Not Paid,15/08/2026,Mohid,mohidagl-000883@gmail.com,Muhammad Mohid,80063-9285475-6,Not-Found,Single,A+,1/1/1990,1,1,1,job,Pakistani,"Lahore,Pakistan",03226600337,03226600337,,,,No,,,Not-Found,General Fitness,1,,,,
884,AGL-000884,15-May-25,Individual,1,Not Paid,15/08/2026,Huzaifa,huzaifaagl-000884@gmail.com,Muhammad Huzaifa,24346-2437242-1,Not-Found,Single,A+,1/1/1990,1,1,1,job,Pakistani,"Lahore,Pakistan",03331453770,03331453770,,,,No,,,Not-Found,General Fitness,1,,,,
885,AGL-000885,10-Dec-25,Individual,1,Not Paid,10/8/2026,M Junaid,mjunaidagl-000885@gmail.com,Muhammad M Junaid,94802-8339147-9,Not-Found,Single,A+,1/1/1990,1,1,1,job,Pakistani,"Lahore,Pakistan",03174442678,03174442678,,,,No,,,Not-Found,General Fitness,1,,,,
886,AGL-000886,17-May-25,Individual,1,Not Paid,17/08/2026,Gulzaib,gulzaibagl-000886@gmail.com,Muhammad Gulzaib,04587-4242619-6,Not-Found,Single,A+,1/1/1990,1,1,1,job,Pakistani,"Lahore,Pakistan",03265868468,03265868468,,,,No,,,Not-Found,General Fitness,1,,,,
887,AGL-000887,21-Aug-25,Individual,1,Not Paid,21/08/2026,talha zeehan,talhazeehanagl-000887@gmail.com,Muhammad talha zeehan,54567-5661582-7,Not-Found,Single,A+,1/1/1990,1,1,1,job,Pakistani,"Lahore,Pakistan",03074370959,03074370959,,,,No,,,Not-Found,General Fitness,1,,,,
888,AGL-000888,2-Dec-25,Individual,1,Not Paid,2/8/2026,atif irfan,atifirfanagl-000888@gmail.com,Muhammad atif irfan,33626-0370407-5,Not-Found,Single,A+,1/1/1990,1,1,1,job,Pakistani,"Lahore,Pakistan",03554678648,03554678648,,,,No,,,Not-Found,General Fitness,1,,,,
889,AGL-000889,20-May-25,Individual,1,Not Paid,20/08/2026,Ali butt,alibuttagl-000889@gmail.com,Muhammad Ali butt,32298-5838824-9,Not-Found,Single,A+,1/1/1990,1,1,1,job,Pakistani,"Lahore,Pakistan",03256515495,03256515495,,,,No,,,Not-Found,General Fitness,1,,,,
890,AGL-000890,9-Jul-25,Individual,1,Not Paid,9/8/2026,Naseeb Gul,naseebgulagl-000890@gmail.com,Muhammad Naseeb Gul,22226-3868444-3,Not-Found,Single,A+,1/1/1990,1,1,1,job,Pakistani,"Lahore,Pakistan",03201949843,03201949843,,,,No,,,Not-Found,General Fitness,1,,,,
891,AGL-000891,10-Sep-25,Individual,1,Not Paid,10/8/2026,Talha,talhaagl-000891@gmail.com,Muhammad Talha,53109-8701479-9,Not-Found,Single,A+,1/1/1990,1,1,1,job,Pakistani,"Lahore,Pakistan",03202919700,03202919700,,,,No,,,Not-Found,General Fitness,1,,,,
892,AGL-000892,21-May-25,Individual,1,Not Paid,21/08/2026,Mubeen Ahmad,mubeenahmadagl-000892@gmail.com,Muhammad Mubeen Ahmad,71686-3927973-1,Not-Found,Single,A+,1/1/1990,1,1,1,job,Pakistani,"Lahore,Pakistan",03019780270,03019780270,,,,No,,,Not-Found,General Fitness,1,,,,
893,AGL-000893,21-May-25,Individual,1,Not Paid,21/08/2026,john,johnagl-000893@gmail.com,Muhammad john,85682-0371299-3,Not-Found,Single,A+,1/1/1990,1,1,1,job,Pakistani,"Lahore,Pakistan",03008813930,03008813930,,,,No,,,Not-Found,General Fitness,1,,,,
894,AGL-000894,21-May-25,Individual,1,Not Paid,21/08/2026,samuel,samuelagl-000894@gmail.com,Muhammad samuel,42986-0956002-2,Not-Found,Single,A+,1/1/1990,1,1,1,job,Pakistani,"Lahore,Pakistan",03221403960,03221403960,,,,No,,,Not-Found,General Fitness,1,,,,
895,AGL-000895,21-May-25,Individual,1,Not Paid,21/08/2026,Faizan,faizanagl-000895@gmail.com,Muhammad Faizan,15090-6765147-1,Not-Found,Single,A+,1/1/1990,1,1,1,job,Pakistani,"Lahore,Pakistan",03296993487,03296993487,,,,No,,,Not-Found,General Fitness,1,,,,
896,AGL-000896,21-May-25,Individual,1,Not Paid,21/08/2026,rehman,rehmanagl-000896@gmail.com,Muhammad rehman,76039-5238044-3,Not-Found,Single,A+,1/1/1990,1,1,1,job,Pakistani,"Lahore,Pakistan",03074644320,03074644320,,,,No,,,Not-Found,General Fitness,1,,,,
897,AGL-000897,21-May-25,Individual,1,Not Paid,21/08/2026,Asgar,asgaragl-000897@gmail.com,Muhammad Asgar,45178-6149105-2,Not-Found,Single,A+,1/1/1990,1,1,1,job,Pakistani,"Lahore,Pakistan",03221147746,03221147746,,,,No,,,Not-Found,General Fitness,1,,,,
898,AGL-000898,22-May-25,Individual,1,Not Paid,22/08/2026,Muawia,muawiaagl-000898@gmail.com,Muhammad Muawia,70353-7070664-4,Not-Found,Single,A+,1/1/1990,1,1,1,job,Pakistani,"Lahore,Pakistan",03126114083,03126114083,,,,No,,,Not-Found,General Fitness,1,,,,
899,AGL-000899,22-May-25,Individual,1,Not Paid,22/08/2026,Shahzaib,shahzaibagl-000899@gmail.com,Muhammad Shahzaib,00667-9171836-6,Not-Found,Single,A+,1/1/1990,1,1,1,job,Pakistani,"Lahore,Pakistan",03104040785,03104040785,,,,No,,,Not-Found,General Fitness,1,,,,
900,AGL-000900,23-May-25,Individual,1,Not Paid,23/08/2026,yaseen,yaseenagl-000900@gmail.com,Muhammad yaseen,17560-9775917-5,Not-Found,Single,A+,1/1/1990,1,1,1,job,Pakistani,"Lahore,Pakistan",03104040900,03104040900,,,,No,,,Not-Found,General Fitness,1,,,,
901,AGL-000901,27-May-25,Individual,1,Not Paid,27/08/2026,rehman,rehmanagl-000901@gmail.com,Muhammad rehman,96154-7862154-3,Not-Found,Single,A+,1/1/1990,1,1,1,job,Pakistani,"Lahore,Pakistan",03214798925,03214798925,,,,No,,,Not-Found,General Fitness,1,,,,
902,AGL-000902,30-Jul-25,Individual,1,Not Paid,30/08/2026,awaise,awaiseagl-000902@gmail.com,Muhammad awaise,04418-1380955-1,Not-Found,Single,A+,1/1/1990,1,1,1,job,Pakistani,"Lahore,Pakistan",03700800717,03700800717,,,,No,,,Not-Found,General Fitness,1,,,,
903,AGL-000903,28-May-25,Individual,1,Not Paid,28/08/2026,Abdul-rehman,abdul-rehmanagl-000903@gmail.com,Muhammad Abdul-rehman,67966-1832552-1,Not-Found,Single,A+,1/1/1990,1,1,1,job,Pakistani,"Lahore,Pakistan",03217928092,03217928092,,,,No,,,Not-Found,General Fitness,1,,,,
904,AGL-000904,28-May-25,Individual,1,Not Paid,28/08/2026,Sabeeh,sabeehagl-000904@gmail.com,Muhammad Sabeeh,17074-7363735-6,Not-Found,Single,A+,1/1/1990,1,1,1,job,Pakistani,"Lahore,Pakistan",03032072785,03032072785,,,,No,,,Not-Found,General Fitness,1,,,,
905,AGL-000905,15-Jul-25,Individual,1,Not Paid,15/08/2026,Murtaza,murtazaagl-000905@gmail.com,Muhammad Murtaza,23471-9425571-7,Not-Found,Single,A+,1/1/1990,1,1,1,job,Pakistani,"Lahore,Pakistan",03158440303,03158440303,,,,No,,,Not-Found,General Fitness,1,,,,
906,AGL-000906,15-Jul-25,Individual,1,Not Paid,15/08/2026,Mujtaba,mujtabaagl-000906@gmail.com,Muhammad Mujtaba,17613-0232647-4,Not-Found,Single,A+,1/1/1990,1,1,1,job,Pakistani,"Lahore,Pakistan",03098244933,03098244933,,,,No,,,Not-Found,General Fitness,1,,,,
907,AGL-000907,12-Jun-25,Individual,1,Not Paid,12/8/2026,Ammar,ammaragl-000907@gmail.com,Muhammad Ammar,48772-3655034-0,Not-Found,Single,A+,1/1/1990,1,1,1,job,Pakistani,"Lahore,Pakistan",03298013938,03298013938,,,,No,,,Not-Found,General Fitness,1,,,,
908,AGL-000908,16-Jun-26,Individual,1,Not Paid,16/08/2026,Adeel,adeelagl-000908@gmail.com,Muhammad Adeel,71014-6018473-5,Not-Found,Single,A+,1/1/1990,1,1,1,job,Pakistani,"Lahore,Pakistan",03201237227,03201237227,,,,No,,,Not-Found,General Fitness,1,,,,
909,AGL-000909,12-Jun-25,Individual,1,Not Paid,12/8/2026,huzaifa,huzaifaagl-000909@gmail.com,Muhammad huzaifa,97897-6008370-2,Not-Found,Single,A+,1/1/1990,1,1,1,job,Pakistani,"Lahore,Pakistan",03234455326,03234455326,,,,No,,,Not-Found,General Fitness,1,,,,
910,AGL-000910,11-Jun-26,Individual,1,Not Paid,11/8/2026,daniyal,daniyalagl-000910@gmail.com,Muhammad daniyal,26430-8235832-9,Not-Found,Single,A+,1/1/1990,1,1,1,job,Pakistani,"Lahore,Pakistan",03284743863,03284743863,,,,No,,,Not-Found,General Fitness,1,,,,
911,AGL-000911,26-Feb-26,Individual,1,Not Paid,26/08/2026,mozan,mozanagl-000911@gmail.com,Muhammad mozan,62234-4634431-6,Not-Found,Single,A+,1/1/1990,1,1,1,job,Pakistani,"Lahore,Pakistan",03415006312,03415006312,,,,No,,,Not-Found,General Fitness,1,,,,
912,AGL-000912,13-Jun-25,Individual,1,Not Paid,13/08/2026,abdullah butt,abdullahbuttagl-000912@gmail.com,Muhammad abdullah butt,74065-8792468-8,Not-Found,Single,A+,1/1/1990,1,1,1,job,Pakistani,"Lahore,Pakistan",03415000912,03415000912,,,,No,,,Not-Found,General Fitness,1,,,,
913,AGL-000913,6-Nov-25,Individual,1,Not Paid,6/8/2026,babar,babaragl-000913@gmail.com,Muhammad babar,61245-6170536-6,Not-Found,Single,A+,1/1/1990,1,1,1,job,Pakistani,"Lahore,Pakistan",03054609447,03054609447,,,,No,,,Not-Found,General Fitness,1,,,,
914,AGL-000914,13-Jun-25,Individual,1,Not Paid,13/08/2026,shehryar gull,shehryargullagl-000914@gmail.com,Muhammad shehryar gull,34906-2684623-2,Not-Found,Single,A+,1/1/1990,1,1,1,job,Pakistani,"Lahore,Pakistan",03054600914,03054600914,,,,No,,,Not-Found,General Fitness,1,,,,
915,AGL-000915,13-Jun-25,Individual,1,Not Paid,13/08/2026,faizan shah,faizanshahagl-000915@gmail.com,Muhammad faizan shah,30926-8969598-3,Not-Found,Single,A+,1/1/1990,1,1,1,job,Pakistani,"Lahore,Pakistan",03054600915,03054600915,,,,No,,,Not-Found,General Fitness,1,,,,
916,AGL-000916,19-Jun-26,Individual,1,Not Paid,19/08/2026,hadi,hadiagl-000916@gmail.com,Muhammad hadi,43635-4271282-8,Not-Found,Single,A+,1/1/1990,1,1,1,job,Pakistani,"Lahore,Pakistan",03254891663,03254891663,,,,No,,,Not-Found,General Fitness,1,,,,
917,AGL-000917,25-Jul-25,Individual,1,Not Paid,25/08/2026,Husnain Arif,husnainarifagl-000917@gmail.com,Muhammad Husnain Arif,79353-0755701-8,Not-Found,Single,A+,1/1/1990,1,1,1,job,Pakistani,"Lahore,Pakistan",03326518893,03326518893,,,,No,,,Not-Found,General Fitness,1,,,,
918,AGL-000918,17-Jun-25,Individual,1,Not Paid,17/08/2026,Saddam,saddamagl-000918@gmail.com,Muhammad Saddam,13676-1564310-8,Not-Found,Single,A+,1/1/1990,1,1,1,job,Pakistani,"Lahore,Pakistan",03110948824,03110948824,,,,No,,,Not-Found,General Fitness,1,,,,
919,AGL-000919,11-Feb-26,Individual,1,Not Paid,11/8/2026,Allah Ditta,allahdittaagl-000919@gmail.com,Muhammad Allah Ditta,44962-4523155-8,Not-Found,Single,A+,1/1/1990,1,1,1,job,Pakistani,"Lahore,Pakistan",03317680662,03317680662,,,,No,,,Not-Found,General Fitness,1,,,,
920,AGL-000920,6-Jul-26,Individual,1,Not Paid,6/8/2026,faiz Asif,faizasifagl-000920@gmail.com,Muhammad faiz Asif,87872-8325700-4,Not-Found,Single,A+,1/1/1990,1,1,1,job,Pakistani,"Lahore,Pakistan",03211590454,03211590454,,,,No,,,Not-Found,General Fitness,1,,,,
921,AGL-000921,17-Jun-25,Individual,1,Not Paid,17/08/2026,Shehroz,shehrozagl-000921@gmail.com,Muhammad Shehroz,11407-3779778-2,Not-Found,Single,A+,1/1/1990,1,1,1,job,Pakistani,"Lahore,Pakistan",03230148401,03230148401,,,,No,,,Not-Found,General Fitness,1,,,,
922,AGL-000922,2-Sep-25,Individual,1,Not Paid,2/8/2026,M Afaq,mafaqagl-000922@gmail.com,Muhammad M Afaq,05603-6875543-9,Not-Found,Single,A+,1/1/1990,1,1,1,job,Pakistani,"Lahore,Pakistan",03055929841,03055929841,,,,No,,,Not-Found,General Fitness,1,,,,
923,AGL-000923,4-Sep-25,Individual,1,Not Paid,4/8/2026,Ahmad,ahmadagl-000923@gmail.com,Muhammad Ahmad,77838-8686919-8,Not-Found,Single,A+,1/1/1990,1,1,1,job,Pakistani,"Lahore,Pakistan",03104181656,03104181656,,,,No,,,Not-Found,General Fitness,1,,,,
924,AGL-000924,18-Jun-25,Individual,1,Not Paid,18/08/2026,Abdullah,abdullahagl-000924@gmail.com,Muhammad Abdullah,22017-3017627-4,Not-Found,Single,A+,1/1/1990,1,1,1,job,Pakistani,"Lahore,Pakistan",03095993637,03095993637,,,,No,,,Not-Found,General Fitness,1,,,,
925,AGL-000925,18-Jun-25,Individual,1,Not Paid,18/08/2026,Sher Khan,sherkhanagl-000925@gmail.com,Muhammad Sher Khan,24148-5398533-9,Not-Found,Single,A+,1/1/1990,1,1,1,job,Pakistani,"Lahore,Pakistan",03284042371,03284042371,,,,No,,,Not-Found,General Fitness,1,,,,
926,AGL-000926,19-Jun-25,Individual,1,Not Paid,19/08/2026,Syed Hassan,syedhassanagl-000926@gmail.com,Muhammad Syed Hassan,59622-5978125-6,Not-Found,Single,A+,1/1/1990,1,1,1,job,Pakistani,"Lahore,Pakistan",03040067875,03040067875,,,,No,,,Not-Found,General Fitness,1,,,,
927,AGL-000927,19-Jun-25,Individual,1,Not Paid,19/08/2026,Muhammad Saim,muhammadsaimagl-000927@gmail.com,Muhammad Muhammad Saim,12850-2259906-4,Not-Found,Single,A+,1/1/1990,1,1,1,job,Pakistani,"Lahore,Pakistan",03422493498,03422493498,,,,No,,,Not-Found,General Fitness,1,,,,
928,AGL-000928,20-Jun-25,Individual,1,Not Paid,20/08/2026,Mohsin,mohsinagl-000928@gmail.com,Muhammad Mohsin,87767-9530276-6,Not-Found,Single,A+,1/1/1990,1,1,1,job,Pakistani,"Lahore,Pakistan",03139179896,03139179896,,,,No,,,Not-Found,General Fitness,1,,,,
929,AGL-000929,28-Aug-25,Individual,1,Not Paid,28/08/2026,ali hussnan,alihussnanagl-000929@gmail.com,Muhammad ali hussnan,21740-0284274-8,Not-Found,Single,A+,1/1/1990,1,1,1,job,Pakistani,"Lahore,Pakistan",03174927499,03174927499,,,,No,,,Not-Found,General Fitness,1,,,,
930,AGL-000930,20-Jun-25,Individual,1,Not Paid,20/08/2026,syaed wajii,syaedwajiiagl-000930@gmail.com,Muhammad syaed wajii,13616-6115542-4,Not-Found,Single,A+,1/1/1990,1,1,1,job,Pakistani,"Lahore,Pakistan",03394210007,03394210007,,,,No,,,Not-Found,General Fitness,1,,,,
931,AGL-000931,24-Jun-25,Individual,1,Not Paid,24/08/2026,Adeel,adeelagl-000931@gmail.com,Muhammad Adeel,62340-6628668-4,Not-Found,Single,A+,1/1/1990,1,1,1,job,Pakistani,"Lahore,Pakistan",03251094600,03251094600,,,,No,,,Not-Found,General Fitness,1,,,,
932,AGL-000932,24-Jun-25,Individual,1,Not Paid,24/08/2026,Waseem,waseemagl-000932@gmail.com,Muhammad Waseem,82018-3230634-8,Not-Found,Single,A+,1/1/1990,1,1,1,job,Pakistani,"Lahore,Pakistan",03701950453,03701950453,,,,No,,,Not-Found,General Fitness,1,,,,
933,AGL-000933,2-Sep-25,Individual,1,Not Paid,2/8/2026,Mubeen,mubeenagl-000933@gmail.com,Muhammad Mubeen,72975-7141331-5,Not-Found,Single,A+,1/1/1990,1,1,1,job,Pakistani,"Lahore,Pakistan",03271334358,03271334358,,,,No,,,Not-Found,General Fitness,1,,,,
934,AGL-000934,27-Jun-25,Individual,1,Not Paid,27/08/2026,Ali butt,alibuttagl-000934@gmail.com,Muhammad Ali butt,94069-3352789-6,Not-Found,Single,A+,1/1/1990,1,1,1,job,Pakistani,"Lahore,Pakistan",03366336411,03366336411,,,,No,,,Not-Found,General Fitness,1,,,,
935,AGL-000935,8-Aug-25,Individual,1,Not Paid,8/8/2026,Fassih,fassihagl-000935@gmail.com,Muhammad Fassih,82434-4231449-1,Not-Found,Single,A+,1/1/1990,1,1,1,job,Pakistani,"Lahore,Pakistan",03200433424,03200433424,,,,No,,,Not-Found,General Fitness,1,,,,
936,AGL-000936,27-Jun-25,Individual,1,Not Paid,27/08/2026,Abdul Razaq,abdulrazaqagl-000936@gmail.com,Muhammad Abdul Razaq,10216-3514493-6,Not-Found,Single,A+,1/1/1990,1,1,1,job,Pakistani,"Lahore,Pakistan",03094291544,03094291544,,,,No,,,Not-Found,General Fitness,1,,,,
937,AGL-000937,10-Feb-26,Individual,1,Not Paid,10/8/2026,Adil Umar,adilumaragl-000937@gmail.com,Muhammad Adil Umar,29629-8403618-4,Not-Found,Single,A+,1/1/1990,1,1,1,job,Pakistani,"Lahore,Pakistan",03034450858,03034450858,,,,No,,,Not-Found,General Fitness,1,,,,
938,AGL-000938,28-Jun-25,Individual,1,Not Paid,28/08/2026,Adil,adilagl-000938@gmail.com,Muhammad Adil,45179-7418626-0,Not-Found,Single,A+,1/1/1990,1,1,1,job,Pakistani,"Lahore,Pakistan",03259607977,03259607977,,,,No,,,Not-Found,General Fitness,1,,,,
939,AGL-000939,28-Jun-25,Individual,1,Not Paid,28/08/2026,Abdul rehman,abdulrehmanagl-000939@gmail.com,Muhammad Abdul rehman,46611-3840051-6,Not-Found,Single,A+,1/1/1990,1,1,1,job,Pakistani,"Lahore,Pakistan",03087870202,03087870202,,,,No,,,Not-Found,General Fitness,1,,,,
940,AGL-000940,3-Sep-25,Individual,1,Not Paid,3/8/2026,Salman Ahmad,salmanahmadagl-000940@gmail.com,Muhammad Salman Ahmad,90087-9968997-0,Not-Found,Single,A+,1/1/1990,1,1,1,job,Pakistani,"Lahore,Pakistan",03060221279,03060221279,,,,No,,,Not-Found,General Fitness,1,,,,
941,AGL-000941,11-Sep-25,Individual,1,Not Paid,11/8/2026,tayyab Ali,tayyabaliagl-000941@gmail.com,Muhammad tayyab Ali,50150-1711300-3,Not-Found,Single,A+,1/1/1990,1,1,1,job,Pakistani,"Lahore,Pakistan",03074709434,03074709434,,,,No,,,Not-Found,General Fitness,1,,,,
942,AGL-000942,6-Nov-25,Individual,1,Not Paid,6/8/2026,uzair,uzairagl-000942@gmail.com,Muhammad uzair,51782-3022493-0,Not-Found,Single,A+,1/1/1990,1,1,1,job,Pakistani,"Lahore,Pakistan",03000000942,03000000942,,,,No,,,Not-Found,General Fitness,1,,,,
943,AGL-000943,1-Jul-25,Individual,1,Not Paid,1/8/2026,Asad,asadagl-000943@gmail.com,Muhammad Asad,85790-6265382-6,Not-Found,Single,A+,1/1/1990,1,1,1,job,Pakistani,"Lahore,Pakistan",03492230284,03492230284,,,,No,,,Not-Found,General Fitness,1,,,,
944,AGL-000944,1-Jul-25,Individual,1,Not Paid,1/8/2026,Saqlain,saqlainagl-000944@gmail.com,Muhammad Saqlain,83157-1782068-1,Not-Found,Single,A+,1/1/1990,1,1,1,job,Pakistani,"Lahore,Pakistan",03079422770,03079422770,,,,No,,,Not-Found,General Fitness,1,,,,
945,AGL-000945,22-Jun-26,Individual,1,Not Paid,22/08/2026,Ali Hassan,alihassanagl-000945@gmail.com,Muhammad Ali Hassan,47026-3330376-7,Not-Found,Single,A+,1/1/1990,1,1,1,job,Pakistani,"Lahore,Pakistan",03104712637,03104712637,,,,No,,,Not-Found,General Fitness,1,,,,
946,AGL-000946,3-Sep-25,Individual,1,Not Paid,3/8/2026,Arslan Munir,arslanmuniragl-000946@gmail.com,Muhammad Arslan Munir,47528-4795321-2,Not-Found,Single,A+,1/1/1990,1,1,1,job,Pakistani,"Lahore,Pakistan",03256511607,03256511607,,,,No,,,Not-Found,General Fitness,1,,,,
947,AGL-000947,22-Aug-25,Individual,1,Not Paid,22/08/2026,Ahmad,ahmadagl-000947@gmail.com,Muhammad Ahmad,10406-0127292-6,Not-Found,Single,A+,1/1/1990,1,1,1,job,Pakistani,"Lahore,Pakistan",03278458863,03278458863,,,,No,,,Not-Found,General Fitness,1,,,,
948,AGL-000948,18-Aug-25,Individual,1,Not Paid,18/08/2026,saad shaheen,saadshaheenagl-000948@gmail.com,Muhammad saad shaheen,14078-0989551-5,Not-Found,Single,A+,1/1/1990,1,1,1,job,Pakistani,"Lahore,Pakistan",03030457106,03030457106,,,,No,,,Not-Found,General Fitness,1,,,,
949,AGL-000949,3-Jul-25,Individual,1,Not Paid,3/8/2026,M Azhar,mazharagl-000949@gmail.com,Muhammad M Azhar,41726-6400606-3,Not-Found,Single,A+,1/1/1990,1,1,1,job,Pakistani,"Lahore,Pakistan",03087312347,03087312347,,,,No,,,Not-Found,General Fitness,1,,,,
950,AGL-000950,3-Jul-25,Individual,1,Not Paid,3/8/2026,Azhar ali,azharaliagl-000950@gmail.com,Muhammad Azhar ali,22578-8622840-3,Not-Found,Single,A+,1/1/1990,1,1,1,job,Pakistani,"Lahore,Pakistan",03426275804,03426275804,,,,No,,,Not-Found,General Fitness,1,,,,
951,AGL-000951,3-Jul-25,Individual,1,Not Paid,3/8/2026,Abdullah,abdullahagl-000951@gmail.com,Muhammad Abdullah,46513-5350485-7,Not-Found,Single,A+,1/1/1990,1,1,1,job,Pakistani,"Lahore,Pakistan",03284916909,03284916909,,,,No,,,Not-Found,General Fitness,1,,,,
952,AGL-000952,3-Jul-25,Individual,1,Not Paid,3/8/2026,talha,talhaagl-000952@gmail.com,Muhammad talha,43842-8351185-9,Not-Found,Single,A+,1/1/1990,1,1,1,job,Pakistani,"Lahore,Pakistan",03352176473,03352176473,,,,No,,,Not-Found,General Fitness,1,,,,
953,AGL-000953,7-Nov-25,Individual,1,Not Paid,7/8/2026,Ahmad,ahmadagl-000953@gmail.com,Muhammad Ahmad,22485-8130445-4,Not-Found,Single,A+,1/1/1990,1,1,1,job,Pakistani,"Lahore,Pakistan",03285916036,03285916036,,,,No,,,Not-Found,General Fitness,1,,,,
954,AGL-000954,20-Dec-25,Individual,1,Not Paid,20/08/2026,Ihsan Ullah,ihsanullahagl-000954@gmail.com,Muhammad Ihsan Ullah,22481-1766762-3,Not-Found,Single,A+,1/1/1990,1,1,1,job,Pakistani,"Lahore,Pakistan",03030507863,03030507863,,,,No,,,Not-Found,General Fitness,1,,,,
955,AGL-000955,22-Dec-25,Individual,1,Not Paid,22/08/2026,Imdad Jan,imdadjanagl-000955@gmail.com,Muhammad Imdad Jan,47394-2432870-1,Not-Found,Single,A+,1/1/1990,1,1,1,job,Pakistani,"Lahore,Pakistan",03065707017,03065707017,,,,No,,,Not-Found,General Fitness,1,,,,
956,AGL-000956,3-Sep-25,Individual,1,Not Paid,3/8/2026,Hammad Ahmad,hammadahmadagl-000956@gmail.com,Muhammad Hammad Ahmad,96813-8371787-9,Not-Found,Single,A+,1/1/1990,1,1,1,job,Pakistani,"Lahore,Pakistan",03084372504,03084372504,,,,No,,,Not-Found,General Fitness,1,,,,
957,AGL-000957,9-Jul-25,Individual,1,Not Paid,9/8/2026,jawad khan,jawadkhanagl-000957@gmail.com,Muhammad jawad khan,96002-7180770-0,Not-Found,Single,A+,1/1/1990,1,1,1,job,Pakistani,"Lahore,Pakistan",03415290097,03415290097,,,,No,,,Not-Found,General Fitness,1,,,,
958,AGL-000958,9-Jul-25,Individual,1,Not Paid,9/8/2026,Usman Khan,usmankhanagl-000958@gmail.com,Muhammad Usman Khan,47177-8769347-0,Not-Found,Single,A+,1/1/1990,1,1,1,job,Pakistani,"Lahore,Pakistan",03262525554,03262525554,,,,No,,,Not-Found,General Fitness,1,,,,
959,AGL-000959,9-Jul-25,Individual,1,Not Paid,9/8/2026,Arsal Arshad,arsalarshadagl-000959@gmail.com,Muhammad Arsal Arshad,74169-4670466-4,Not-Found,Single,A+,1/1/1990,1,1,1,job,Pakistani,"Lahore,Pakistan",03487229712,03487229712,,,,No,,,Not-Found,General Fitness,1,,,,
960,AGL-000960,9-Jul-25,Individual,1,Not Paid,9/8/2026,faizan,faizanagl-000960@gmail.com,Muhammad faizan,22350-0978388-6,Not-Found,Single,A+,1/1/1990,1,1,1,job,Pakistani,"Lahore,Pakistan",03228045634,03228045634,,,,No,,,Not-Found,General Fitness,1,,,,
961,AGL-000961,4-Oct-25,Individual,1,Not Paid,4/8/2026,Sameer,sameeragl-000961@gmail.com,Muhammad Sameer,58706-7935049-6,Not-Found,Single,A+,1/1/1990,1,1,1,job,Pakistani,"Lahore,Pakistan",03008858925,03008858925,,,,No,,,Not-Found,General Fitness,1,,,,
962,AGL-000962,10-Jul-25,Individual,1,Not Paid,10/8/2026,Muneeb,muneebagl-000962@gmail.com,Muhammad Muneeb,00445-1540360-5,Not-Found,Single,A+,1/1/1990,1,1,1,job,Pakistani,"Lahore,Pakistan",03360425107,03360425107,,,,No,,,Not-Found,General Fitness,1,,,,
963,AGL-000963,4-Oct-25,Individual,1,Not Paid,4/8/2026,Noman,nomanagl-000963@gmail.com,Muhammad Noman,10722-0777957-3,Not-Found,Single,A+,1/1/1990,1,1,1,job,Pakistani,"Lahore,Pakistan",03333481010,03333481010,,,,No,,,Not-Found,General Fitness,1,,,,
964,AGL-000964,14-Oct-25,Individual,1,Not Paid,14/08/2026,usama,usamaagl-000964@gmail.com,Muhammad usama,21209-2407928-1,Not-Found,Single,A+,1/1/1990,1,1,1,job,Pakistani,"Lahore,Pakistan",03343266000,03343266000,,,,No,,,Not-Found,General Fitness,1,,,,
965,AGL-000965,12-Jul-25,Individual,1,Not Paid,12/8/2026,Junaid,junaidagl-000965@gmail.com,Muhammad Junaid,84023-4929287-4,Not-Found,Single,A+,1/1/1990,1,1,1,job,Pakistani,"Lahore,Pakistan",03126315523,03126315523,,,,No,,,Not-Found,General Fitness,1,,,,
966,AGL-000966,4-Jul-26,Individual,1,Not Paid,4/8/2026,Umer,umeragl-000966@gmail.com,Muhammad Umer,83756-6896508-3,Not-Found,Single,A+,1/1/1990,1,1,1,job,Pakistani,"Lahore,Pakistan",03304151262,03304151262,,,,No,,,Not-Found,General Fitness,1,,,,
967,AGL-000967,16-Sep-25,Individual,1,Not Paid,16/08/2026,Hamza Ali,hamzaaliagl-000967@gmail.com,Muhammad Hamza Ali,56942-7379080-3,Not-Found,Single,A+,1/1/1990,1,1,1,job,Pakistani,"Lahore,Pakistan",03424222700,03424222700,,,,No,,,Not-Found,General Fitness,1,,,,
968,AGL-000968,25-Aug-25,Individual,1,Not Paid,25/08/2026,Salman,salmanagl-000968@gmail.com,Muhammad Salman,42462-7402400-5,Not-Found,Single,A+,1/1/1990,1,1,1,job,Pakistani,"Lahore,Pakistan",03224075515,03224075515,,,,No,,,Not-Found,General Fitness,1,,,,
969,AGL-000969,14-Jul-25,Individual,1,Not Paid,14/08/2026,salman,salmanagl-000969@gmail.com,Muhammad salman,88273-1055284-4,Not-Found,Single,A+,1/1/1990,1,1,1,job,Pakistani,"Lahore,Pakistan",03234896624,03234896624,,,,No,,,Not-Found,General Fitness,1,,,,
970,AGL-000970,17-Sep-25,Individual,1,Not Paid,17/08/2026,Sameer,sameeragl-000970@gmail.com,Muhammad Sameer,42702-8195074-8,Not-Found,Single,A+,1/1/1990,1,1,1,job,Pakistani,"Lahore,Pakistan",03107107426,03107107426,,,,No,,,Not-Found,General Fitness,1,,,,
971,AGL-000971,15-Jul-25,Individual,1,Not Paid,15/08/2026,M Uzair,muzairagl-000971@gmail.com,Muhammad M Uzair,80922-0927509-5,Not-Found,Single,A+,1/1/1990,1,1,1,job,Pakistani,"Lahore,Pakistan",03066028082,03066028082,,,,No,,,Not-Found,General Fitness,1,,,,
972,AGL-000972,17-Jul-25,Individual,1,Not Paid,17/08/2026,Sohail,sohailagl-000972@gmail.com,Muhammad Sohail,21822-9735884-1,Not-Found,Single,A+,1/1/1990,1,1,1,job,Pakistani,"Lahore,Pakistan",03284110852,03284110852,,,,No,,,Not-Found,General Fitness,1,,,,
973,AGL-000973,17-Jul-25,Individual,1,Not Paid,17/08/2026,Ali,aliagl-000973@gmail.com,Muhammad Ali,91868-3902628-4,Not-Found,Single,A+,1/1/1990,1,1,1,job,Pakistani,"Lahore,Pakistan",03003809534,03003809534,,,,No,,,Not-Found,General Fitness,1,,,,
974,AGL-000974,17-Jul-25,Individual,1,Not Paid,17/08/2026,M Niqash,mniqashagl-000974@gmail.com,Muhammad M Niqash,31740-3595483-6,Not-Found,Single,A+,1/1/1990,1,1,1,job,Pakistani,"Lahore,Pakistan",03044774349,03044774349,,,,No,,,Not-Found,General Fitness,1,,,,
975,AGL-000975,17-Jul-25,Individual,1,Not Paid,17/08/2026,Awais,awaisagl-000975@gmail.com,Muhammad Awais,65687-5185832-8,Not-Found,Single,A+,1/1/1990,1,1,1,job,Pakistani,"Lahore,Pakistan",03121455582,03121455582,,,,No,,,Not-Found,General Fitness,1,,,,
976,AGL-000976,18-Jul-25,Individual,1,Not Paid,18/08/2026,M Rashid,mrashidagl-000976@gmail.com,Muhammad M Rashid,29558-5730898-7,Not-Found,Single,A+,1/1/1990,1,1,1,job,Pakistani,"Lahore,Pakistan",03346980446,03346980446,,,,No,,,Not-Found,General Fitness,1,,,,
977,AGL-000977,4-Nov-25,Individual,1,Not Paid,4/8/2026,shawan,shawanagl-000977@gmail.com,Muhammad shawan,46697-0116706-6,Not-Found,Single,A+,1/1/1990,1,1,1,job,Pakistani,"Lahore,Pakistan",03224781835,03224781835,,,,No,,,Not-Found,General Fitness,1,,,,
978,AGL-000978,19-Jul-25,Individual,1,Not Paid,19/08/2026,ron,ronagl-000978@gmail.com,Muhammad ron,80280-2845180-9,Not-Found,Single,A+,1/1/1990,1,1,1,job,Pakistani,"Lahore,Pakistan",03271920169,03271920169,,,,No,,,Not-Found,General Fitness,1,,,,
979,AGL-000979,21-Jul-25,Individual,1,Not Paid,21/08/2026,Ron,ronagl-000979@gmail.com,Muhammad Ron,43160-4803452-0,Not-Found,Single,A+,1/1/1990,1,1,1,job,Pakistani,"Lahore,Pakistan",03271920169,03271920169,,,,No,,,Not-Found,General Fitness,1,,,,
980,AGL-000980,6-Nov-25,Individual,1,Not Paid,6/8/2026,Shawn,shawnagl-000980@gmail.com,Muhammad Shawn,40012-2145242-2,Not-Found,Single,A+,1/1/1990,1,1,1,job,Pakistani,"Lahore,Pakistan",03224781835,03224781835,,,,No,,,Not-Found,General Fitness,1,,,,
981,AGL-000981,22-Jul-25,Individual,1,Not Paid,22/08/2026,Anas Ahmad,anasahmadagl-000981@gmail.com,Muhammad Anas Ahmad,95136-4484493-8,Not-Found,Single,A+,1/1/1990,1,1,1,job,Pakistani,"Lahore,Pakistan",03230019397,03230019397,,,,No,,,Not-Found,General Fitness,1,,,,
982,AGL-000982,10-Feb-26,Individual,1,Not Paid,10/8/2026,qasim,qasimagl-000982@gmail.com,Muhammad qasim,60226-7375184-7,Not-Found,Single,A+,1/1/1990,1,1,1,job,Pakistani,"Lahore,Pakistan",03084638034,03084638034,,,,No,,,Not-Found,General Fitness,1,,,,
983,AGL-000983,10-Feb-26,Individual,1,Not Paid,10/8/2026,Ahmad,ahmadagl-000983@gmail.com,Muhammad Ahmad,25059-4647920-0,Not-Found,Single,A+,1/1/1990,1,1,1,job,Pakistani,"Lahore,Pakistan",03187568421,03187568421,,,,No,,,Not-Found,General Fitness,1,,,,
984,AGL-000984,23-Jul-25,Individual,1,Not Paid,23/08/2026,Sajjad,sajjadagl-000984@gmail.com,Muhammad Sajjad,63292-8751403-5,Not-Found,Single,A+,1/1/1990,1,1,1,job,Pakistani,"Lahore,Pakistan",03228824661,03228824661,,,,No,,,Not-Found,General Fitness,1,,,,
985,AGL-000985,23-Jul-25,Individual,1,Not Paid,23/08/2026,Waseem,waseemagl-000985@gmail.com,Muhammad Waseem,07045-9326304-0,Not-Found,Single,A+,1/1/1990,1,1,1,job,Pakistani,"Lahore,Pakistan",03124502580,03124502580,,,,No,,,Not-Found,General Fitness,1,,,,
986,AGL-000986,23-Aug-25,Individual,1,Not Paid,23/08/2026,Talha,talhaagl-000986@gmail.com,Muhammad Talha,51589-4487660-4,Not-Found,Single,A+,1/1/1990,1,1,1,job,Pakistani,"Lahore,Pakistan",03087390010,03087390010,,,,No,,,Not-Found,General Fitness,1,,,,
987,AGL-000987,24-Jul-25,Individual,1,Not Paid,24/08/2026,Furqan Ahmad,furqanahmadagl-000987@gmail.com,Muhammad Furqan Ahmad,37369-5200240-7,Not-Found,Single,A+,1/1/1990,1,1,1,job,Pakistani,"Lahore,Pakistan",03166116165,03166116165,,,,No,,,Not-Found,General Fitness,1,,,,
988,AGL-000988,12-Jun-26,Individual,1,Not Paid,12/8/2026,waqas afzal,waqasafzalagl-000988@gmail.com,Muhammad waqas afzal,73790-7929685-0,Not-Found,Single,A+,1/1/1990,1,1,1,job,Pakistani,"Lahore,Pakistan",03212511111,03212511111,,,,No,,,Not-Found,General Fitness,1,,,,
989,AGL-000989,25-Jul-25,Individual,1,Not Paid,25/08/2026,hesham,heshamagl-000989@gmail.com,Muhammad hesham,74503-5902426-6,Not-Found,Single,A+,1/1/1990,1,1,1,job,Pakistani,"Lahore,Pakistan",03004446321,03004446321,,,,No,,,Not-Found,General Fitness,1,,,,
990,AGL-000990,26-Jul-25,Individual,1,Not Paid,26/08/2026,Armash,armashagl-000990@gmail.com,Muhammad Armash,70864-0052561-7,Not-Found,Single,A+,1/1/1990,1,1,1,job,Pakistani,"Lahore,Pakistan",03054086466,03054086466,,,,No,,,Not-Found,General Fitness,1,,,,
991,AGL-000991,26-Jul-25,Individual,1,Not Paid,26/08/2026,Kabeer,kabeeragl-000991@gmail.com,Muhammad Kabeer,28180-7031355-1,Not-Found,Single,A+,1/1/1990,1,1,1,job,Pakistani,"Lahore,Pakistan",03494912797,03494912797,,,,No,,,Not-Found,General Fitness,1,,,,
992,AGL-000992,16-Jun-26,Individual,1,Not Paid,16/08/2026,farz alvi,farzalviagl-000992@gmail.com,Muhammad farz alvi,76935-9029780-0,Not-Found,Single,A+,1/1/1990,1,1,1,job,Pakistani,"Lahore,Pakistan",03201437199,03201437199,,,,No,,,Not-Found,General Fitness,1,,,,
993,AGL-000993,13-Jun-26,Individual,1,Not Paid,13/08/2026,hassnain,hassnainagl-000993@gmail.com,Muhammad hassnain,86816-8212366-5,Not-Found,Single,A+,1/1/1990,1,1,1,job,Pakistani,"Lahore,Pakistan",03080193887,03080193887,,,,No,,,Not-Found,General Fitness,1,,,,
994,AGL-000994,5-May-26,Individual,1,Not Paid,5/8/2026,Ali haider,alihaideragl-000994@gmail.com,Muhammad Ali haider,27829-8757129-3,Not-Found,Single,A+,1/1/1990,1,1,1,job,Pakistani,"Lahore,Pakistan",03229857763,03229857763,,,,No,,,Not-Found,General Fitness,1,,,,
995,AGL-000995,31-Jul-25,Individual,1,Not Paid,31/08/2026,Abdul haseeb,abdulhaseebagl-000995@gmail.com,Muhammad Abdul haseeb,90539-9881174-5,Not-Found,Single,A+,1/1/1990,1,1,1,job,Pakistani,"Lahore,Pakistan",03284028224,03284028224,,,,No,,,Not-Found,General Fitness,1,,,,
996,AGL-000996,1-Aug-25,Individual,1,Not Paid,1/8/2026,Sheraz,sherazagl-000996@gmail.com,Muhammad Sheraz,96026-0117337-4,Not-Found,Single,A+,1/1/1990,1,1,1,job,Pakistani,"Lahore,Pakistan",03116406033,03116406033,,,,No,,,Not-Found,General Fitness,1,,,,
997,AGL-000997,1-Aug-25,Individual,1,Not Paid,1/8/2026,basil,basilagl-000997@gmail.com,Muhammad basil,07092-6410781-9,Not-Found,Single,A+,1/1/1990,1,1,1,job,Pakistani,"Lahore,Pakistan",03298829859,03298829859,,,,No,,,Not-Found,General Fitness,1,,,,
998,AGL-000998,2-Aug-25,Individual,1,Not Paid,2/8/2026,Ali,aliagl-000998@gmail.com,Muhammad Ali,70299-5432158-7,Not-Found,Single,A+,1/1/1990,1,1,1,job,Pakistani,"Lahore,Pakistan",03094858478,03094858478,,,,No,,,Not-Found,General Fitness,1,,,,
999,AGL-000999,2-Aug-25,Individual,1,Not Paid,2/8/2026,muhammad abdullah,muhammadabdullahagl-000999@gmail.com,Muhammad muhammad abdullah,32236-0893888-8,Not-Found,Single,A+,1/1/1990,1,1,1,job,Pakistani,"Lahore,Pakistan",03136700611,03136700611,,,,No,,,Not-Found,General Fitness,1,,,,
1000,AGL-001000,4-Jul-26,Individual,1,Not Paid,4/8/2026,M Ali,maliagl-001000@gmail.com,Muhammad M Ali,89134-6586050-3,Not-Found,Single,A+,1/1/1990,1,1,1,job,Pakistani,"Lahore,Pakistan",03107890700,03107890700,,,,No,,,Not-Found,General Fitness,1,,,,
1001,AGL-001001,4-Aug-25,Individual,1,Not Paid,4/8/2026,shayaan Khan,shayaankhanagl-001001@gmail.com,Muhammad shayaan Khan,33547-0446379-6,Not-Found,Single,A+,1/1/1990,1,1,1,job,Pakistani,"Lahore,Pakistan",03191954594,03191954594,,,,No,,,Not-Found,General Fitness,1,,,,
1002,AGL-001002,10-Dec-25,Individual,1,Not Paid,10/8/2026,Mateen,mateenagl-001002@gmail.com,Muhammad Mateen,43875-2682174-5,Not-Found,Single,A+,1/1/1990,1,1,1,job,Pakistani,"Lahore,Pakistan",03124945574,03124945574,,,,No,,,Not-Found,General Fitness,1,,,,
1003,AGL-001003,10-Dec-25,Individual,1,Not Paid,10/8/2026,Khizer Bhatti,khizerbhattiagl-001003@gmail.com,Muhammad Khizer Bhatti,09003-7800833-7,Not-Found,Single,A+,1/1/1990,1,1,1,job,Pakistani,"Lahore,Pakistan",03154472092,03154472092,,,,No,,,Not-Found,General Fitness,1,,,,
1004,AGL-001004,4-Dec-25,Individual,1,Not Paid,4/8/2026,M Ali,maliagl-001004@gmail.com,Muhammad M Ali,83023-5245705-6,Not-Found,Single,A+,1/1/1990,1,1,1,job,Pakistani,"Lahore,Pakistan",03400217920,03400217920,,,,No,,,Not-Found,General Fitness,1,,,,
1005,AGL-001005,8-Dec-25,Individual,1,Not Paid,8/8/2026,Abdullah fayaz,abdullahfayazagl-001005@gmail.com,Muhammad Abdullah fayaz,12236-8643871-5,Not-Found,Single,A+,1/1/1990,1,1,1,job,Pakistani,"Lahore,Pakistan",03334415187,03334415187,,,,No,,,Not-Found,General Fitness,1,,,,
1006,AGL-001006,2-Sep-25,Individual,1,Not Paid,2/8/2026,Moaz Shah,moazshahagl-001006@gmail.com,Muhammad Moaz Shah,84360-9404894-3,Not-Found,Single,A+,1/1/1990,1,1,1,job,Pakistani,"Lahore,Pakistan",03226897350,03226897350,,,,No,,,Not-Found,General Fitness,1,,,,
1007,AGL-001007,14-Apr-26,Individual,1,Not Paid,14/08/2026,Abubakr,abubakragl-001007@gmail.com,Muhammad Abubakr,33138-2016127-1,Not-Found,Single,A+,1/1/1990,1,1,1,job,Pakistani,"Lahore,Pakistan",03064217013,03064217013,,,,No,,,Not-Found,General Fitness,1,,,,
1008,AGL-001008,5-Aug-25,Individual,1,Not Paid,5/8/2026,Tahir,tahiragl-001008@gmail.com,Muhammad Tahir,62573-4285643-8,Not-Found,Single,A+,1/1/1990,1,1,1,job,Pakistani,"Lahore,Pakistan",03344406814,03344406814,,,,No,,,Not-Found,General Fitness,1,,,,
1009,AGL-001009,5-Aug-25,Individual,1,Not Paid,5/8/2026,sunny,sunnyagl-001009@gmail.com,Muhammad sunny,01655-5977565-6,Not-Found,Single,A+,1/1/1990,1,1,1,job,Pakistani,"Lahore,Pakistan",03222238844,03222238844,,,,No,,,Not-Found,General Fitness,1,,,,
1010,AGL-001031,11-Aug-25,Individual,1,Not Paid,11/8/2026,sana ullah,sanaullahagl-001031@gmail.com,Muhammad sana ullah,55929-1101857-6,Not-Found,Single,A+,1/1/1990,1,1,1,job,Pakistani,"Lahore,Pakistan",03035875807,03035875807,,,,No,,,Not-Found,General Fitness,1,,,,
1011,AGL-001032,12-Aug-25,Individual,1,Not Paid,12/8/2026,Hasaan Ali,hasaanaliagl-001032@gmail.com,Muhammad Hasaan Ali,99636-7523836-5,Not-Found,Single,A+,1/1/1990,1,1,1,job,Pakistani,"Lahore,Pakistan",03024063913,03024063913,,,,No,,,Not-Found,General Fitness,1,,,,
1012,AGL-001033,12-Aug-25,Individual,1,Not Paid,12/8/2026,Abdullah,abdullahagl-001033@gmail.com,Muhammad Abdullah,75220-1910269-5,Not-Found,Single,A+,1/1/1990,1,1,1,job,Pakistani,"Lahore,Pakistan",03138906047,03138906047,,,,No,,,Not-Found,General Fitness,1,,,,
1013,AGL-001034,12-Aug-25,Individual,1,Not Paid,12/8/2026,Yousaf,yousafagl-001034@gmail.com,Muhammad Yousaf,79294-6609683-4,Not-Found,Single,A+,1/1/1990,1,1,1,job,Pakistani,"Lahore,Pakistan",03154781031,03154781031,,,,No,,,Not-Found,General Fitness,1,,,,
1014,AGL-001035,13-Aug-25,Individual,1,Not Paid,13/08/2026,Tayyab,tayyabagl-001035@gmail.com,Muhammad Tayyab,72728-5492675-7,Not-Found,Single,A+,1/1/1990,1,1,1,job,Pakistani,"Lahore,Pakistan",03217035670,03217035670,,,,No,,,Not-Found,General Fitness,1,,,,
1015,AGL-001036,13-Aug-25,Individual,1,Not Paid,13/08/2026,Afzal,afzalagl-001036@gmail.com,Muhammad Afzal,86036-1135654-1,Not-Found,Single,A+,1/1/1990,1,1,1,job,Pakistani,"Lahore,Pakistan",03174338607,03174338607,,,,No,,,Not-Found,General Fitness,1,,,,
1016,AGL-001037,13-Aug-25,Individual,1,Not Paid,13/08/2026,Talha,talhaagl-001037@gmail.com,Muhammad Talha,04679-2905518-5,Not-Found,Single,A+,1/1/1990,1,1,1,job,Pakistani,"Lahore,Pakistan",03104129202,03104129202,,,,No,,,Not-Found,General Fitness,1,,,,
1017,AGL-001038,13-Aug-25,Individual,1,Not Paid,13/08/2026,Abuzar,abuzaragl-001038@gmail.com,Muhammad Abuzar,35799-6144422-4,Not-Found,Single,A+,1/1/1990,1,1,1,job,Pakistani,"Lahore,Pakistan",03175300163,03175300163,,,,No,,,Not-Found,General Fitness,1,,,,
1018,AGL-001039,13-Aug-25,Individual,1,Not Paid,13/08/2026,Daim,daimagl-001039@gmail.com,Muhammad Daim,38876-2855947-9,Not-Found,Single,A+,1/1/1990,1,1,1,job,Pakistani,"Lahore,Pakistan",03278530495,03278530495,,,,No,,,Not-Found,General Fitness,1,,,,
1019,AGL-001040,13-Feb-26,Individual,1,Not Paid,13/08/2026,Junaid,junaidagl-001040@gmail.com,Muhammad Junaid,51805-9546874-8,Not-Found,Single,A+,1/1/1990,1,1,1,job,Pakistani,"Lahore,Pakistan",03442975112,03442975112,,,,No,,,Not-Found,General Fitness,1,,,,
1020,AGL-001041,15-Sep-25,Individual,1,Not Paid,15/08/2026,Hafiz Shehraz,hafizshehrazagl-001041@gmail.com,Muhammad Hafiz Shehraz,58984-4311763-5,Not-Found,Single,A+,1/1/1990,1,1,1,job,Pakistani,"Lahore,Pakistan",03114737038,03114737038,,,,No,,,Not-Found,General Fitness,1,,,,
1021,AGL-001042,15-Sep-25,Individual,1,Not Paid,15/08/2026,Kamran,kamranagl-001042@gmail.com,Muhammad Kamran,00720-2880159-0,Not-Found,Single,A+,1/1/1990,1,1,1,job,Pakistani,"Lahore,Pakistan",03200486877,03200486877,,,,No,,,Not-Found,General Fitness,1,,,,
1022,AGL-001043,18-Dec-25,Individual,1,Not Paid,18/08/2026,Mubashir,mubashiragl-001043@gmail.com,Muhammad Mubashir,88254-8110303-2,Not-Found,Single,A+,1/1/1990,1,1,1,job,Pakistani,"Lahore,Pakistan",03484979700,03484979700,,,,No,,,Not-Found,General Fitness,1,,,,
1023,AGL-001044,18-Aug-25,Individual,1,Not Paid,18/08/2026,Aqib,aqibagl-001044@gmail.com,Muhammad Aqib,01358-9942084-8,Not-Found,Single,A+,1/1/1990,1,1,1,job,Pakistani,"Lahore,Pakistan",03067728835,03067728835,,,,No,,,Not-Found,General Fitness,1,,,,
1024,AGL-001045,9-Sep-25,Individual,1,Not Paid,9/8/2026,Abdulrehman,abdulrehmanagl-001045@gmail.com,Muhammad Abdulrehman,46545-7464834-1,Not-Found,Single,A+,1/1/1990,1,1,1,job,Pakistani,"Lahore,Pakistan",03334548219,03334548219,,,,No,,,Not-Found,General Fitness,1,,,,
1025,AGL-001046,18-Aug-25,Individual,1,Not Paid,18/08/2026,Syed Zaif,syedzaifagl-001046@gmail.com,Muhammad Syed Zaif,55184-2426525-9,Not-Found,Single,A+,1/1/1990,1,1,1,job,Pakistani,"Lahore,Pakistan",03344346948,03344346948,,,,No,,,Not-Found,General Fitness,1,,,,
1026,AGL-001047,19-Aug-25,Individual,1,Not Paid,19/08/2026,Usman,usmanagl-001047@gmail.com,Muhammad Usman,88045-7299636-8,Not-Found,Single,A+,1/1/1990,1,1,1,job,Pakistani,"Lahore,Pakistan",03254601480,03254601480,,,,No,,,Not-Found,General Fitness,1,,,,
1027,AGL-001048,19-Aug-25,Individual,1,Not Paid,19/08/2026,Ali,aliagl-001048@gmail.com,Muhammad Ali,48295-1414719-6,Not-Found,Single,A+,1/1/1990,1,1,1,job,Pakistani,"Lahore,Pakistan",03244656121,03244656121,,,,No,,,Not-Found,General Fitness,1,,,,
1028,AGL-001049,19-Aug-25,Individual,1,Not Paid,19/08/2026,qasim,qasimagl-001049@gmail.com,Muhammad qasim,96380-0352406-9,Not-Found,Single,A+,1/1/1990,1,1,1,job,Pakistani,"Lahore,Pakistan",03228600833,03228600833,,,,No,,,Not-Found,General Fitness,1,,,,
1029,AGL-001050,19-Aug-25,Individual,1,Not Paid,19/08/2026,Hunain,hunainagl-001050@gmail.com,Muhammad Hunain,17379-1687169-6,Not-Found,Single,A+,1/1/1990,1,1,1,job,Pakistani,"Lahore,Pakistan",03148419164,03148419164,,,,No,,,Not-Found,General Fitness,1,,,,
1030,AGL-001051,19-Aug-25,Individual,1,Not Paid,19/08/2026,Zeshan,zeshanagl-001051@gmail.com,Muhammad Zeshan,49949-0706927-5,Not-Found,Single,A+,1/1/1990,1,1,1,job,Pakistani,"Lahore,Pakistan",03084805026,03084805026,,,,No,,,Not-Found,General Fitness,1,,,,
1031,AGL-001010,6-Aug-25,Individual,1,Not Paid,6/8/2026,sheraz,sherazagl-001010@gmail.com,Muhammad sheraz,27238-4345483-0,Not-Found,Single,A+,1/1/1990,1,1,1,job,Pakistani,"Lahore,Pakistan",03116406033,03116406033,,,,No,,,Not-Found,General Fitness,1,,,,
1032,AGL-001011,6-Aug-25,Individual,1,Not Paid,6/8/2026,ubaid ur rahman,ubaidurrahmanagl-001011@gmail.com,Muhammad ubaid ur rahman,81727-4595924-9,Not-Found,Single,A+,1/1/1990,1,1,1,job,Pakistani,"Lahore,Pakistan",03454095585,03454095585,,,,No,,,Not-Found,General Fitness,1,,,,
1033,AGL-001012,11-Sep-25,Individual,1,Not Paid,11/8/2026,saim,saimagl-001012@gmail.com,Muhammad saim,07788-5608102-5,Not-Found,Single,A+,1/1/1990,1,1,1,job,Pakistani,"Lahore,Pakistan",03244004578,03244004578,,,,No,,,Not-Found,General Fitness,1,,,,
1034,AGL-001013,8-Jun-26,Individual,1,Not Paid,8/8/2026,mooed,mooedagl-001013@gmail.com,Muhammad mooed,16108-2238498-0,Not-Found,Single,A+,1/1/1990,1,1,1,job,Pakistani,"Lahore,Pakistan",03174338788,03174338788,,,,No,,,Not-Found,General Fitness,1,,,,
1035,AGL-001014,7-Oct-25,Individual,1,Not Paid,7/8/2026,Usman junaid,usmanjunaidagl-001014@gmail.com,Muhammad Usman junaid,74319-8122588-9,Not-Found,Single,A+,1/1/1990,1,1,1,job,Pakistani,"Lahore,Pakistan",03009488621,03009488621,,,,No,,,Not-Found,General Fitness,1,,,,
1036,AGL-001015,14-Apr-26,Individual,1,Not Paid,14/08/2026,Abubakr,abubakragl-001015@gmail.com,Muhammad Abubakr,60278-8570422-0,Not-Found,Single,A+,1/1/1990,1,1,1,job,Pakistani,"Lahore,Pakistan",03249470225,03249470225,,,,No,,,Not-Found,General Fitness,1,,,,
1037,AGL-001016,7-Aug-25,Individual,1,Not Paid,7/8/2026,M Rehman,mrehmanagl-001016@gmail.com,Muhammad M Rehman,73818-9910867-8,Not-Found,Single,A+,1/1/1990,1,1,1,job,Pakistani,"Lahore,Pakistan",03044835338,03044835338,,,,No,,,Not-Found,General Fitness,1,,,,
1038,AGL-001017,7-Aug-25,Individual,1,Not Paid,7/8/2026,Reshail,reshailagl-001017@gmail.com,Muhammad Reshail,98218-9635739-9,Not-Found,Single,A+,1/1/1990,1,1,1,job,Pakistani,"Lahore,Pakistan",03134732074,03134732074,,,,No,,,Not-Found,General Fitness,1,,,,
1039,AGL-001018,7-Aug-25,Individual,1,Not Paid,7/8/2026,Sajid,sajidagl-001018@gmail.com,Muhammad Sajid,27815-5902203-0,Not-Found,Single,A+,1/1/1990,1,1,1,job,Pakistani,"Lahore,Pakistan",03224320492,03224320492,,,,No,,,Not-Found,General Fitness,1,,,,
1040,AGL-001019,16-Dec-25,Individual,1,Not Paid,16/08/2026,bilal,bilalagl-001019@gmail.com,Muhammad bilal,58156-1563746-4,Not-Found,Single,A+,1/1/1990,1,1,1,job,Pakistani,"Lahore,Pakistan",03104844028,03104844028,,,,No,,,Not-Found,General Fitness,1,,,,
1041,AGL-001020,8-Aug-25,Individual,1,Not Paid,8/8/2026,Ahmad Khan,ahmadkhanagl-001020@gmail.com,Muhammad Ahmad Khan,89158-2745241-3,Not-Found,Single,A+,1/1/1990,1,1,1,job,Pakistani,"Lahore,Pakistan",03355379972,03355379972,,,,No,,,Not-Found,General Fitness,1,,,,
1042,AGL-001021,9-Aug-25,Individual,1,Not Paid,9/8/2026,kashif,kashifagl-001021@gmail.com,Muhammad kashif,00401-7882372-9,Not-Found,Single,A+,1/1/1990,1,1,1,job,Pakistani,"Lahore,Pakistan",03279222250,03279222250,,,,No,,,Not-Found,General Fitness,1,,,,
1043,AGL-001022,9-Aug-25,Individual,1,Not Paid,9/8/2026,Umair,umairagl-001022@gmail.com,Muhammad Umair,02355-2451227-9,Not-Found,Single,A+,1/1/1990,1,1,1,job,Pakistani,"Lahore,Pakistan",03000001022,03000001022,,,,No,,,Not-Found,General Fitness,1,,,,
1044,AGL-001023,9-Aug-25,Individual,1,Not Paid,9/8/2026,Danish,danishagl-001023@gmail.com,Muhammad Danish,03604-2460044-2,Not-Found,Single,A+,1/1/1990,1,1,1,job,Pakistani,"Lahore,Pakistan",03024278553,03024278553,,,,No,,,Not-Found,General Fitness,1,,,,
1045,AGL-001024,9-Aug-25,Individual,1,Not Paid,9/8/2026,Affaq,affaqagl-001024@gmail.com,Muhammad Affaq,64126-4720620-6,Not-Found,Single,A+,1/1/1990,1,1,1,job,Pakistani,"Lahore,Pakistan",03054687883,03054687883,,,,No,,,Not-Found,General Fitness,1,,,,
1046,AGL-001025,11-Aug-25,Individual,1,Not Paid,11/8/2026,m furqan,mfurqanagl-001025@gmail.com,Muhammad m furqan,20613-0049267-9,Not-Found,Single,A+,1/1/1990,1,1,1,job,Pakistani,"Lahore,Pakistan",03134273708,03134273708,,,,No,,,Not-Found,General Fitness,1,,,,
1047,AGL-001026,11-Aug-25,Individual,1,Not Paid,11/8/2026,abdullah khan,abdullahkhanagl-001026@gmail.com,Muhammad abdullah khan,55872-7009148-9,Not-Found,Single,A+,1/1/1990,1,1,1,job,Pakistani,"Lahore,Pakistan",03205261635,03205261635,,,,No,,,Not-Found,General Fitness,1,,,,
1048,AGL-001027,11-Aug-25,Individual,1,Not Paid,11/8/2026,muneeb ijaz,muneebijazagl-001027@gmail.com,Muhammad muneeb ijaz,23409-7255705-4,Not-Found,Single,A+,1/1/1990,1,1,1,job,Pakistani,"Lahore,Pakistan",03081694965,03081694965,,,,No,,,Not-Found,General Fitness,1,,,,
1049,AGL-001028,11-Aug-25,Individual,1,Not Paid,11/8/2026,Ali Hamza,alihamzaagl-001028@gmail.com,Muhammad Ali Hamza,07885-3442480-2,Not-Found,Single,A+,1/1/1990,1,1,1,job,Pakistani,"Lahore,Pakistan",03224046738,03224046738,,,,No,,,Not-Found,General Fitness,1,,,,
1050,AGL-001029,11-Aug-25,Individual,1,Not Paid,11/8/2026,Usman riaz,usmanriazagl-001029@gmail.com,Muhammad Usman riaz,48279-0544076-4,Not-Found,Single,A+,1/1/1990,1,1,1,job,Pakistani,"Lahore,Pakistan",03104863093,03104863093,,,,No,,,Not-Found,General Fitness,1,,,,
1051,AGL-001030,11-Aug-25,Individual,1,Not Paid,11/8/2026,Talha,talhaagl-001030@gmail.com,Muhammad Talha,16016-5301673-8,Not-Found,Single,A+,1/1/1990,1,1,1,job,Pakistani,"Lahore,Pakistan",03334302422,03334302422,,,,No,,,Not-Found,General Fitness,1,,,,
1052,AGL-001052,19-Aug-25,Individual,1,Not Paid,19/08/2026,Ahsaan Ullah khann,ahsaanullahkhannagl-001052@gmail.com,Muhammad Ahsaan Ullah khann,29367-6363374-3,Not-Found,Single,A+,1/1/1990,1,1,1,job,Pakistani,"Lahore,Pakistan",03075976344,03075976344,,,,No,,,Not-Found,General Fitness,1,,,,
1053,AGL-001053,13-May-26,Individual,1,Not Paid,13/08/2026,Javed Khan,javedkhanagl-001053@gmail.com,Muhammad Javed Khan,86042-3729547-6,Not-Found,Single,A+,1/1/1990,1,1,1,job,Pakistani,"Lahore,Pakistan",03081338801,03081338801,,,,No,,,Not-Found,General Fitness,1,,,,
1054,AGL-001054,20-Aug-25,Individual,1,Not Paid,20/08/2026,Rana Bilal,ranabilalagl-001054@gmail.com,Muhammad Rana Bilal,96742-7195228-2,Not-Found,Single,A+,1/1/1990,1,1,1,job,Pakistani,"Lahore,Pakistan",03094716228,03094716228,,,,No,,,Not-Found,General Fitness,1,,,,
1055,AGL-001055,16-Jun-26,Individual,1,Not Paid,16/08/2026,Raja Waleed,rajawaleedagl-001055@gmail.com,Muhammad Raja Waleed,50872-6061876-4,Not-Found,Single,A+,1/1/1990,1,1,1,job,Pakistani,"Lahore,Pakistan",03354613396,03354613396,,,,No,,,Not-Found,General Fitness,1,,,,
1056,AGL-001056,20-Aug-25,Individual,1,Not Paid,20/08/2026,Abulrehman,abulrehmanagl-001056@gmail.com,Muhammad Abulrehman,51963-5878964-8,Not-Found,Single,A+,1/1/1990,1,1,1,job,Pakistani,"Lahore,Pakistan",03304548219,03304548219,,,,No,,,Not-Found,General Fitness,1,,,,
1057,AGL-001057,20-Aug-25,Individual,1,Not Paid,20/08/2026,Bazaid,bazaidagl-001057@gmail.com,Muhammad Bazaid,92713-8647683-9,Not-Found,Single,A+,1/1/1990,1,1,1,job,Pakistani,"Lahore,Pakistan",03334805639,03334805639,,,,No,,,Not-Found,General Fitness,1,,,,
1058,AGL-001058,23-Aug-25,Individual,1,Not Paid,23/08/2026,Suhail,suhailagl-001058@gmail.com,Muhammad Suhail,54571-0914314-7,Not-Found,Single,A+,1/1/1990,1,1,1,job,Pakistani,"Lahore,Pakistan",03314075982,03314075982,,,,No,,,Not-Found,General Fitness,1,,,,
1059,AGL-001059,25-Aug-25,Individual,1,Not Paid,25/08/2026,rahman,rahmanagl-001059@gmail.com,Muhammad rahman,28878-5361701-2,Not-Found,Single,A+,1/1/1990,1,1,1,job,Pakistani,"Lahore,Pakistan",03114559110,03114559110,,,,No,,,Not-Found,General Fitness,1,,,,
1060,AGL-001060,25-Aug-25,Individual,1,Not Paid,25/08/2026,alian ahmad,alianahmadagl-001060@gmail.com,Muhammad alian ahmad,60650-5614420-2,Not-Found,Single,A+,1/1/1990,1,1,1,job,Pakistani,"Lahore,Pakistan",03310427595,03310427595,,,,No,,,Not-Found,General Fitness,1,,,,
1061,AGL-001061,26-Aug-25,Individual,1,Not Paid,26/08/2026,m yaqoob,myaqoobagl-001061@gmail.com,Muhammad m yaqoob,24435-0502348-0,Not-Found,Single,A+,1/1/1990,1,1,1,job,Pakistani,"Lahore,Pakistan",03186169891,03186169891,,,,No,,,Not-Found,General Fitness,1,,,,
1062,AGL-001062,26-Aug-25,Individual,1,Not Paid,26/08/2026,abdullah,abdullahagl-001062@gmail.com,Muhammad abdullah,23976-6128302-3,Not-Found,Single,A+,1/1/1990,1,1,1,job,Pakistani,"Lahore,Pakistan",03351464499,03351464499,,,,No,,,Not-Found,General Fitness,1,,,,
1063,AGL-001063,26-Aug-25,Individual,1,Not Paid,26/08/2026,rehan,rehanagl-001063@gmail.com,Muhammad rehan,53092-3006635-3,Not-Found,Single,A+,1/1/1990,1,1,1,job,Pakistani,"Lahore,Pakistan",03433219046,03433219046,,,,No,,,Not-Found,General Fitness,1,,,,
1064,AGL-001064,26-Aug-25,Individual,1,Not Paid,26/08/2026,zain,zainagl-001064@gmail.com,Muhammad zain,31938-4283705-6,Not-Found,Single,A+,1/1/1990,1,1,1,job,Pakistani,"Lahore,Pakistan",03284132351,03284132351,,,,No,,,Not-Found,General Fitness,1,,,,
1065,AGL-001065,26-Aug-25,Individual,1,Not Paid,26/08/2026,abulrahman,abulrahmanagl-001065@gmail.com,Muhammad abulrahman,73531-2149450-3,Not-Found,Single,A+,1/1/1990,1,1,1,job,Pakistani,"Lahore,Pakistan",03032964690,03032964690,,,,No,,,Not-Found,General Fitness,1,,,,
1066,AGL-001066,3-Jun-26,Individual,1,Not Paid,3/8/2026,m adnan,madnanagl-001066@gmail.com,Muhammad m adnan,48841-4031361-7,Not-Found,Single,A+,1/1/1990,1,1,1,job,Pakistani,"Lahore,Pakistan",03074030574,03074030574,,,,No,,,Not-Found,General Fitness,1,,,,
1067,AGL-001067,10-Nov-25,Individual,1,Not Paid,10/8/2026,abullah butt,abullahbuttagl-001067@gmail.com,Muhammad abullah butt,18167-3937571-6,Not-Found,Single,A+,1/1/1990,1,1,1,job,Pakistani,"Lahore,Pakistan",03236129090,03236129090,,,,No,,,Not-Found,General Fitness,1,,,,
1068,AGL-001068,28-Aug-25,Individual,1,Not Paid,28/08/2026,salman,salmanagl-001068@gmail.com,Muhammad salman,15805-8925740-4,Not-Found,Single,A+,1/1/1990,1,1,1,job,Pakistani,"Lahore,Pakistan",03085762131,03085762131,,,,No,,,Not-Found,General Fitness,1,,,,
1069,AGL-001069,22-Nov-25,Individual,1,Not Paid,22/08/2026,rehan,rehanagl-001069@gmail.com,Muhammad rehan,05343-5075412-6,Not-Found,Single,A+,1/1/1990,1,1,1,job,Pakistani,"Lahore,Pakistan",03491055900,03491055900,,,,No,,,Not-Found,General Fitness,1,,,,
1070,AGL-001070,28-Aug-25,Individual,1,Not Paid,28/08/2026,sami,samiagl-001070@gmail.com,Muhammad sami,85042-6230660-9,Not-Found,Single,A+,1/1/1990,1,1,1,job,Pakistani,"Lahore,Pakistan",03224252650,03224252650,,,,No,,,Not-Found,General Fitness,1,,,,
1071,AGL-001071,30-Aug-25,Individual,1,Not Paid,30/08/2026,m ali,maliagl-001071@gmail.com,Muhammad m ali,58175-5380753-8,Not-Found,Single,A+,1/1/1990,1,1,1,job,Pakistani,"Lahore,Pakistan",03404512886,03404512886,,,,No,,,Not-Found,General Fitness,1,,,,
1072,AGL-001072,2-Sep-25,Individual,1,Not Paid,2/8/2026,meerab,meerabagl-001072@gmail.com,Muhammad meerab,73676-6134425-5,Not-Found,Single,A+,1/1/1990,1,1,1,job,Pakistani,"Lahore,Pakistan",03091111111,03091111111,,,,No,,,Not-Found,General Fitness,1,,,,
1073,AGL-001073,3-Sep-25,Individual,1,Not Paid,3/8/2026,fozal,fozalagl-001073@gmail.com,Muhammad fozal,12047-6492364-0,Not-Found,Single,A+,1/1/1990,1,1,1,job,Pakistani,"Lahore,Pakistan",03174437882,03174437882,,,,No,,,Not-Found,General Fitness,1,,,,
1074,AGL-001074,3-Sep-25,Individual,1,Not Paid,3/8/2026,maqsud,maqsudagl-001074@gmail.com,Muhammad maqsud,43931-6906246-4,Not-Found,Single,A+,1/1/1990,1,1,1,job,Pakistani,"Lahore,Pakistan",03497914520,03497914520,,,,No,,,Not-Found,General Fitness,1,,,,
1075,AGL-001075,3-Sep-25,Individual,1,Not Paid,3/8/2026,hamid,hamidagl-001075@gmail.com,Muhammad hamid,29130-3203578-6,Not-Found,Single,A+,1/1/1990,1,1,1,job,Pakistani,"Lahore,Pakistan",03054402643,03054402643,,,,No,,,Not-Found,General Fitness,1,,,,
1076,AGL-001076,4-Sep-25,Individual,1,Not Paid,4/8/2026,gulfam,gulfamagl-001076@gmail.com,Muhammad gulfam,38565-4827156-6,Not-Found,Single,A+,1/1/1990,1,1,1,job,Pakistani,"Lahore,Pakistan",03239614198,03239614198,,,,No,,,Not-Found,General Fitness,1,,,,
1077,AGL-001077,6-Sep-25,Individual,1,Not Paid,6/8/2026,wali,waliagl-001077@gmail.com,Muhammad wali,22701-1969278-7,Not-Found,Single,A+,1/1/1990,1,1,1,job,Pakistani,"Lahore,Pakistan",03180210318,03180210318,,,,No,,,Not-Found,General Fitness,1,,,,
1078,AGL-001078,18-Oct-25,Individual,1,Not Paid,18/08/2026,isnan ali,isnanaliagl-001078@gmail.com,Muhammad isnan ali,99625-9966997-8,Not-Found,Single,A+,1/1/1990,1,1,1,job,Pakistani,"Lahore,Pakistan",03234042522,03234042522,,,,No,,,Not-Found,General Fitness,1,,,,
1079,AGL-001079,10-Apr-26,Individual,1,Not Paid,10/8/2026,shahzaib,shahzaibagl-001079@gmail.com,Muhammad shahzaib,67472-9704241-8,Not-Found,Single,A+,1/1/1990,1,1,1,job,Pakistani,"Lahore,Pakistan",03217991378,03217991378,,,,No,,,Not-Found,General Fitness,1,,,,
1080,AGL-001080,9-Apr-26,Individual,1,Not Paid,9/8/2026,m shahraz,mshahrazagl-001080@gmail.com,Muhammad m shahraz,09937-7898659-9,Not-Found,Single,A+,1/1/1990,1,1,1,job,Pakistani,"Lahore,Pakistan",03116543140,03116543140,,,,No,,,Not-Found,General Fitness,1,,,,
1081,AGL-001081,11-Nov-25,Individual,1,Not Paid,11/8/2026,m fahad,mfahadagl-001081@gmail.com,Muhammad m fahad,11024-3415123-9,Not-Found,Single,A+,1/1/1990,1,1,1,job,Pakistani,"Lahore,Pakistan",03464949596,03464949596,,,,No,,,Not-Found,General Fitness,1,,,,
1082,AGL-001082,9-Sep-25,Individual,1,Not Paid,9/8/2026,afraz,afrazagl-001082@gmail.com,Muhammad afraz,80836-7730113-3,Not-Found,Single,A+,1/1/1990,1,1,1,job,Pakistani,"Lahore,Pakistan",03244176006,03244176006,,,,No,,,Not-Found,General Fitness,1,,,,
1083,AGL-001083,9-Sep-25,Individual,1,Not Paid,9/8/2026,fahad,fahadagl-001083@gmail.com,Muhammad fahad,76887-7912053-9,Not-Found,Single,A+,1/1/1990,1,1,1,job,Pakistani,"Lahore,Pakistan",03121415853,03121415853,,,,No,,,Not-Found,General Fitness,1,,,,
1084,AGL-001084,9-Sep-25,Individual,1,Not Paid,9/8/2026,bilal,bilalagl-001084@gmail.com,Muhammad bilal,52762-9320495-6,Not-Found,Single,A+,1/1/1990,1,1,1,job,Pakistani,"Lahore,Pakistan",03098384964,03098384964,,,,No,,,Not-Found,General Fitness,1,,,,
1085,AGL-001085,9-Sep-25,Individual,1,Not Paid,9/8/2026,moazam,moazamagl-001085@gmail.com,Muhammad moazam,05130-8063969-6,Not-Found,Single,A+,1/1/1990,1,1,1,job,Pakistani,"Lahore,Pakistan",03204139540,03204139540,,,,No,,,Not-Found,General Fitness,1,,,,
1086,AGL-001086,9-Sep-25,Individual,1,Not Paid,9/8/2026,hussnain,hussnainagl-001086@gmail.com,Muhammad hussnain,38027-3422286-3,Not-Found,Single,A+,1/1/1990,1,1,1,job,Pakistani,"Lahore,Pakistan",03244894128,03244894128,,,,No,,,Not-Found,General Fitness,1,,,,
1087,AGL-001087,9-Sep-25,Individual,1,Not Paid,9/8/2026,adan,adanagl-001087@gmail.com,Muhammad adan,36885-3767033-9,Not-Found,Single,A+,1/1/1990,1,1,1,job,Pakistani,"Lahore,Pakistan",03090034311,03090034311,,,,No,,,Not-Found,General Fitness,1,,,,
1088,AGL-001088,1-Jun-26,Individual,1,Not Paid,1/8/2026,waleed,waleedagl-001088@gmail.com,Muhammad waleed,78634-6387658-5,Not-Found,Single,A+,1/1/1990,1,1,1,job,Pakistani,"Lahore,Pakistan",03214267172,03214267172,,,,No,,,Not-Found,General Fitness,1,,,,
1089,AGL-001089,10-Sep-25,Individual,1,Not Paid,10/8/2026,nabeel,nabeelagl-001089@gmail.com,Muhammad nabeel,84016-2871602-4,Not-Found,Single,A+,1/1/1990,1,1,1,job,Pakistani,"Lahore,Pakistan",03024490139,03024490139,,,,No,,,Not-Found,General Fitness,1,,,,
1090,AGL-001090,10-Sep-25,Individual,1,Not Paid,10/8/2026,john,johnagl-001090@gmail.com,Muhammad john,33048-8298182-8,Not-Found,Single,A+,1/1/1990,1,1,1,job,Pakistani,"Lahore,Pakistan",03020480758,03020480758,,,,No,,,Not-Found,General Fitness,1,,,,
1091,AGL-001091,10-Nov-25,Individual,1,Not Paid,10/8/2026,azmat,azmatagl-001091@gmail.com,Muhammad azmat,26513-0435443-8,Not-Found,Single,A+,1/1/1990,1,1,1,job,Pakistani,"Lahore,Pakistan",03194215337,03194215337,,,,No,,,Not-Found,General Fitness,1,,,,
1092,AGL-001092,6-Nov-25,Individual,1,Not Paid,6/8/2026,ahmad,ahmadagl-001092@gmail.com,Muhammad ahmad,15739-3484270-4,Not-Found,Single,A+,1/1/1990,1,1,1,job,Pakistani,"Lahore,Pakistan",03117686818,03117686818,,,,No,,,Not-Found,General Fitness,1,,,,
1093,AGL-001093,28-Mar-26,Individual,1,Not Paid,28/08/2026,azan,azanagl-001093@gmail.com,Muhammad azan,85706-0539842-9,Not-Found,Single,A+,1/1/1990,1,1,1,job,Pakistani,"Lahore,Pakistan",03084589313,03084589313,,,,No,,,Not-Found,General Fitness,1,,,,
1094,AGL-001094,21-Oct-25,Individual,1,Not Paid,21/08/2026,ahmad,ahmadagl-001094@gmail.com,Muhammad ahmad,25164-9711017-0,Not-Found,Single,A+,1/1/1990,1,1,1,job,Pakistani,"Lahore,Pakistan",03268747870,03268747870,,,,No,,,Not-Found,General Fitness,1,,,,
1095,AGL-001095,11-Sep-25,Individual,1,Not Paid,11/8/2026,m ahmad,mahmadagl-001095@gmail.com,Muhammad m ahmad,40428-2525542-5,Not-Found,Single,A+,1/1/1990,1,1,1,job,Pakistani,"Lahore,Pakistan",03329999470,03329999470,,,,No,,,Not-Found,General Fitness,1,,,,
1096,AGL-001096,11-Sep-25,Individual,1,Not Paid,11/8/2026,ahsan,ahsanagl-001096@gmail.com,Muhammad ahsan,74167-2513826-9,Not-Found,Single,A+,1/1/1990,1,1,1,job,Pakistani,"Lahore,Pakistan",03008561718,03008561718,,,,No,,,Not-Found,General Fitness,1,,,,
1097,AGL-001097,11-Sep-25,Individual,1,Not Paid,11/8/2026,nabeel,nabeelagl-001097@gmail.com,Muhammad nabeel,64316-0870960-3,Not-Found,Single,A+,1/1/1990,1,1,1,job,Pakistani,"Lahore,Pakistan",03215037267,03215037267,,,,No,,,Not-Found,General Fitness,1,,,,
1098,AGL-001098,16-Dec-25,Individual,1,Not Paid,16/08/2026,gulzaib,gulzaibagl-001098@gmail.com,Muhammad gulzaib,42865-6070889-9,Not-Found,Single,A+,1/1/1990,1,1,1,job,Pakistani,"Lahore,Pakistan",03194704408,03194704408,,,,No,,,Not-Found,General Fitness,1,,,,
1099,AGL-001099,13-Sep-25,Individual,1,Not Paid,13/08/2026,bilal,bilalagl-001099@gmail.com,Muhammad bilal,70322-9979197-8,Not-Found,Single,A+,1/1/1990,1,1,1,job,Pakistani,"Lahore,Pakistan",03044891965,03044891965,,,,No,,,Not-Found,General Fitness,1,,,,
1100,AGL-001100,13-Nov-25,Individual,1,Not Paid,13/08/2026,asad,asadagl-001100@gmail.com,Muhammad asad,42130-1430568-2,Not-Found,Single,A+,1/1/1990,1,1,1,job,Pakistani,"Lahore,Pakistan",03044975060,03044975060,,,,No,,,Not-Found,General Fitness,1,,,,
1101,AGL-001101,8-Apr-26,Individual,1,Not Paid,8/8/2026,irfan,irfanagl-001101@gmail.com,Muhammad irfan,53853-9073762-4,Not-Found,Single,A+,1/1/1990,1,1,1,job,Pakistani,"Lahore,Pakistan",03228192605,03228192605,,,,No,,,Not-Found,General Fitness,1,,,,
1102,AGL-001102,15-Dec-25,Individual,1,Not Paid,15/08/2026,saad,saadagl-001102@gmail.com,Muhammad saad,17739-6387583-7,Not-Found,Single,A+,1/1/1990,1,1,1,job,Pakistani,"Lahore,Pakistan",03149357153,03149357153,,,,No,,,Not-Found,General Fitness,1,,,,
1103,AGL-001103,14-Oct-25,Individual,1,Not Paid,14/08/2026,luqman,luqmanagl-001103@gmail.com,Muhammad luqman,56566-4160181-1,Not-Found,Single,A+,1/1/1990,1,1,1,job,Pakistani,"Lahore,Pakistan",03000001103,03000001103,,,,No,,,Not-Found,General Fitness,1,,,,
1104,AGL-001104,16-Sep-25,Individual,1,Not Paid,16/08/2026,umair,umairagl-001104@gmail.com,Muhammad umair,40577-6102909-1,Not-Found,Single,A+,1/1/1990,1,1,1,job,Pakistani,"Lahore,Pakistan",03224152530,03224152530,,,,No,,,Not-Found,General Fitness,1,,,,
1105,AGL-001105,16-Sep-25,Individual,1,Not Paid,16/08/2026,umer,umeragl-001105@gmail.com,Muhammad umer,21257-5708343-6,Not-Found,Single,A+,1/1/1990,1,1,1,job,Pakistani,"Lahore,Pakistan",03284218636,03284218636,,,,No,,,Not-Found,General Fitness,1,,,,
1106,AGL-001106,2-Dec-25,Individual,1,Not Paid,2/8/2026,abdullaha waseem,abdullahawaseemagl-001106@gmail.com,Muhammad abdullaha waseem,94648-1684794-6,Not-Found,Single,A+,1/1/1990,1,1,1,job,Pakistani,"Lahore,Pakistan",03184259125,03184259125,,,,No,,,Not-Found,General Fitness,1,,,,
1107,AGL-001107,18-Oct-25,Individual,1,Not Paid,18/08/2026,abdul qayyum,abdulqayyumagl-001107@gmail.com,Muhammad abdul qayyum,78061-8136313-1,Not-Found,Single,A+,1/1/1990,1,1,1,job,Pakistani,"Lahore,Pakistan",03350273183,03350273183,,,,No,,,Not-Found,General Fitness,1,,,,
1108,AGL-001108,17-Sep-25,Individual,1,Not Paid,17/08/2026,shahzaib,shahzaibagl-001108@gmail.com,Muhammad shahzaib,44210-3085074-5,Not-Found,Single,A+,1/1/1990,1,1,1,job,Pakistani,"Lahore,Pakistan",03244210912,03244210912,,,,No,,,Not-Found,General Fitness,1,,,,
1109,AGL-001109,17-Sep-25,Individual,1,Not Paid,17/08/2026,yasir,yasiragl-001109@gmail.com,Muhammad yasir,44056-3180689-2,Not-Found,Single,A+,1/1/1990,1,1,1,job,Pakistani,"Lahore,Pakistan",03015194495,03015194495,,,,No,,,Not-Found,General Fitness,1,,,,
1110,AGL-001110,18-Sep-25,Individual,1,Not Paid,18/08/2026,salman,salmanagl-001110@gmail.com,Muhammad salman,40643-2440187-3,Not-Found,Single,A+,1/1/1990,1,1,1,job,Pakistani,"Lahore,Pakistan",03250999926,03250999926,,,,No,,,Not-Found,General Fitness,1,,,,
1111,AGL-001111,18-Sep-25,Individual,1,Not Paid,18/08/2026,jahanzaib,jahanzaibagl-001111@gmail.com,Muhammad jahanzaib,53164-4139526-3,Not-Found,Single,A+,1/1/1990,1,1,1,job,Pakistani,"Lahore,Pakistan",03021793526,03021793526,,,,No,,,Not-Found,General Fitness,1,,,,
1112,AGL-001112,18-Sep-25,Individual,1,Not Paid,18/08/2026,wasif,wasifagl-001112@gmail.com,Muhammad wasif,78836-2996717-0,Not-Found,Single,A+,1/1/1990,1,1,1,job,Pakistani,"Lahore,Pakistan",03008449559,03008449559,,,,No,,,Not-Found,General Fitness,1,,,,
1113,AGL-001113,19-Sep-25,Individual,1,Not Paid,19/08/2026,zeshan,zeshanagl-001113@gmail.com,Muhammad zeshan,46573-0033376-9,Not-Found,Single,A+,1/1/1990,1,1,1,job,Pakistani,"Lahore,Pakistan",03404023044,03404023044,,,,No,,,Not-Found,General Fitness,1,,,,
1114,AGL-001114,19-Sep-25,Individual,1,Not Paid,19/08/2026,abdul rafay,abdulrafayagl-001114@gmail.com,Muhammad abdul rafay,66538-0846066-1,Not-Found,Single,A+,1/1/1990,1,1,1,job,Pakistani,"Lahore,Pakistan",03114191782,03114191782,,,,No,,,Not-Found,General Fitness,1,,,,
1115,AGL-001115,19-Sep-25,Individual,1,Not Paid,19/08/2026,ammar,ammaragl-001115@gmail.com,Muhammad ammar,07952-0739634-4,Not-Found,Single,A+,1/1/1990,1,1,1,job,Pakistani,"Lahore,Pakistan",03071228933,03071228933,,,,No,,,Not-Found,General Fitness,1,,,,
1116,AGL-001116,19-Sep-25,Individual,1,Not Paid,19/08/2026,m usama,musamaagl-001116@gmail.com,Muhammad m usama,59867-5687041-0,Not-Found,Single,A+,1/1/1990,1,1,1,job,Pakistani,"Lahore,Pakistan",03001917418,03001917418,,,,No,,,Not-Found,General Fitness,1,,,,
1117,AGL-001117,19-Sep-25,Individual,1,Not Paid,19/08/2026,taha khuram,tahakhuramagl-001117@gmail.com,Muhammad taha khuram,87082-0778085-2,Not-Found,Single,A+,1/1/1990,1,1,1,job,Pakistani,"Lahore,Pakistan",03241489398,03241489398,,,,No,,,Not-Found,General Fitness,1,,,,
1118,AGL-001118,19-Sep-25,Individual,1,Not Paid,19/08/2026,raheam shaid,raheamshaidagl-001118@gmail.com,Muhammad raheam shaid,14850-3203934-8,Not-Found,Single,A+,1/1/1990,1,1,1,job,Pakistani,"Lahore,Pakistan",03254128508,03254128508,,,,No,,,Not-Found,General Fitness,1,,,,
1119,AGL-001119,20-Sep-25,Individual,1,Not Paid,20/08/2026,shahroon,shahroonagl-001119@gmail.com,Muhammad shahroon,45772-7168485-6,Not-Found,Single,A+,1/1/1990,1,1,1,job,Pakistani,"Lahore,Pakistan",03401755788,03401755788,,,,No,,,Not-Found,General Fitness,1,,,,
1120,AGL-001120,22-Sep-25,Individual,1,Not Paid,22/08/2026,ahmad,ahmadagl-001120@gmail.com,Muhammad ahmad,07328-9904235-1,Not-Found,Single,A+,1/1/1990,1,1,1,job,Pakistani,"Lahore,Pakistan",03278458863,03278458863,,,,No,,,Not-Found,General Fitness,1,,,,
1121,AGL-001121,23-Sep-25,Individual,1,Not Paid,23/08/2026,mugheera,mugheeraagl-001121@gmail.com,Muhammad mugheera,53141-4122732-7,Not-Found,Single,A+,1/1/1990,1,1,1,job,Pakistani,"Lahore,Pakistan",03044537129,03044537129,,,,No,,,Not-Found,General Fitness,1,,,,
1122,AGL-001122,23-Sep-25,Individual,1,Not Paid,23/08/2026,hamaza,hamazaagl-001122@gmail.com,Muhammad hamaza,21515-7752933-9,Not-Found,Single,A+,1/1/1990,1,1,1,job,Pakistani,"Lahore,Pakistan",03228593010,03228593010,,,,No,,,Not-Found,General Fitness,1,,,,
1123,AGL-001123,23-Sep-25,Individual,1,Not Paid,23/08/2026,hussnain,hussnainagl-001123@gmail.com,Muhammad hussnain,49261-6472718-4,Not-Found,Single,A+,1/1/1990,1,1,1,job,Pakistani,"Lahore,Pakistan",03048408215,03048408215,,,,No,,,Not-Found,General Fitness,1,,,,
1124,AGL-001124,6-Jun-26,Individual,1,Not Paid,6/8/2026,hassan,hassanagl-001124@gmail.com,Muhammad hassan,42922-1823611-8,Not-Found,Single,A+,1/1/1990,1,1,1,job,Pakistani,"Lahore,Pakistan",03010117803,03010117803,,,,No,,,Not-Found,General Fitness,1,,,,
1125,AGL-001125,6-Jun-26,Individual,1,Not Paid,6/8/2026,talha,talhaagl-001125@gmail.com,Muhammad talha,35594-3876448-3,Not-Found,Single,A+,1/1/1990,1,1,1,job,Pakistani,"Lahore,Pakistan",03101444562,03101444562,,,,No,,,Not-Found,General Fitness,1,,,,
1126,AGL-001126,24-Sep-25,Individual,1,Not Paid,24/08/2026,buhan,buhanagl-001126@gmail.com,Muhammad buhan,28137-4744510-6,Not-Found,Single,A+,1/1/1990,1,1,1,job,Pakistani,"Lahore,Pakistan",03444250920,03444250920,,,,No,,,Not-Found,General Fitness,1,,,,
1127,AGL-001127,24-Sep-25,Individual,1,Not Paid,24/08/2026,abulrahman,abulrahmanagl-001127@gmail.com,Muhammad abulrahman,79594-9055444-3,Not-Found,Single,A+,1/1/1990,1,1,1,job,Pakistani,"Lahore,Pakistan",03224368105,03224368105,,,,No,,,Not-Found,General Fitness,1,,,,
1128,AGL-001128,25-Sep-25,Individual,1,Not Paid,25/08/2026,nasir,nasiragl-001128@gmail.com,Muhammad nasir,39615-3340856-3,Not-Found,Single,A+,1/1/1990,1,1,1,job,Pakistani,"Lahore,Pakistan",03401414089,03401414089,,,,No,,,Not-Found,General Fitness,1,,,,
1129,AGL-001129,21-Oct-25,Individual,1,Not Paid,21/08/2026,abass,abassagl-001129@gmail.com,Muhammad abass,30901-7192390-2,Not-Found,Single,A+,1/1/1990,1,1,1,job,Pakistani,"Lahore,Pakistan",03701756204,03701756204,,,,No,,,Not-Found,General Fitness,1,,,,
1130,AGL-001130,11-Feb-26,Individual,1,Not Paid,11/8/2026,SAYAD ALI,sayadaliagl-001130@gmail.com,Muhammad SAYAD ALI,69427-3965308-7,Not-Found,Single,A+,1/1/1990,1,1,1,job,Pakistani,"Lahore,Pakistan",03214580002,03214580002,,,,No,,,Not-Found,General Fitness,1,,,,
1131,AGL-001131,29-Sep-25,Individual,1,Not Paid,29/08/2026,junaid,junaidagl-001131@gmail.com,Muhammad junaid,96029-6252678-7,Not-Found,Single,A+,1/1/1990,1,1,1,job,Pakistani,"Lahore,Pakistan",03214198909,03214198909,,,,No,,,Not-Found,General Fitness,1,,,,
1132,AGL-001132,29-Sep-25,Individual,1,Not Paid,29/08/2026,khoulah,khoulahagl-001132@gmail.com,Muhammad khoulah,17950-2602819-6,Not-Found,Single,A+,1/1/1990,1,1,1,job,Pakistani,"Lahore,Pakistan",03174907727,03174907727,,,,No,,,Not-Found,General Fitness,1,,,,
1133,AGL-001133,29-Sep-25,Individual,1,Not Paid,29/08/2026,ayesha,ayeshaagl-001133@gmail.com,Muhammad ayesha,65306-2493168-3,Not-Found,Single,A+,1/1/1990,1,1,1,job,Pakistani,"Lahore,Pakistan",03298088992,03298088992,,,,No,,,Not-Found,General Fitness,1,,,,
1134,AGL-001134,29-Sep-25,Individual,1,Not Paid,29/08/2026,raeees,raeeesagl-001134@gmail.com,Muhammad raeees,74358-6078303-0,Not-Found,Single,A+,1/1/1990,1,1,1,job,Pakistani,"Lahore,Pakistan",03218088828,03218088828,,,,No,,,Not-Found,General Fitness,1,,,,
1135,AGL-001135,29-Sep-25,Individual,1,Not Paid,29/08/2026,awais,awaisagl-001135@gmail.com,Muhammad awais,86039-2085383-6,Not-Found,Single,A+,1/1/1990,1,1,1,job,Pakistani,"Lahore,Pakistan",03000001135,03000001135,,,,No,,,Not-Found,General Fitness,1,,,,
1136,AGL-001136,29-Sep-25,Individual,1,Not Paid,29/08/2026,noor ul ameen,noorulameenagl-001136@gmail.com,Muhammad noor ul ameen,34225-9276974-5,Not-Found,Single,A+,1/1/1990,1,1,1,job,Pakistani,"Lahore,Pakistan",03096494970,03096494970,,,,No,,,Not-Found,General Fitness,1,,,,
1137,AGL-001137,30-Sep-25,Individual,1,Not Paid,30/08/2026,ameer hamza,ameerhamzaagl-001137@gmail.com,Muhammad ameer hamza,96903-9259886-1,Not-Found,Single,A+,1/1/1990,1,1,1,job,Pakistani,"Lahore,Pakistan",03214701519,03214701519,,,,No,,,Not-Found,General Fitness,1,,,,
1138,AGL-001138,30-Sep-25,Individual,1,Not Paid,30/08/2026,aqib ali,aqibaliagl-001138@gmail.com,Muhammad aqib ali,06681-8368280-3,Not-Found,Single,A+,1/1/1990,1,1,1,job,Pakistani,"Lahore,Pakistan",03096339211,03096339211,,,,No,,,Not-Found,General Fitness,1,,,,
1139,AGL-001139,30-Sep-25,Individual,1,Not Paid,30/08/2026,afatab,afatabagl-001139@gmail.com,Muhammad afatab,79598-6496479-8,Not-Found,Single,A+,1/1/1990,1,1,1,job,Pakistani,"Lahore,Pakistan",03214356601,03214356601,,,,No,,,Not-Found,General Fitness,1,,,,
1140,AGL-001140,4-Dec-25,Individual,1,Not Paid,4/8/2026,abdullah,abdullahagl-001140@gmail.com,Muhammad abdullah,69293-1363130-6,Not-Found,Single,A+,1/1/1990,1,1,1,job,Pakistani,"Lahore,Pakistan",03000999910,03000999910,,,,No,,,Not-Found,General Fitness,1,,,,
1141,AGL-001141,1-Oct-25,Individual,1,Not Paid,1/8/2026,hamza,hamzaagl-001141@gmail.com,Muhammad hamza,93224-2559641-0,Not-Found,Single,A+,1/1/1990,1,1,1,job,Pakistani,"Lahore,Pakistan",03214702672,03214702672,,,,No,,,Not-Found,General Fitness,1,,,,
1142,AGL-001142,1-Oct-25,Individual,1,Not Paid,1/8/2026,usama,usamaagl-001142@gmail.com,Muhammad usama,74540-0290808-2,Not-Found,Single,A+,1/1/1990,1,1,1,job,Pakistani,"Lahore,Pakistan",03174348232,03174348232,,,,No,,,Not-Found,General Fitness,1,,,,
1143,AGL-001143,7-Nov-25,Individual,1,Not Paid,7/8/2026,fahad,fahadagl-001143@gmail.com,Muhammad fahad,29539-0837695-2,Not-Found,Single,A+,1/1/1990,1,1,1,job,Pakistani,"Lahore,Pakistan",03264068741,03264068741,,,,No,,,Not-Found,General Fitness,1,,,,
1144,AGL-001144,7-Nov-25,Individual,1,Not Paid,7/8/2026,moiz,moizagl-001144@gmail.com,Muhammad moiz,39639-0023645-6,Not-Found,Single,A+,1/1/1990,1,1,1,job,Pakistani,"Lahore,Pakistan",03264068742,03264068742,,,,No,,,Not-Found,General Fitness,1,,,,
1145,AGL-001145,2-Oct-25,Individual,1,Not Paid,2/8/2026,abdullah,abdullahagl-001145@gmail.com,Muhammad abdullah,39577-4769639-7,Not-Found,Single,A+,1/1/1990,1,1,1,job,Pakistani,"Lahore,Pakistan",03060442464,03060442464,,,,No,,,Not-Found,General Fitness,1,,,,
1146,AGL-001146,2-Oct-25,Individual,1,Not Paid,2/8/2026,raja arsalan,rajaarsalanagl-001146@gmail.com,Muhammad raja arsalan,45471-9497307-0,Not-Found,Single,A+,1/1/1990,1,1,1,job,Pakistani,"Lahore,Pakistan",03174907727,03174907727,,,,No,,,Not-Found,General Fitness,1,,,,
1147,AGL-001147,2-Oct-25,Individual,1,Not Paid,2/8/2026,tanveer nawaz,tanveernawazagl-001147@gmail.com,Muhammad tanveer nawaz,59039-8907635-0,Not-Found,Single,A+,1/1/1990,1,1,1,job,Pakistani,"Lahore,Pakistan",03023747838,03023747838,,,,No,,,Not-Found,General Fitness,1,,,,
1148,AGL-001148,3-Oct-25,Individual,1,Not Paid,3/8/2026,sohail,sohailagl-001148@gmail.com,Muhammad sohail,62689-2637413-1,Not-Found,Single,A+,1/1/1990,1,1,1,job,Pakistani,"Lahore,Pakistan",03224287768,03224287768,,,,No,,,Not-Found,General Fitness,1,,,,
1149,AGL-001149,3-Oct-25,Individual,1,Not Paid,3/8/2026,fazal abass,fazalabassagl-001149@gmail.com,Muhammad fazal abass,83654-0448434-2,Not-Found,Single,A+,1/1/1990,1,1,1,job,Pakistani,"Lahore,Pakistan",03455865283,03455865283,,,,No,,,Not-Found,General Fitness,1,,,,
1150,AGL-001150,3-Oct-25,Individual,1,Not Paid,3/8/2026,usman,usmanagl-001150@gmail.com,Muhammad usman,65969-8628264-6,Not-Found,Single,A+,1/1/1990,1,1,1,job,Pakistani,"Lahore,Pakistan",03216200638,03216200638,,,,No,,,Not-Found,General Fitness,1,,,,
1151,AGL-001151,3-Oct-25,Individual,1,Not Paid,3/8/2026,abdulrehman,abdulrehmanagl-001151@gmail.com,Muhammad abdulrehman,54705-2451447-8,Not-Found,Single,A+,1/1/1990,1,1,1,job,Pakistani,"Lahore,Pakistan",03216201151,03216201151,,,,No,,,Not-Found,General Fitness,1,,,,
1152,AGL-001152,6-Oct-25,Individual,1,Not Paid,6/8/2026,m ali,maliagl-001152@gmail.com,Muhammad m ali,91385-7899377-7,Not-Found,Single,A+,1/1/1990,1,1,1,job,Pakistani,"Lahore,Pakistan",03205803778,03205803778,,,,No,,,Not-Found,General Fitness,1,,,,
1153,AGL-001153,10-Nov-25,Individual,1,Not Paid,10/8/2026,meran,meranagl-001153@gmail.com,Muhammad meran,32999-5456314-7,Not-Found,Single,A+,1/1/1990,1,1,1,job,Pakistani,"Lahore,Pakistan",03114378458,03114378458,,,,No,,,Not-Found,General Fitness,1,,,,
1154,AGL-001154,3-Dec-25,Individual,1,Not Paid,3/8/2026,abubaker,abubakeragl-001154@gmail.com,Muhammad abubaker,79387-1143218-6,Not-Found,Single,A+,1/1/1990,1,1,1,job,Pakistani,"Lahore,Pakistan",03224196825,03224196825,,,,No,,,Not-Found,General Fitness,1,,,,
1155,AGL-001155,3-Jun-26,Individual,1,Not Paid,3/8/2026,abu bakar,abubakaragl-001155@gmail.com,Muhammad abu bakar,87359-0838817-2,Not-Found,Single,A+,1/1/1990,1,1,1,job,Pakistani,"Lahore,Pakistan",03034413119,03034413119,,,,No,,,Not-Found,General Fitness,1,,,,
1156,AGL-001156,7-Oct-25,Individual,1,Not Paid,7/8/2026,abdullah,abdullahagl-001156@gmail.com,Muhammad abdullah,73466-3931043-9,Not-Found,Single,A+,1/1/1990,1,1,1,job,Pakistani,"Lahore,Pakistan",03075055501,03075055501,,,,No,,,Not-Found,General Fitness,1,,,,
1157,AGL-001157,23-Apr-26,Individual,1,Not Paid,23/08/2026,hamza,hamzaagl-001157@gmail.com,Muhammad hamza,47427-9602261-2,Not-Found,Single,A+,1/1/1990,1,1,1,job,Pakistani,"Lahore,Pakistan",03184489441,03184489441,,,,No,,,Not-Found,General Fitness,1,,,,
1158,AGL-001158,7-Oct-25,Individual,1,Not Paid,7/8/2026,mari,mariagl-001158@gmail.com,Muhammad mari,16636-1928233-1,Not-Found,Single,A+,1/1/1990,1,1,1,job,Pakistani,"Lahore,Pakistan",03297539934,03297539934,,,,No,,,Not-Found,General Fitness,1,,,,
1159,AGL-001159,11-Nov-25,Individual,1,Not Paid,11/8/2026,abdullah,abdullahagl-001159@gmail.com,Muhammad abdullah,91783-1019320-5,Not-Found,Single,A+,1/1/1990,1,1,1,job,Pakistani,"Lahore,Pakistan",03335430827,03335430827,,,,No,,,Not-Found,General Fitness,1,,,,
1160,AGL-001160,8-Oct-25,Individual,1,Not Paid,8/8/2026,ahmad,ahmadagl-001160@gmail.com,Muhammad ahmad,00305-9897514-6,Not-Found,Single,A+,1/1/1990,1,1,1,job,Pakistani,"Lahore,Pakistan",03332423657,03332423657,,,,No,,,Not-Found,General Fitness,1,,,,
1161,AGL-001161,8-Oct-25,Individual,1,Not Paid,8/8/2026,sami,samiagl-001161@gmail.com,Muhammad sami,58875-1619700-2,Not-Found,Single,A+,1/1/1990,1,1,1,job,Pakistani,"Lahore,Pakistan",03025903198,03025903198,,,,No,,,Not-Found,General Fitness,1,,,,
1162,AGL-001162,9-Oct-25,Individual,1,Not Paid,9/8/2026,kashan,kashanagl-001162@gmail.com,Muhammad kashan,26331-5666026-4,Not-Found,Single,A+,1/1/1990,1,1,1,job,Pakistani,"Lahore,Pakistan",03074160684,03074160684,,,,No,,,Not-Found,General Fitness,1,,,,
1163,AGL-001163,9-Oct-25,Individual,1,Not Paid,9/8/2026,usman,usmanagl-001163@gmail.com,Muhammad usman,67492-9424352-7,Not-Found,Single,A+,1/1/1990,1,1,1,job,Pakistani,"Lahore,Pakistan",03184533113,03184533113,,,,No,,,Not-Found,General Fitness,1,,,,
1164,AGL-001164,9-Oct-25,Individual,1,Not Paid,9/8/2026,umair,umairagl-001164@gmail.com,Muhammad umair,94683-5127071-8,Not-Found,Single,A+,1/1/1990,1,1,1,job,Pakistani,"Lahore,Pakistan",03256549773,03256549773,,,,No,,,Not-Found,General Fitness,1,,,,
1165,AGL-001165,9-Oct-25,Individual,1,Not Paid,9/8/2026,fahad,fahadagl-001165@gmail.com,Muhammad fahad,04532-9457347-0,Not-Found,Single,A+,1/1/1990,1,1,1,job,Pakistani,"Lahore,Pakistan",03187229894,03187229894,,,,No,,,Not-Found,General Fitness,1,,,,
1166,AGL-001166,10-Oct-25,Individual,1,Not Paid,10/8/2026,adeel,adeelagl-001166@gmail.com,Muhammad adeel,72716-3815297-4,Not-Found,Single,A+,1/1/1990,1,1,1,job,Pakistani,"Lahore,Pakistan",03034490349,03034490349,,,,No,,,Not-Found,General Fitness,1,,,,
1167,AGL-001167,10-Oct-25,Individual,1,Not Paid,10/8/2026,ragib,ragibagl-001167@gmail.com,Muhammad ragib,96581-0307965-2,Not-Found,Single,A+,1/1/1990,1,1,1,job,Pakistani,"Lahore,Pakistan",03221413913,03221413913,,,,No,,,Not-Found,General Fitness,1,,,,
1168,AGL-001168,10-Oct-25,Individual,1,Not Paid,10/8/2026,numan yunas,numanyunasagl-001168@gmail.com,Muhammad numan yunas,74865-6294525-4,Not-Found,Single,A+,1/1/1990,1,1,1,job,Pakistani,"Lahore,Pakistan",03057136602,03057136602,,,,No,,,Not-Found,General Fitness,1,,,,
1169,AGL-001169,10-Oct-25,Individual,1,Not Paid,10/8/2026,kamran,kamranagl-001169@gmail.com,Muhammad kamran,85632-5015836-3,Not-Found,Single,A+,1/1/1990,1,1,1,job,Pakistani,"Lahore,Pakistan",03267758525,03267758525,,,,No,,,Not-Found,General Fitness,1,,,,
1170,AGL-001170,10-Oct-25,Individual,1,Not Paid,10/8/2026,m shifq,mshifqagl-001170@gmail.com,Muhammad m shifq,58032-7805675-5,Not-Found,Single,A+,1/1/1990,1,1,1,job,Pakistani,"Lahore,Pakistan",03406566113,03406566113,,,,No,,,Not-Found,General Fitness,1,,,,
1171,AGL-001171,10-Oct-25,Individual,1,Not Paid,10/8/2026,ali gujar,aligujaragl-001171@gmail.com,Muhammad ali gujar,39389-7921528-6,Not-Found,Single,A+,1/1/1990,1,1,1,job,Pakistani,"Lahore,Pakistan",03046781781,03046781781,,,,No,,,Not-Found,General Fitness,1,,,,
1172,AGL-001172,10-Oct-25,Individual,1,Not Paid,10/8/2026,hussnain,hussnainagl-001172@gmail.com,Muhammad hussnain,77946-2213625-3,Not-Found,Single,A+,1/1/1990,1,1,1,job,Pakistani,"Lahore,Pakistan",03407250050,03407250050,,,,No,,,Not-Found,General Fitness,1,,,,
1173,AGL-001173,10-Oct-25,Individual,1,Not Paid,10/8/2026,sharyar,sharyaragl-001173@gmail.com,Muhammad sharyar,98383-5560873-9,Not-Found,Single,A+,1/1/1990,1,1,1,job,Pakistani,"Lahore,Pakistan",03198507190,03198507190,,,,No,,,Not-Found,General Fitness,1,,,,
1174,AGL-001174,10-Oct-25,Individual,1,Not Paid,10/8/2026,atif hanif,atifhanifagl-001174@gmail.com,Muhammad atif hanif,48907-9553528-7,Not-Found,Single,A+,1/1/1990,1,1,1,job,Pakistani,"Lahore,Pakistan",03227471215,03227471215,,,,No,,,Not-Found,General Fitness,1,,,,
1175,AGL-001175,10-Oct-25,Individual,1,Not Paid,10/8/2026,daim,daimagl-001175@gmail.com,Muhammad daim,87269-2880418-7,Not-Found,Single,A+,1/1/1990,1,1,1,job,Pakistani,"Lahore,Pakistan",03453496397,03453496397,,,,No,,,Not-Found,General Fitness,1,,,,
1176,AGL-001176,10-Oct-25,Individual,1,Not Paid,10/8/2026,muzamil,muzamilagl-001176@gmail.com,Muhammad muzamil,75679-1801044-8,Not-Found,Single,A+,1/1/1990,1,1,1,job,Pakistani,"Lahore,Pakistan",03201459547,03201459547,,,,No,,,Not-Found,General Fitness,1,,,,
1177,AGL-001177,10-Oct-25,Individual,1,Not Paid,10/8/2026,jahangir,jahangiragl-001177@gmail.com,Muhammad jahangir,68924-6066410-1,Not-Found,Single,A+,1/1/1990,1,1,1,job,Pakistani,"Lahore,Pakistan",03012222316,03012222316,,,,No,,,Not-Found,General Fitness,1,,,,
1178,AGL-001178,12-Nov-25,Individual,1,Not Paid,12/8/2026,aqib,aqibagl-001178@gmail.com,Muhammad aqib,10649-5732866-2,Not-Found,Single,A+,1/1/1990,1,1,1,job,Pakistani,"Lahore,Pakistan",03010114665,03010114665,,,,No,,,Not-Found,General Fitness,1,,,,
1179,AGL-001179,13-Nov-25,Individual,1,Not Paid,13/08/2026,musa,musaagl-001179@gmail.com,Muhammad musa,22020-2503287-3,Not-Found,Single,A+,1/1/1990,1,1,1,job,Pakistani,"Lahore,Pakistan",03091982220,03091982220,,,,No,,,Not-Found,General Fitness,1,,,,
1180,AGL-001180,18-Dec-25,Individual,1,Not Paid,18/08/2026,ramis,ramisagl-001180@gmail.com,Muhammad ramis,13324-4553208-3,Not-Found,Single,A+,1/1/1990,1,1,1,job,Pakistani,"Lahore,Pakistan",03110411128,03110411128,,,,No,,,Not-Found,General Fitness,1,,,,
1181,AGL-001181,14-Oct-25,Individual,1,Not Paid,14/08/2026,m kamil,mkamilagl-001181@gmail.com,Muhammad m kamil,93092-2974963-3,Not-Found,Single,A+,1/1/1990,1,1,1,job,Pakistani,"Lahore,Pakistan",03257968106,03257968106,,,,No,,,Not-Found,General Fitness,1,,,,
1182,AGL-001182,14-Oct-25,Individual,1,Not Paid,14/08/2026,haseer,haseeragl-001182@gmail.com,Muhammad haseer,26694-2112480-0,Not-Found,Single,A+,1/1/1990,1,1,1,job,Pakistani,"Lahore,Pakistan",03224509657,03224509657,,,,No,,,Not-Found,General Fitness,1,,,,
1183,AGL-001183,14-Nov-25,Individual,1,Not Paid,14/08/2026,waqar,waqaragl-001183@gmail.com,Muhammad waqar,08773-8194381-6,Not-Found,Single,A+,1/1/1990,1,1,1,job,Pakistani,"Lahore,Pakistan",03264589158,03264589158,,,,No,,,Not-Found,General Fitness,1,,,,
1184,AGL-001184,15-Oct-25,Individual,1,Not Paid,15/08/2026,zafar,zafaragl-001184@gmail.com,Muhammad zafar,29441-8475913-9,Not-Found,Single,A+,1/1/1990,1,1,1,job,Pakistani,"Lahore,Pakistan",03069272366,03069272366,,,,No,,,Not-Found,General Fitness,1,,,,
1185,AGL-001185,15-Oct-25,Individual,1,Not Paid,15/08/2026,haider,haideragl-001185@gmail.com,Muhammad haider,39948-8113145-3,Not-Found,Single,A+,1/1/1990,1,1,1,job,Pakistani,"Lahore,Pakistan",03039617320,03039617320,,,,No,,,Not-Found,General Fitness,1,,,,
1186,AGL-001186,16-Oct-25,Individual,1,Not Paid,16/08/2026,ali,aliagl-001186@gmail.com,Muhammad ali,45922-5891767-4,Not-Found,Single,A+,1/1/1990,1,1,1,job,Pakistani,"Lahore,Pakistan",03228020948,03228020948,,,,No,,,Not-Found,General Fitness,1,,,,
1187,AGL-001187,16-Oct-25,Individual,1,Not Paid,16/08/2026,aftab,aftabagl-001187@gmail.com,Muhammad aftab,74760-9684806-3,Not-Found,Single,A+,1/1/1990,1,1,1,job,Pakistani,"Lahore,Pakistan",03047768890,03047768890,,,,No,,,Not-Found,General Fitness,1,,,,
1188,AGL-001188,16-Oct-25,Individual,1,Not Paid,16/08/2026,abdul nafa,abdulnafaagl-001188@gmail.com,Muhammad abdul nafa,00079-1488865-6,Not-Found,Single,A+,1/1/1990,1,1,1,job,Pakistani,"Lahore,Pakistan",03146241239,03146241239,,,,No,,,Not-Found,General Fitness,1,,,,
1189,AGL-001189,16-Oct-25,Individual,1,Not Paid,16/08/2026,noman,nomanagl-001189@gmail.com,Muhammad noman,65023-6150640-5,Not-Found,Single,A+,1/1/1990,1,1,1,job,Pakistani,"Lahore,Pakistan",03091493710,03091493710,,,,No,,,Not-Found,General Fitness,1,,,,
1190,AGL-001190,16-Oct-25,Individual,1,Not Paid,16/08/2026,haider,haideragl-001190@gmail.com,Muhammad haider,77933-1334335-2,Not-Found,Single,A+,1/1/1990,1,1,1,job,Pakistani,"Lahore,Pakistan",03207302685,03207302685,,,,No,,,Not-Found,General Fitness,1,,,,
1191,AGL-001191,18-Oct-25,Individual,1,Not Paid,18/08/2026,zain,zainagl-001191@gmail.com,Muhammad zain,19955-5899478-4,Not-Found,Single,A+,1/1/1990,1,1,1,job,Pakistani,"Lahore,Pakistan",03210066644,03210066644,,,,No,,,Not-Found,General Fitness,1,,,,
1192,AGL-001192,18-Oct-25,Individual,1,Not Paid,18/08/2026,m kamaan,mkamaanagl-001192@gmail.com,Muhammad m kamaan,61535-8395838-0,Not-Found,Single,A+,1/1/1990,1,1,1,job,Pakistani,"Lahore,Pakistan",03468078100,03468078100,,,,No,,,Not-Found,General Fitness,1,,,,
1193,AGL-001193,20-Oct-25,Individual,1,Not Paid,20/08/2026,minan butt,minanbuttagl-001193@gmail.com,Muhammad minan butt,69967-2677607-6,Not-Found,Single,A+,1/1/1990,1,1,1,job,Pakistani,"Lahore,Pakistan",03174681301,03174681301,,,,No,,,Not-Found,General Fitness,1,,,,
1194,AGL-001194,22-Oct-25,Individual,1,Not Paid,22/08/2026,qamar,qamaragl-001194@gmail.com,Muhammad qamar,89582-7263050-8,Not-Found,Single,A+,1/1/1990,1,1,1,job,Pakistani,"Lahore,Pakistan",03084569457,03084569457,,,,No,,,Not-Found,General Fitness,1,,,,
1195,AGL-001195,22-Oct-25,Individual,1,Not Paid,22/08/2026,hussnain,hussnainagl-001195@gmail.com,Muhammad hussnain,50468-7958508-2,Not-Found,Single,A+,1/1/1990,1,1,1,job,Pakistani,"Lahore,Pakistan",03220458165,03220458165,,,,No,,,Not-Found,General Fitness,1,,,,
1196,AGL-001196,22-Oct-25,Individual,1,Not Paid,22/08/2026,hussnain,hussnainagl-001196@gmail.com,Muhammad hussnain,45860-3736020-2,Not-Found,Single,A+,1/1/1990,1,1,1,job,Pakistani,"Lahore,Pakistan",03174889945,03174889945,,,,No,,,Not-Found,General Fitness,1,,,,
1197,AGL-001197,22-Oct-25,Individual,1,Not Paid,22/08/2026,aoun khan,aounkhanagl-001197@gmail.com,Muhammad aoun khan,09575-8123142-7,Not-Found,Single,A+,1/1/1990,1,1,1,job,Pakistani,"Lahore,Pakistan",03011887973,03011887973,,,,No,,,Not-Found,General Fitness,1,,,,
1198,AGL-001198,22-Oct-25,Individual,1,Not Paid,22/08/2026,rakeb,rakebagl-001198@gmail.com,Muhammad rakeb,65701-8317468-7,Not-Found,Single,A+,1/1/1990,1,1,1,job,Pakistani,"Lahore,Pakistan",03364568664,03364568664,,,,No,,,Not-Found,General Fitness,1,,,,
1199,AGL-001199,23-Oct-25,Individual,1,Not Paid,23/08/2026,m baker,mbakeragl-001199@gmail.com,Muhammad m baker,18561-9708918-5,Not-Found,Single,A+,1/1/1990,1,1,1,job,Pakistani,"Lahore,Pakistan",03017802738,03017802738,,,,No,,,Not-Found,General Fitness,1,,,,
1200,AGL-001200,23-Oct-25,Individual,1,Not Paid,23/08/2026,tayyab ali,tayyabaliagl-001200@gmail.com,Muhammad tayyab ali,53981-4903248-1,Not-Found,Single,A+,1/1/1990,1,1,1,job,Pakistani,"Lahore,Pakistan",03281700861,03281700861,,,,No,,,Not-Found,General Fitness,1,,,,
1201,AGL-001201,23-Oct-25,Individual,1,Not Paid,23/08/2026,abulqadir,abulqadiragl-001201@gmail.com,Muhammad abulqadir,84848-1477314-3,Not-Found,Single,A+,1/1/1990,1,1,1,job,Pakistani,"Lahore,Pakistan",03001556878,03001556878,,,,No,,,Not-Found,General Fitness,1,,,,
1202,AGL-001202,30-Oct-25,Individual,1,Not Paid,30/08/2026,hamza saeed,hamzasaeedagl-001202@gmail.com,Muhammad hamza saeed,61508-0122619-0,Not-Found,Single,A+,1/1/1990,1,1,1,job,Pakistani,"Lahore,Pakistan",03150413910,03150413910,,,,No,,,Not-Found,General Fitness,1,,,,
1203,AGL-001203,30-Oct-25,Individual,1,Not Paid,30/08/2026,ikram,ikramagl-001203@gmail.com,Muhammad ikram,90126-7885518-9,Not-Found,Single,A+,1/1/1990,1,1,1,job,Pakistani,"Lahore,Pakistan",03429601998,03429601998,,,,No,,,Not-Found,General Fitness,1,,,,
1204,AGL-001204,30-Oct-25,Individual,1,Not Paid,30/08/2026,zia ullah,ziaullahagl-001204@gmail.com,Muhammad zia ullah,60440-4228411-0,Not-Found,Single,A+,1/1/1990,1,1,1,job,Pakistani,"Lahore,Pakistan",03461585273,03461585273,,,,No,,,Not-Found,General Fitness,1,,,,
1205,AGL-001205,31-Oct-25,Individual,1,Not Paid,31/08/2026,sami ullah,samiullahagl-001205@gmail.com,Muhammad sami ullah,06279-9746041-9,Not-Found,Single,A+,1/1/1990,1,1,1,job,Pakistani,"Lahore,Pakistan",03000001205,03000001205,,,,No,,,Not-Found,General Fitness,1,,,,
1206,AGL-001206,3-Nov-25,Individual,1,Not Paid,3/8/2026,Ali usman,aliusmanagl-001206@gmail.com,Muhammad Ali usman,28125-9316383-1,Not-Found,Single,A+,1/1/1990,1,1,1,job,Pakistani,"Lahore,Pakistan",03000001206,03000001206,,,,No,,,Not-Found,General Fitness,1,,,,
1207,AGL-001207,4-Nov-25,Individual,1,Not Paid,4/8/2026,zaheer,zaheeragl-001207@gmail.com,Muhammad zaheer,16677-1974067-5,Not-Found,Single,A+,1/1/1990,1,1,1,job,Pakistani,"Lahore,Pakistan",03317687954,03317687954,,,,No,,,Not-Found,General Fitness,1,,,,
1208,AGL-001208,4-Nov-25,Individual,1,Not Paid,4/8/2026,muzmil hussnain,muzmilhussnainagl-001208@gmail.com,Muhammad muzmil hussnain,33310-2688886-6,Not-Found,Single,A+,1/1/1990,1,1,1,job,Pakistani,"Lahore,Pakistan",03219481106,03219481106,,,,No,,,Not-Found,General Fitness,1,,,,
1209,AGL-001209,3-Jun-26,Individual,1,Not Paid,3/8/2026,Jawad Khalid,jawadkhalidagl-001209@gmail.com,Muhammad Jawad Khalid,21709-3925146-2,Not-Found,Single,A+,1/1/1990,1,1,1,job,Pakistani,"Lahore,Pakistan",03247894982,03247894982,,,,No,,,Not-Found,General Fitness,1,,,,
1210,AGL-001210,5-Nov-25,Individual,1,Not Paid,5/8/2026,Ahmad Ali,ahmadaliagl-001210@gmail.com,Muhammad Ahmad Ali,63538-9058368-5,Not-Found,Single,A+,1/1/1990,1,1,1,job,Pakistani,"Lahore,Pakistan",03259618303,03259618303,,,,No,,,Not-Found,General Fitness,1,,,,
1211,AGL-001211,5-Nov-25,Individual,1,Not Paid,5/8/2026,abullah,abullahagl-001211@gmail.com,Muhammad abullah,89126-6368304-3,Not-Found,Single,A+,1/1/1990,1,1,1,job,Pakistani,"Lahore,Pakistan",03219420528,03219420528,,,,No,,,Not-Found,General Fitness,1,,,,
1212,AGL-001212,5-Nov-25,Individual,1,Not Paid,5/8/2026,fatima,fatimaagl-001212@gmail.com,Muhammad fatima,42604-5898423-1,Not-Found,Single,A+,1/1/1990,1,1,1,job,Pakistani,"Lahore,Pakistan",03228414846,03228414846,,,,No,,,Not-Found,General Fitness,1,,,,
1213,AGL-001213,5-Nov-25,Individual,1,Not Paid,5/8/2026,usman,usmanagl-001213@gmail.com,Muhammad usman,06725-3547183-4,Not-Found,Single,A+,1/1/1990,1,1,1,job,Pakistani,"Lahore,Pakistan",03370413001,03370413001,,,,No,,,Not-Found,General Fitness,1,,,,
1214,AGL-001214,5-Nov-25,Individual,1,Not Paid,5/8/2026,azam,azamagl-001214@gmail.com,Muhammad azam,47330-8695620-6,Not-Found,Single,A+,1/1/1990,1,1,1,job,Pakistani,"Lahore,Pakistan",03156476642,03156476642,,,,No,,,Not-Found,General Fitness,1,,,,
1215,AGL-001215,8-Dec-25,Individual,1,Not Paid,8/8/2026,adil,adilagl-001215@gmail.com,Muhammad adil,50905-5849252-8,Not-Found,Single,A+,1/1/1990,1,1,1,job,Pakistani,"Lahore,Pakistan",03400450990,03400450990,,,,No,,,Not-Found,General Fitness,1,,,,
1216,AGL-001216,6-Nov-25,Individual,1,Not Paid,6/8/2026,mahmood,mahmoodagl-001216@gmail.com,Muhammad mahmood,50040-3949084-0,Not-Found,Single,A+,1/1/1990,1,1,1,job,Pakistani,"Lahore,Pakistan",03041950701,03041950701,,,,No,,,Not-Found,General Fitness,1,,,,
1217,AGL-001217,10-Nov-25,Individual,1,Not Paid,10/8/2026,muneeb,muneebagl-001217@gmail.com,Muhammad muneeb,17360-6924455-4,Not-Found,Single,A+,1/1/1990,1,1,1,job,Pakistani,"Lahore,Pakistan",03094863608,03094863608,,,,No,,,Not-Found,General Fitness,1,,,,
1218,AGL-001218,12-Dec-25,Individual,1,Not Paid,12/8/2026,nabeel,nabeelagl-001218@gmail.com,Muhammad nabeel,99306-0967177-2,Not-Found,Single,A+,1/1/1990,1,1,1,job,Pakistani,"Lahore,Pakistan",03088202932,03088202932,,,,No,,,Not-Found,General Fitness,1,,,,
1219,AGL-001219,11-Nov-25,Individual,1,Not Paid,11/8/2026,Usman,usmanagl-001219@gmail.com,Muhammad Usman,12741-2454530-0,Not-Found,Single,A+,1/1/1990,1,1,1,job,Pakistani,"Lahore,Pakistan",03294009915,03294009915,,,,No,,,Not-Found,General Fitness,1,,,,
1220,AGL-001220,12-Nov-25,Individual,1,Not Paid,12/8/2026,Faheem Zafar,faheemzafaragl-001220@gmail.com,Muhammad Faheem Zafar,76546-5538139-9,Not-Found,Single,A+,1/1/1990,1,1,1,job,Pakistani,"Lahore,Pakistan",03425308353,03425308353,,,,No,,,Not-Found,General Fitness,1,,,,
1221,AGL-001221,12-Nov-25,Individual,1,Not Paid,12/8/2026,daim,daimagl-001221@gmail.com,Muhammad daim,35191-9479261-5,Not-Found,Single,A+,1/1/1990,1,1,1,job,Pakistani,"Lahore,Pakistan",03246889374,03246889374,,,,No,,,Not-Found,General Fitness,1,,,,
1222,AGL-001222,13-Nov-25,Individual,1,Not Paid,13/08/2026,ammn,ammnagl-001222@gmail.com,Muhammad ammn,39618-1061645-1,Not-Found,Single,A+,1/1/1990,1,1,1,job,Pakistani,"Lahore,Pakistan",03055106262,03055106262,,,,No,,,Not-Found,General Fitness,1,,,,
1223,AGL-001223,13-Nov-25,Individual,1,Not Paid,13/08/2026,asma shaker,asmashakeragl-001223@gmail.com,Muhammad asma shaker,45530-6169883-8,Not-Found,Single,A+,1/1/1990,1,1,1,job,Pakistani,"Lahore,Pakistan",03144247337,03144247337,,,,No,,,Not-Found,General Fitness,1,,,,
1224,AGL-001224,14-Nov-25,Individual,1,Not Paid,14/08/2026,faheem,faheemagl-001224@gmail.com,Muhammad faheem,22277-6848693-1,Not-Found,Single,A+,1/1/1990,1,1,1,job,Pakistani,"Lahore,Pakistan",03425308353,03425308353,,,,No,,,Not-Found,General Fitness,1,,,,
1225,AGL-001225,9-Apr-26,Individual,1,Not Paid,9/8/2026,ali sheer,alisheeragl-001225@gmail.com,Muhammad ali sheer,45171-5213434-4,Not-Found,Single,A+,1/1/1990,1,1,1,job,Pakistani,"Lahore,Pakistan",03446606080,03446606080,,,,No,,,Not-Found,General Fitness,1,,,,
1226,AGL-001226,18-Dec-25,Individual,1,Not Paid,18/08/2026,hammad rasool,hammadrasoolagl-001226@gmail.com,Muhammad hammad rasool,86458-4515742-0,Not-Found,Single,A+,1/1/1990,1,1,1,job,Pakistani,"Lahore,Pakistan",03478472517,03478472517,,,,No,,,Not-Found,General Fitness,1,,,,
1227,AGL-001227,16-Apr-26,Individual,1,Not Paid,16/08/2026,naafy,naafyagl-001227@gmail.com,Muhammad naafy,99421-2720201-0,Not-Found,Single,A+,1/1/1990,1,1,1,job,Pakistani,"Lahore,Pakistan",03152900258,03152900258,,,,No,,,Not-Found,General Fitness,1,,,,
1228,AGL-001228,18-Nov-25,Individual,1,Not Paid,18/08/2026,aqib,aqibagl-001228@gmail.com,Muhammad aqib,40591-0080367-5,Not-Found,Single,A+,1/1/1990,1,1,1,job,Pakistani,"Lahore,Pakistan",03400450998,03400450998,,,,No,,,Not-Found,General Fitness,1,,,,
1229,AGL-001229,18-Nov-25,Individual,1,Not Paid,18/08/2026,joshua younas,joshuayounasagl-001229@gmail.com,Muhammad joshua younas,89523-0070925-3,Not-Found,Single,A+,1/1/1990,1,1,1,job,Pakistani,"Lahore,Pakistan",03004338615,03004338615,,,,No,,,Not-Found,General Fitness,1,,,,
1230,AGL-001230,18-Nov-25,Individual,1,Not Paid,18/08/2026,eli arthur,eliarthuragl-001230@gmail.com,Muhammad eli arthur,34800-4000612-7,Not-Found,Single,A+,1/1/1990,1,1,1,job,Pakistani,"Lahore,Pakistan",03004338617,03004338617,,,,No,,,Not-Found,General Fitness,1,,,,
1231,AGL-001231,18-Nov-25,Individual,1,Not Paid,18/08/2026,shadab,shadabagl-001231@gmail.com,Muhammad shadab,61351-6647696-0,Not-Found,Single,A+,1/1/1990,1,1,1,job,Pakistani,"Lahore,Pakistan",03294569806,03294569806,,,,No,,,Not-Found,General Fitness,1,,,,
1232,AGL-001232,29-Apr-26,Individual,1,Not Paid,29/08/2026,suraj,surajagl-001232@gmail.com,Muhammad suraj,27591-0053229-8,Not-Found,Single,A+,1/1/1990,1,1,1,job,Pakistani,"Lahore,Pakistan",03477722971,03477722971,,,,No,,,Not-Found,General Fitness,1,,,,
1233,AGL-001233,19-Nov-25,Individual,1,Not Paid,19/08/2026,ghulam,ghulamagl-001233@gmail.com,Muhammad ghulam,19985-5037398-6,Not-Found,Single,A+,1/1/1990,1,1,1,job,Pakistani,"Lahore,Pakistan",03214959610,03214959610,,,,No,,,Not-Found,General Fitness,1,,,,
1234,AGL-001234,20-Nov-25,Individual,1,Not Paid,20/08/2026,Haroon,haroonagl-001234@gmail.com,Muhammad Haroon,97779-2653563-2,Not-Found,Single,A+,1/1/1990,1,1,1,job,Pakistani,"Lahore,Pakistan",03184776648,03184776648,,,,No,,,Not-Found,General Fitness,1,,,,
1235,AGL-001235,18-Feb-26,Individual,1,Not Paid,18/08/2026,Adil,adilagl-001235@gmail.com,Muhammad Adil,98789-4490756-8,Not-Found,Single,A+,1/1/1990,1,1,1,job,Pakistani,"Lahore,Pakistan",03164202882,03164202882,,,,No,,,Not-Found,General Fitness,1,,,,
1236,AGL-001236,22-Nov-25,Individual,1,Not Paid,22/08/2026,Usama,usamaagl-001236@gmail.com,Muhammad Usama,98855-1595316-8,Not-Found,Single,A+,1/1/1990,1,1,1,job,Pakistani,"Lahore,Pakistan",03159999723,03159999723,,,,No,,,Not-Found,General Fitness,1,,,,
1237,AGL-001237,22-Jan-26,Individual,1,Not Paid,22/08/2026,Gulam Mustfa,gulammustfaagl-001237@gmail.com,Muhammad Gulam Mustfa,11129-1499780-9,Not-Found,Single,A+,1/1/1990,1,1,1,job,Pakistani,"Lahore,Pakistan",03214959610,03214959610,,,,No,,,Not-Found,General Fitness,1,,,,
1238,AGL-001238,24-Nov-25,Individual,1,Not Paid,24/08/2026,akhtar ali,akhtaraliagl-001238@gmail.com,Muhammad akhtar ali,34431-4818721-3,Not-Found,Single,A+,1/1/1990,1,1,1,job,Pakistani,"Lahore,Pakistan",03091999809,03091999809,,,,No,,,Not-Found,General Fitness,1,,,,
1239,AGL-001239,24-Nov-25,Individual,1,Not Paid,24/08/2026,Adil alvi / & Wife,adilalvi/&wifeagl-001239@gmail.com,Muhammad Adil alvi / & Wife,25501-1554812-5,Not-Found,Single,A+,1/1/1990,1,1,1,job,Pakistani,"Lahore,Pakistan",03228414846,03228414846,,,,No,,,Not-Found,General Fitness,1,,,,
1240,AGL-001240,24-Nov-25,Individual,1,Not Paid,24/08/2026,Abdullah,abdullahagl-001240@gmail.com,Muhammad Abdullah,61171-2693707-3,Not-Found,Single,A+,1/1/1990,1,1,1,job,Pakistani,"Lahore,Pakistan",03097844268,03097844268,,,,No,,,Not-Found,General Fitness,1,,,,
1241,AGL-001241,24-Nov-25,Individual,1,Not Paid,24/08/2026,Abdullah,abdullahagl-001241@gmail.com,Muhammad Abdullah,87618-1197109-0,Not-Found,Single,A+,1/1/1990,1,1,1,job,Pakistani,"Lahore,Pakistan",03097844268,03097844268,,,,No,,,Not-Found,General Fitness,1,,,,
1242,AGL-001242,24-Nov-25,Individual,1,Not Paid,24/08/2026,abdul sami,abdulsamiagl-001242@gmail.com,Muhammad abdul sami,34947-9531324-3,Not-Found,Single,A+,1/1/1990,1,1,1,job,Pakistani,"Lahore,Pakistan",03000001242,03000001242,,,,No,,,Not-Found,General Fitness,1,,,,
1243,AGL-001243,24-Nov-25,Individual,1,Not Paid,24/08/2026,Zain Ul abideen,zainulabideenagl-001243@gmail.com,Muhammad Zain Ul abideen,35564-8761935-1,Not-Found,Single,A+,1/1/1990,1,1,1,job,Pakistani,"Lahore,Pakistan",03210066644,03210066644,,,,No,,,Not-Found,General Fitness,1,,,,
1244,AGL-001244,24-Nov-25,Individual,1,Not Paid,24/08/2026,Ali,aliagl-001244@gmail.com,Muhammad Ali,62786-6206333-8,Not-Found,Single,A+,1/1/1990,1,1,1,job,Pakistani,"Lahore,Pakistan",03104713014,03104713014,,,,No,,,Not-Found,General Fitness,1,,,,
1245,AGL-001245,24-Nov-25,Individual,1,Not Paid,24/08/2026,ibrahim,ibrahimagl-001245@gmail.com,Muhammad ibrahim,42348-5034702-1,Not-Found,Single,A+,1/1/1990,1,1,1,job,Pakistani,"Lahore,Pakistan",03240116206,03240116206,,,,No,,,Not-Found,General Fitness,1,,,,
1246,AGL-001246,24-Nov-25,Individual,1,Not Paid,24/08/2026,wajid,wajidagl-001246@gmail.com,Muhammad wajid,69547-5973080-3,Not-Found,Single,A+,1/1/1990,1,1,1,job,Pakistani,"Lahore,Pakistan",03428975470,03428975470,,,,No,,,Not-Found,General Fitness,1,,,,
1247,AGL-001247,24-Nov-25,Individual,1,Not Paid,24/08/2026,gulzada,gulzadaagl-001247@gmail.com,Muhammad gulzada,57722-6304034-8,Not-Found,Single,A+,1/1/1990,1,1,1,job,Pakistani,"Lahore,Pakistan",03489181673,03489181673,,,,No,,,Not-Found,General Fitness,1,,,,
1248,AGL-001248,25-Nov-25,Individual,1,Not Paid,25/08/2026,M Zaid rehan,mzaidrehanagl-001248@gmail.com,Muhammad M Zaid rehan,92682-3922801-0,Not-Found,Single,A+,1/1/1990,1,1,1,job,Pakistani,"Lahore,Pakistan",03124024821,03124024821,,,,No,,,Not-Found,General Fitness,1,,,,
1249,AGL-001249,25-Nov-25,Individual,1,Not Paid,25/08/2026,Moiz khan,moizkhanagl-001249@gmail.com,Muhammad Moiz khan,84036-4235660-2,Not-Found,Single,A+,1/1/1990,1,1,1,job,Pakistani,"Lahore,Pakistan",03265144448,03265144448,,,,No,,,Not-Found,General Fitness,1,,,,
1250,AGL-001250,25-Nov-25,Individual,1,Not Paid,25/08/2026,Saboor,sabooragl-001250@gmail.com,Muhammad Saboor,37556-7793845-1,Not-Found,Single,A+,1/1/1990,1,1,1,job,Pakistani,"Lahore,Pakistan",03234896624,03234896624,,,,No,,,Not-Found,General Fitness,1,,,,
1251,AGL-001251,25-Nov-25,Individual,1,Not Paid,25/08/2026,umair shahid,umairshahidagl-001251@gmail.com,Muhammad umair shahid,12987-9832945-0,Not-Found,Single,A+,1/1/1990,1,1,1,job,Pakistani,"Lahore,Pakistan",03414018090,03414018090,,,,No,,,Not-Found,General Fitness,1,,,,
1252,AGL-001252,27-Nov-25,Individual,1,Not Paid,27/08/2026,ayyaz,ayyazagl-001252@gmail.com,Muhammad ayyaz,16167-8931858-8,Not-Found,Single,A+,1/1/1990,1,1,1,job,Pakistani,"Lahore,Pakistan",03054855057,03054855057,,,,No,,,Not-Found,General Fitness,1,,,,
1253,AGL-001253,25-Nov-25,Individual,1,Not Paid,25/08/2026,younas,younasagl-001253@gmail.com,Muhammad younas,96843-3988218-5,Not-Found,Single,A+,1/1/1990,1,1,1,job,Pakistani,"Lahore,Pakistan",03074704797,03074704797,,,,No,,,Not-Found,General Fitness,1,,,,
1254,AGL-001254,28-Nov-25,Individual,1,Not Paid,28/08/2026,faizan,faizanagl-001254@gmail.com,Muhammad faizan,07084-1652167-9,Not-Found,Single,A+,1/1/1990,1,1,1,job,Pakistani,"Lahore,Pakistan",03256573034,03256573034,,,,No,,,Not-Found,General Fitness,1,,,,
1255,AGL-001255,26-Nov-25,Individual,1,Not Paid,26/08/2026,momin,mominagl-001255@gmail.com,Muhammad momin,50084-3741195-9,Not-Found,Single,A+,1/1/1990,1,1,1,job,Pakistani,"Lahore,Pakistan",03066757350,03066757350,,,,No,,,Not-Found,General Fitness,1,,,,
1256,AGL-001256,26-Nov-25,Individual,1,Not Paid,26/08/2026,maryam,maryamagl-001256@gmail.com,Muhammad maryam,28612-5821213-9,Not-Found,Single,A+,1/1/1990,1,1,1,job,Pakistani,"Lahore,Pakistan",03260344443,03260344443,,,,No,,,Not-Found,General Fitness,1,,,,
1257,AGL-001257,27-Nov-25,Individual,1,Not Paid,27/08/2026,abbas khan,abbaskhanagl-001257@gmail.com,Muhammad abbas khan,64223-2083571-7,Not-Found,Single,A+,1/1/1990,1,1,1,job,Pakistani,"Lahore,Pakistan",03197497057,03197497057,,,,No,,,Not-Found,General Fitness,1,,,,
1258,AGL-001258,27-Nov-25,Individual,1,Not Paid,27/08/2026,asad khan,asadkhanagl-001258@gmail.com,Muhammad asad khan,36451-8990877-7,Not-Found,Single,A+,1/1/1990,1,1,1,job,Pakistani,"Lahore,Pakistan",03495275816,03495275816,,,,No,,,Not-Found,General Fitness,1,,,,
1259,AGL-001259,27-Nov-25,Individual,1,Not Paid,27/08/2026,arslan,arslanagl-001259@gmail.com,Muhammad arslan,80507-3744058-8,Not-Found,Single,A+,1/1/1990,1,1,1,job,Pakistani,"Lahore,Pakistan",03414100597,03414100597,,,,No,,,Not-Found,General Fitness,1,,,,
1260,AGL-001260,28-Nov-25,Individual,1,Not Paid,28/08/2026,asad,asadagl-001260@gmail.com,Muhammad asad,79019-7818417-0,Not-Found,Single,A+,1/1/1990,1,1,1,job,Pakistani,"Lahore,Pakistan",03495275816,03495275816,,,,No,,,Not-Found,General Fitness,1,,,,
1261,AGL-001261,18-Feb-26,Individual,1,Not Paid,18/08/2026,qasim,qasimagl-001261@gmail.com,Muhammad qasim,16984-4827193-5,Not-Found,Single,A+,1/1/1990,1,1,1,job,Pakistani,"Lahore,Pakistan",03000001261,03000001261,,,,No,,,Not-Found,General Fitness,1,,,,
1262,AGL-001262,1-Dec-25,Individual,1,Not Paid,1/8/2026,rafay ahmad,rafayahmadagl-001262@gmail.com,Muhammad rafay ahmad,46319-5238891-1,Not-Found,Single,A+,1/1/1990,1,1,1,job,Pakistani,"Lahore,Pakistan",03039489557,03039489557,,,,No,,,Not-Found,General Fitness,1,,,,
1263,AGL-001263,13-Jan-26,Individual,1,Not Paid,13/08/2026,asim,asimagl-001263@gmail.com,Muhammad asim,78110-0765875-5,Not-Found,Single,A+,1/1/1990,1,1,1,job,Pakistani,"Lahore,Pakistan",03054647832,03054647832,,,,No,,,Not-Found,General Fitness,1,,,,
1264,AGL-001264,1-Dec-25,Individual,1,Not Paid,1/8/2026,usman,usmanagl-001264@gmail.com,Muhammad usman,64815-6968714-4,Not-Found,Single,A+,1/1/1990,1,1,1,job,Pakistani,"Lahore,Pakistan",03204194177,03204194177,,,,No,,,Not-Found,General Fitness,1,,,,
1265,AGL-001265,4-Dec-25,Individual,1,Not Paid,4/8/2026,Alyan ahmad,alyanahmadagl-001265@gmail.com,Muhammad Alyan ahmad,60029-4693931-5,Not-Found,Single,A+,1/1/1990,1,1,1,job,Pakistani,"Lahore,Pakistan",03204191265,03204191265,,,,No,,,Not-Found,General Fitness,1,,,,
1266,AGL-001266,16-Apr-26,Individual,1,Not Paid,16/08/2026,arslan jutt,arslanjuttagl-001266@gmail.com,Muhammad arslan jutt,77493-4282337-5,Not-Found,Single,A+,1/1/1990,1,1,1,job,Pakistani,"Lahore,Pakistan",03039187163,03039187163,,,,No,,,Not-Found,General Fitness,1,,,,
1267,AGL-001267,10-Dec-25,Individual,1,Not Paid,10/8/2026,Ammar Azhar,ammarazharagl-001267@gmail.com,Muhammad Ammar Azhar,90933-3131247-6,Not-Found,Single,A+,1/1/1990,1,1,1,job,Pakistani,"Lahore,Pakistan",03326777727,03326777727,,,,No,,,Not-Found,General Fitness,1,,,,
1268,AGL-001268,11-Dec-25,Individual,1,Not Paid,11/8/2026,aqeel,aqeelagl-001268@gmail.com,Muhammad aqeel,30174-5985933-3,Not-Found,Single,A+,1/1/1990,1,1,1,job,Pakistani,"Lahore,Pakistan",03228691731,03228691731,,,,No,,,Not-Found,General Fitness,1,,,,
1269,AGL-001269,11-Dec-25,Individual,1,Not Paid,11/8/2026,usman,usmanagl-001269@gmail.com,Muhammad usman,17570-9320894-6,Not-Found,Single,A+,1/1/1990,1,1,1,job,Pakistani,"Lahore,Pakistan",03049308578,03049308578,,,,No,,,Not-Found,General Fitness,1,,,,
1270,AGL-001270,3-Jul-26,Individual,1,Not Paid,3/8/2026,huzaifa,huzaifaagl-001270@gmail.com,Muhammad huzaifa,97639-9331760-1,Not-Found,Single,A+,1/1/1990,1,1,1,job,Pakistani,"Lahore,Pakistan",03037260727,03037260727,,,,No,,,Not-Found,General Fitness,1,,,,
1271,AGL-001271,3-Jul-26,Individual,1,Not Paid,3/8/2026,ghulam mohiuddin,ghulammohiuddinagl-001271@gmail.com,Muhammad ghulam mohiuddin,82546-8483759-7,Not-Found,Single,A+,1/1/1990,1,1,1,job,Pakistani,"Lahore,Pakistan",03265941955,03265941955,,,,No,,,Not-Found,General Fitness,1,,,,
1272,AGL-001272,12-Dec-25,Individual,1,Not Paid,12/8/2026,mohsin saleem,mohsinsaleemagl-001272@gmail.com,Muhammad mohsin saleem,09395-1877229-3,Not-Found,Single,A+,1/1/1990,1,1,1,job,Pakistani,"Lahore,Pakistan",03265941271,03265941271,,,,No,,,Not-Found,General Fitness,1,,,,
1273,AGL-001273,10-Feb-26,Individual,1,Not Paid,10/8/2026,Farukh,farukhagl-001273@gmail.com,Muhammad Farukh,19515-7543806-2,Not-Found,Single,A+,1/1/1990,1,1,1,job,Pakistani,"Lahore,Pakistan",03214072212,03214072212,,,,No,,,Not-Found,General Fitness,1,,,,
1274,AGL-001274,16-Dec-25,Individual,1,Not Paid,16/08/2026,bilal,bilalagl-001274@gmail.com,Muhammad bilal,11285-6666519-6,Not-Found,Single,A+,1/1/1990,1,1,1,job,Pakistani,"Lahore,Pakistan",03214072212,03214072212,,,,No,,,Not-Found,General Fitness,1,,,,
1275,AGL-001275,13-Feb-26,Individual,1,Not Paid,13/08/2026,Asad Abbas,asadabbasagl-001275@gmail.com,Muhammad Asad Abbas,55093-8987612-8,Not-Found,Single,A+,1/1/1990,1,1,1,job,Pakistani,"Lahore,Pakistan",03219486412,03219486412,,,,No,,,Not-Found,General Fitness,1,,,,
1276,AGL-001276,16-Dec-25,Individual,1,Not Paid,16/08/2026,M Lodhi,mlodhiagl-001276@gmail.com,Muhammad M Lodhi,78160-0431891-4,Not-Found,Single,A+,1/1/1990,1,1,1,job,Pakistani,"Lahore,Pakistan",03246807719,03246807719,,,,No,,,Not-Found,General Fitness,1,,,,
1277,AGL-001277,16-Dec-25,Individual,1,Not Paid,16/08/2026,faisal,faisalagl-001277@gmail.com,Muhammad faisal,34052-6967919-7,Not-Found,Single,A+,1/1/1990,1,1,1,job,Pakistani,"Lahore,Pakistan",03160738319,03160738319,,,,No,,,Not-Found,General Fitness,1,,,,
1278,AGL-001278,17-Dec-25,Individual,1,Not Paid,17/08/2026,khurram shahzad,khurramshahzadagl-001278@gmail.com,Muhammad khurram shahzad,31173-7884884-7,Not-Found,Single,A+,1/1/1990,1,1,1,job,Pakistani,"Lahore,Pakistan",03490615421,03490615421,,,,No,,,Not-Found,General Fitness,1,,,,
1279,AGL-001279,6-Jul-26,Individual,1,Not Paid,6/8/2026,waleed,waleedagl-001279@gmail.com,Muhammad waleed,99445-5572838-6,Not-Found,Single,A+,1/1/1990,1,1,1,job,Pakistani,"Lahore,Pakistan",03290830599,03290830599,,,,No,,,Not-Found,General Fitness,1,,,,
1280,AGL-001280,1-Apr-26,Individual,1,Not Paid,1/8/2026,saim,saimagl-001280@gmail.com,Muhammad saim,36738-2202263-5,Not-Found,Single,A+,1/1/1990,1,1,1,job,Pakistani,"Lahore,Pakistan",03454101274,03454101274,,,,No,,,Not-Found,General Fitness,1,,,,
1281,AGL-001281,23-Jun-26,Individual,1,Not Paid,23/08/2026,Hamza,hamzaagl-001281@gmail.com,Muhammad Hamza,62874-1184615-6,Not-Found,Single,A+,1/1/1990,1,1,1,job,Pakistani,"Lahore,Pakistan",03326205100,03326205100,,,,No,,,Not-Found,General Fitness,1,,,,
1282,AGL-001282,4-Apr-26,Individual,1,Not Paid,4/8/2026,faraz jutt,farazjuttagl-001282@gmail.com,Muhammad faraz jutt,24083-4042691-5,Not-Found,Single,A+,1/1/1990,1,1,1,job,Pakistani,"Lahore,Pakistan",03259599920,03259599920,,,,No,,,Not-Found,General Fitness,1,,,,
1283,AGL-001283,20-Dec-25,Individual,1,Not Paid,20/08/2026,M Ali,maliagl-001283@gmail.com,Muhammad M Ali,77869-4171298-8,Not-Found,Single,A+,1/1/1990,1,1,1,job,Pakistani,"Lahore,Pakistan",03000001283,03000001283,,,,No,,,Not-Found,General Fitness,1,,,,
1284,AGL-001284,22-Dec-25,Individual,1,Not Paid,22/08/2026,ubaid gill,ubaidgillagl-001284@gmail.com,Muhammad ubaid gill,99377-0627043-2,Not-Found,Single,A+,1/1/1990,1,1,1,job,Pakistani,"Lahore,Pakistan",03300006197,03300006197,,,,No,,,Not-Found,General Fitness,1,,,,
1285,AGL-001285,23-Dec-25,Individual,1,Not Paid,23/08/2026,saad,saadagl-001285@gmail.com,Muhammad saad,95394-6429409-4,Not-Found,Single,A+,1/1/1990,1,1,1,job,Pakistani,"Lahore,Pakistan",03039381122,03039381122,,,,No,,,Not-Found,General Fitness,1,,,,
1286,AGL-001286,5-Jan-26,Individual,1,Not Paid,5/8/2026,Hasnain,hasnainagl-001286@gmail.com,Muhammad Hasnain,15403-4606482-5,Not-Found,Single,A+,1/1/1990,1,1,1,job,Pakistani,"Lahore,Pakistan",03281354132,03281354132,,,,No,,,Not-Found,General Fitness,1,,,,
1287,AGL-001287,11-Feb-26,Individual,1,Not Paid,11/8/2026,Kashif khan,kashifkhanagl-001287@gmail.com,Muhammad Kashif khan,56475-0927466-6,Not-Found,Single,A+,1/1/1990,1,1,1,job,Pakistani,"Lahore,Pakistan",03289449123,03289449123,,,,No,,,Not-Found,General Fitness,1,,,,
1288,AGL-001288,7-Jan-26,Individual,1,Not Paid,7/8/2026,abdullah,abdullahagl-001288@gmail.com,Muhammad abdullah,63682-8052419-4,Not-Found,Single,A+,1/1/1990,1,1,1,job,Pakistani,"Lahore,Pakistan",03124922383,03124922383,,,,No,,,Not-Found,General Fitness,1,,,,
1289,AGL-001289,7-Jan-26,Individual,1,Not Paid,7/8/2026,muzammil,muzammilagl-001289@gmail.com,Muhammad muzammil,12205-7870903-6,Not-Found,Single,A+,1/1/1990,1,1,1,job,Pakistani,"Lahore,Pakistan",03075914131,03075914131,,,,No,,,Not-Found,General Fitness,1,,,,
1290,AGL-001290,12-Jun-26,Individual,1,Not Paid,12/8/2026,muhammad ali,muhammadaliagl-001290@gmail.com,Muhammad muhammad ali,50588-6648441-1,Not-Found,Single,A+,1/1/1990,1,1,1,job,Pakistani,"Lahore,Pakistan",03489483506,03489483506,,,,No,,,Not-Found,General Fitness,1,,,,
1291,AGL-001291,12-Jun-26,Individual,1,Not Paid,12/8/2026,usama,usamaagl-001291@gmail.com,Muhammad usama,71258-8364121-9,Not-Found,Single,A+,1/1/1990,1,1,1,job,Pakistani,"Lahore,Pakistan",03429678375,03429678375,,,,No,,,Not-Found,General Fitness,1,,,,
1292,AGL-001292,9-Jan-26,Individual,1,Not Paid,9/8/2026,ayesh,ayeshagl-001292@gmail.com,Muhammad ayesh,25551-0529001-0,Not-Found,Single,A+,1/1/1990,1,1,1,job,Pakistani,"Lahore,Pakistan",03197815556,03197815556,,,,No,,,Not-Found,General Fitness,1,,,,
1293,AGL-001293,9-Jan-26,Individual,1,Not Paid,9/8/2026,sejeel,sejeelagl-001293@gmail.com,Muhammad sejeel,22754-9107494-8,Not-Found,Single,A+,1/1/1990,1,1,1,job,Pakistani,"Lahore,Pakistan",03210874443,03210874443,,,,No,,,Not-Found,General Fitness,1,,,,
1294,AGL-001294,11-Jun-26,Individual,1,Not Paid,11/8/2026,mozam,mozamagl-001294@gmail.com,Muhammad mozam,58670-6800204-8,Not-Found,Single,A+,1/1/1990,1,1,1,job,Pakistani,"Lahore,Pakistan",03074499070,03074499070,,,,No,,,Not-Found,General Fitness,1,,,,
1295,AGL-001295,13-Jan-26,Individual,1,Not Paid,13/08/2026,naveed,naveedagl-001295@gmail.com,Muhammad naveed,01165-0709511-4,Not-Found,Single,A+,1/1/1990,1,1,1,job,Pakistani,"Lahore,Pakistan",03064519161,03064519161,,,,No,,,Not-Found,General Fitness,1,,,,
1296,AGL-001296,15-Jan-26,Individual,1,Not Paid,15/08/2026,zeshan,zeshanagl-001296@gmail.com,Muhammad zeshan,51507-5243269-7,Not-Found,Single,A+,1/1/1990,1,1,1,job,Pakistani,"Lahore,Pakistan",03237312489,03237312489,,,,No,,,Not-Found,General Fitness,1,,,,
1297,AGL-001297,2-Feb-26,Individual,1,Not Paid,2/8/2026,zain ul abideen,zainulabideenagl-001297@gmail.com,Muhammad zain ul abideen,15417-4224543-4,Not-Found,Single,A+,1/1/1990,1,1,1,job,Pakistani,"Lahore,Pakistan",03024120600,03024120600,,,,No,,,Not-Found,General Fitness,1,,,,
1298,AGL-001298,2-Feb-26,Individual,1,Not Paid,2/8/2026,abdullah,abdullahagl-001298@gmail.com,Muhammad abdullah,83254-8928933-1,Not-Found,Single,A+,1/1/1990,1,1,1,job,Pakistani,"Lahore,Pakistan",03234215062,03234215062,,,,No,,,Not-Found,General Fitness,1,,,,
1299,AGL-001299,27-Feb-26,Individual,1,Not Paid,27/08/2026,Ahmad,ahmadagl-001299@gmail.com,Muhammad Ahmad,24368-6855787-0,Not-Found,Single,A+,1/1/1990,1,1,1,job,Pakistani,"Lahore,Pakistan",03234215063,03234215063,,,,No,,,Not-Found,General Fitness,1,,,,
1300,AGL-001300,8-May-26,Individual,1,Not Paid,8/8/2026,faizan,faizanagl-001300@gmail.com,Muhammad faizan,13838-8803646-0,Not-Found,Single,A+,1/1/1990,1,1,1,job,Pakistani,"Lahore,Pakistan",03121417299,03121417299,,,,No,,,Not-Found,General Fitness,1,,,,
1301,AGL-001301,8-May-26,Individual,1,Not Paid,8/8/2026,Shehzad shah,shehzadshahagl-001301@gmail.com,Muhammad Shehzad shah,25132-7423097-1,Not-Found,Single,A+,1/1/1990,1,1,1,job,Pakistani,"Lahore,Pakistan",03297165933,03297165933,,,,No,,,Not-Found,General Fitness,1,,,,
1302,AGL-001302,3-Feb-26,Individual,1,Not Paid,3/8/2026,muzammil,muzammilagl-001302@gmail.com,Muhammad muzammil,89944-6947988-0,Not-Found,Single,A+,1/1/1990,1,1,1,job,Pakistani,"Lahore,Pakistan",03049963327,03049963327,,,,No,,,Not-Found,General Fitness,1,,,,
1303,AGL-001303,10-Feb-26,Individual,1,Not Paid,10/8/2026,sameera,sameeraagl-001303@gmail.com,Muhammad sameera,93548-7841037-4,Not-Found,Single,A+,1/1/1990,1,1,1,job,Pakistani,"Lahore,Pakistan",03049961302,03049961302,,,,No,,,Not-Found,General Fitness,1,,,,
1304,AGL-001304,28-Apr-26,Individual,1,Not Paid,28/08/2026,sadam,sadamagl-001304@gmail.com,Muhammad sadam,16510-2805688-2,Not-Found,Single,A+,1/1/1990,1,1,1,job,Pakistani,"Lahore,Pakistan",03244009665,03244009665,,,,No,,,Not-Found,General Fitness,1,,,,
1305,AGL-001305,3-Jun-26,Individual,1,Not Paid,3/8/2026,faizan,faizanagl-001305@gmail.com,Muhammad faizan,44211-2876407-7,Not-Found,Single,A+,1/1/1990,1,1,1,job,Pakistani,"Lahore,Pakistan",03034413119,03034413119,,,,No,,,Not-Found,General Fitness,1,,,,
1306,AGL-001306,10-Feb-26,Individual,1,Not Paid,10/8/2026,faizi,faiziagl-001306@gmail.com,Muhammad faizi,83503-0994356-4,Not-Found,Single,A+,1/1/1990,1,1,1,job,Pakistani,"Lahore,Pakistan",03034411306,03034411306,,,,No,,,Not-Found,General Fitness,1,,,,
1307,AGL-001307,11-Feb-26,Individual,1,Not Paid,11/8/2026,hanan,hananagl-001307@gmail.com,Muhammad hanan,07324-9583268-6,Not-Found,Single,A+,1/1/1990,1,1,1,job,Pakistani,"Lahore,Pakistan",03028673700,03028673700,,,,No,,,Not-Found,General Fitness,1,,,,
1308,AGL-001308,3-Jul-26,Individual,1,Not Paid,3/8/2026,umair,umairagl-001308@gmail.com,Muhammad umair,49342-5239098-6,Not-Found,Single,A+,1/1/1990,1,1,1,job,Pakistani,"Lahore,Pakistan",03708057427,03708057427,,,,No,,,Not-Found,General Fitness,1,,,,
1309,AGL-001309,7-Jul-26,Individual,1,Not Paid,7/8/2026,amjad,amjadagl-001309@gmail.com,Muhammad amjad,51829-5664096-9,Not-Found,Single,A+,1/1/1990,1,1,1,job,Pakistani,"Lahore,Pakistan",03116836988,03116836988,,,,No,,,Not-Found,General Fitness,1,,,,
1310,AGL-001310,7-Mar-26,Individual,1,Not Paid,7/8/2026,sayyam,sayyamagl-001310@gmail.com,Muhammad sayyam,91427-9966187-7,Not-Found,Single,A+,1/1/1990,1,1,1,job,Pakistani,"Lahore,Pakistan",03116831309,03116831309,,,,No,,,Not-Found,General Fitness,1,,,,
1311,AGL-001311,11-Feb-26,Individual,1,Not Paid,11/8/2026,usman,usmanagl-001311@gmail.com,Muhammad usman,00540-6264284-6,Not-Found,Single,A+,1/1/1990,1,1,1,job,Pakistani,"Lahore,Pakistan",03249412243,03249412243,,,,No,,,Not-Found,General Fitness,1,,,,
1312,AGL-001312,7-Apr-26,Individual,1,Not Paid,7/8/2026,asad,asadagl-001312@gmail.com,Muhammad asad,54131-8662083-3,Not-Found,Single,A+,1/1/1990,1,1,1,job,Pakistani,"Lahore,Pakistan",03173988380,03173988380,,,,No,,,Not-Found,General Fitness,1,,,,
1313,AGL-001314,11-Feb-26,Individual,1,Not Paid,11/8/2026,hassan,hassanagl-001314@gmail.com,Muhammad hassan,59725-2888703-4,Not-Found,Single,A+,1/1/1990,1,1,1,job,Pakistani,"Lahore,Pakistan",03226426539,03226426539,,,,No,,,Not-Found,General Fitness,1,,,,
1314,AGL-001315,12-Jun-26,Individual,1,Not Paid,12/8/2026,jamshaid,jamshaidagl-001315@gmail.com,Muhammad jamshaid,80486-9629083-2,Not-Found,Single,A+,1/1/1990,1,1,1,job,Pakistani,"Lahore,Pakistan",03104906762,03104906762,,,,No,,,Not-Found,General Fitness,1,,,,
1315,AGL-001316,11-Feb-26,Individual,1,Not Paid,11/8/2026,ahmad,ahmadagl-001316@gmail.com,Muhammad ahmad,99183-4870952-2,Not-Found,Single,A+,1/1/1990,1,1,1,job,Pakistani,"Lahore,Pakistan",03069751850,03069751850,,,,No,,,Not-Found,General Fitness,1,,,,
1316,AGL-001317,9-Jun-26,Individual,1,Not Paid,9/8/2026,qamar,qamaragl-001317@gmail.com,Muhammad qamar,64054-5312732-9,Not-Found,Single,A+,1/1/1990,1,1,1,job,Pakistani,"Lahore,Pakistan",03069612621,03069612621,,,,No,,,Not-Found,General Fitness,1,,,,
1317,AGL-001318,11-Feb-26,Individual,1,Not Paid,11/8/2026,zain,zainagl-001318@gmail.com,Muhammad zain,81981-5589694-6,Not-Found,Single,A+,1/1/1990,1,1,1,job,Pakistani,"Lahore,Pakistan",03090650485,03090650485,,,,No,,,Not-Found,General Fitness,1,,,,
1318,AGL-001319,11-Feb-26,Individual,1,Not Paid,11/8/2026,daim,daimagl-001319@gmail.com,Muhammad daim,73694-9843576-5,Not-Found,Single,A+,1/1/1990,1,1,1,job,Pakistani,"Lahore,Pakistan",03242962497,03242962497,,,,No,,,Not-Found,General Fitness,1,,,,
1319,AGL-001320,11-Feb-26,Individual,1,Not Paid,11/8/2026,ahsan,ahsanagl-001320@gmail.com,Muhammad ahsan,46965-6529353-4,Not-Found,Single,A+,1/1/1990,1,1,1,job,Pakistani,"Lahore,Pakistan",03207695707,03207695707,,,,No,,,Not-Found,General Fitness,1,,,,
1320,AGL-001321,11-Feb-26,Individual,1,Not Paid,11/8/2026,abdullah,abdullahagl-001321@gmail.com,Muhammad abdullah,79914-7508956-0,Not-Found,Single,A+,1/1/1990,1,1,1,job,Pakistani,"Lahore,Pakistan",03278141469,03278141469,,,,No,,,Not-Found,General Fitness,1,,,,
1321,AGL-001322,11-Feb-26,Individual,1,Not Paid,11/8/2026,adil,adilagl-001322@gmail.com,Muhammad adil,67073-7340386-5,Not-Found,Single,A+,1/1/1990,1,1,1,job,Pakistani,"Lahore,Pakistan",03400450998,03400450998,,,,No,,,Not-Found,General Fitness,1,,,,
1322,AGL-001323,11-Feb-26,Individual,1,Not Paid,11/8/2026,hassan,hassanagl-001323@gmail.com,Muhammad hassan,59964-6383242-2,Not-Found,Single,A+,1/1/1990,1,1,1,job,Pakistani,"Lahore,Pakistan",03044952869,03044952869,,,,No,,,Not-Found,General Fitness,1,,,,
1323,AGL-001324,24-Mar-26,Individual,1,Not Paid,24/08/2026,hassnain,hassnainagl-001324@gmail.com,Muhammad hassnain,86774-2100658-3,Not-Found,Single,A+,1/1/1990,1,1,1,job,Pakistani,"Lahore,Pakistan",03200412009,03200412009,,,,No,,,Not-Found,General Fitness,1,,,,
1324,AGL-001325,17-Feb-26,Individual,1,Not Paid,17/08/2026,zaraq,zaraqagl-001325@gmail.com,Muhammad zaraq,22995-0357174-6,Not-Found,Single,A+,1/1/1990,1,1,1,job,Pakistani,"Lahore,Pakistan",03354155551,03354155551,,,,No,,,Not-Found,General Fitness,1,,,,
1325,AGL-001326,13-Feb-26,Individual,1,Not Paid,13/08/2026,fareed,fareedagl-001326@gmail.com,Muhammad fareed,79664-9098318-3,Not-Found,Single,A+,1/1/1990,1,1,1,job,Pakistani,"Lahore,Pakistan",03074168581,03074168581,,,,No,,,Not-Found,General Fitness,1,,,,
1326,AGL-001327,13-Feb-26,Individual,1,Not Paid,13/08/2026,husnain,husnainagl-001327@gmail.com,Muhammad husnain,13247-9002802-8,Not-Found,Single,A+,1/1/1990,1,1,1,job,Pakistani,"Lahore,Pakistan",03476877055,03476877055,,,,No,,,Not-Found,General Fitness,1,,,,
1327,AGL-001328,6-Mar-26,Individual,1,Not Paid,6/8/2026,fakhar,fakharagl-001328@gmail.com,Muhammad fakhar,32076-9568005-0,Not-Found,Single,A+,1/1/1990,1,1,1,job,Pakistani,"Lahore,Pakistan",03264592398,03264592398,,,,No,,,Not-Found,General Fitness,1,,,,
1328,AGL-001329,16-Feb-26,Individual,1,Not Paid,16/08/2026,hamza,hamzaagl-001329@gmail.com,Muhammad hamza,31549-0691371-8,Not-Found,Single,A+,1/1/1990,1,1,1,job,Pakistani,"Lahore,Pakistan",03274398916,03274398916,,,,No,,,Not-Found,General Fitness,1,,,,
1329,AGL-001330,16-Feb-26,Individual,1,Not Paid,16/08/2026,abdullah,abdullahagl-001330@gmail.com,Muhammad abdullah,97945-2539696-7,Not-Found,Single,A+,1/1/1990,1,1,1,job,Pakistani,"Lahore,Pakistan",03297756986,03297756986,,,,No,,,Not-Found,General Fitness,1,,,,
1330,AGL-001331,18-May-26,Individual,1,Not Paid,18/08/2026,mujeeb,mujeebagl-001331@gmail.com,Muhammad mujeeb,78304-6458194-7,Not-Found,Single,A+,1/1/1990,1,1,1,job,Pakistani,"Lahore,Pakistan",03264061143,03264061143,,,,No,,,Not-Found,General Fitness,1,,,,
1331,AGL-001332,16-Feb-26,Individual,1,Not Paid,16/08/2026,imran,imranagl-001332@gmail.com,Muhammad imran,90039-8706760-4,Not-Found,Single,A+,1/1/1990,1,1,1,job,Pakistani,"Lahore,Pakistan",03034804757,03034804757,,,,No,,,Not-Found,General Fitness,1,,,,
1332,AGL-001333,17-Feb-26,Individual,1,Not Paid,17/08/2026,umer,umeragl-001333@gmail.com,Muhammad umer,97836-1142769-6,Not-Found,Single,A+,1/1/1990,1,1,1,job,Pakistani,"Lahore,Pakistan",03421569224,03421569224,,,,No,,,Not-Found,General Fitness,1,,,,
1333,AGL-001334,17-Feb-26,Individual,1,Not Paid,17/08/2026,bilal,bilalagl-001334@gmail.com,Muhammad bilal,89323-7765681-1,Not-Found,Single,A+,1/1/1990,1,1,1,job,Pakistani,"Lahore,Pakistan",03214072212,03214072212,,,,No,,,Not-Found,General Fitness,1,,,,
1334,AGL-001335,17-Feb-26,Individual,1,Not Paid,17/08/2026,faruk,farukagl-001335@gmail.com,Muhammad faruk,93216-3186191-0,Not-Found,Single,A+,1/1/1990,1,1,1,job,Pakistani,"Lahore,Pakistan",03144988328,03144988328,,,,No,,,Not-Found,General Fitness,1,,,,
1335,AGL-001337,15-May-26,Individual,1,Not Paid,15/08/2026,raees,raeesagl-001337@gmail.com,Muhammad raees,90771-2852297-8,Not-Found,Single,A+,1/1/1990,1,1,1,job,Pakistani,"Lahore,Pakistan",03493646674,03493646674,,,,No,,,Not-Found,General Fitness,1,,,,
1336,AGL-001338,7-Apr-26,Individual,1,Not Paid,7/8/2026,juniad,juniadagl-001338@gmail.com,Muhammad juniad,86580-4727954-4,Not-Found,Single,A+,1/1/1990,1,1,1,job,Pakistani,"Lahore,Pakistan",03035647290,03035647290,,,,No,,,Not-Found,General Fitness,1,,,,
1337,AGL-001339,19-Feb-26,Individual,1,Not Paid,19/08/2026,mohid,mohidagl-001339@gmail.com,Muhammad mohid,11171-2814252-9,Not-Found,Single,A+,1/1/1990,1,1,1,job,Pakistani,"Lahore,Pakistan",03200110740,03200110740,,,,No,,,Not-Found,General Fitness,1,,,,
1338,AGL-001340,19-Feb-26,Individual,1,Not Paid,19/08/2026,taha,tahaagl-001340@gmail.com,Muhammad taha,59703-4038017-9,Not-Found,Single,A+,1/1/1990,1,1,1,job,Pakistani,"Lahore,Pakistan",03188205990,03188205990,,,,No,,,Not-Found,General Fitness,1,,,,
1339,AGL-001341,7-Jul-26,Individual,1,Not Paid,7/8/2026,ghuffran,ghuffranagl-001341@gmail.com,Muhammad ghuffran,66318-4461646-5,Not-Found,Single,A+,1/1/1990,1,1,1,job,Pakistani,"Lahore,Pakistan",03244536491,03244536491,,,,No,,,Not-Found,General Fitness,1,,,,
1340,AGL-001342,11-Jun-26,Individual,1,Not Paid,11/8/2026,tayyab,tayyabagl-001342@gmail.com,Muhammad tayyab,86183-7787122-5,Not-Found,Single,A+,1/1/1990,1,1,1,job,Pakistani,"Lahore,Pakistan",03238461696,03238461696,,,,No,,,Not-Found,General Fitness,1,,,,
1341,AGL-001343,8-Apr-26,Individual,1,Not Paid,8/8/2026,asfand,asfandagl-001343@gmail.com,Muhammad asfand,84926-5103862-9,Not-Found,Single,A+,1/1/1990,1,1,1,job,Pakistani,"Lahore,Pakistan",03257526396,03257526396,,,,No,,,Not-Found,General Fitness,1,,,,
1342,AGL-001344,23-Feb-26,Individual,1,Not Paid,23/08/2026,fazal,fazalagl-001344@gmail.com,Muhammad fazal,68140-5787835-0,Not-Found,Single,A+,1/1/1990,1,1,1,job,Pakistani,"Lahore,Pakistan",03499456125,03499456125,,,,No,,,Not-Found,General Fitness,1,,,,
1343,AGL-001345,23-Feb-26,Individual,1,Not Paid,23/08/2026,noor,nooragl-001345@gmail.com,Muhammad noor,77835-2204077-3,Not-Found,Single,A+,1/1/1990,1,1,1,job,Pakistani,"Lahore,Pakistan",03161602613,03161602613,,,,No,,,Not-Found,General Fitness,1,,,,
1344,AGL-001346,23-Feb-26,Individual,1,Not Paid,23/08/2026,sadeem,sadeemagl-001346@gmail.com,Muhammad sadeem,87856-0194069-4,Not-Found,Single,A+,1/1/1990,1,1,1,job,Pakistani,"Lahore,Pakistan",03456336753,03456336753,,,,No,,,Not-Found,General Fitness,1,,,,
1345,AGL-001347,24-Feb-26,Individual,1,Not Paid,24/08/2026,ahmed,ahmedagl-001347@gmail.com,Muhammad ahmed,94139-5457521-7,Not-Found,Single,A+,1/1/1990,1,1,1,job,Pakistani,"Lahore,Pakistan",03314302990,03314302990,,,,No,,,Not-Found,General Fitness,1,,,,
1346,AGL-001348,24-Feb-26,Individual,1,Not Paid,24/08/2026,haider,haideragl-001348@gmail.com,Muhammad haider,39341-9747987-9,Not-Found,Single,A+,1/1/1990,1,1,1,job,Pakistani,"Lahore,Pakistan",03419734411,03419734411,,,,No,,,Not-Found,General Fitness,1,,,,
1347,AGL-001349,7-Jul-26,Individual,1,Not Paid,7/8/2026,muhammd asim,muhammdasimagl-001349@gmail.com,Muhammad muhammd asim,78395-6545912-6,Not-Found,Single,A+,1/1/1990,1,1,1,job,Pakistani,"Lahore,Pakistan",03014571977,03014571977,,,,No,,,Not-Found,General Fitness,1,,,,
1348,AGL-001350,9-Jun-26,Individual,1,Not Paid,9/8/2026,muhammmad,muhammmadagl-001350@gmail.com,Muhammad muhammmad,48959-1062666-3,Not-Found,Single,A+,1/1/1990,1,1,1,job,Pakistani,"Lahore,Pakistan",03322323310,03322323310,,,,No,,,Not-Found,General Fitness,1,,,,
1349,AGL-001351,11-Jun-26,Individual,1,Not Paid,11/8/2026,muhammad shahbaz,muhammadshahbazagl-001351@gmail.com,Muhammad muhammad shahbaz,87783-7394245-0,Not-Found,Single,A+,1/1/1990,1,1,1,job,Pakistani,"Lahore,Pakistan",03176628676,03176628676,,,,No,,,Not-Found,General Fitness,1,,,,
1350,AGL-001352,7-May-26,Individual,1,Not Paid,7/8/2026,ameer,ameeragl-001352@gmail.com,Muhammad ameer,18163-4217608-3,Not-Found,Single,A+,1/1/1990,1,1,1,job,Pakistani,"Lahore,Pakistan",03092725889,03092725889,,,,No,,,Not-Found,General Fitness,1,,,,
1351,AGL-001353,27-Feb-26,Individual,1,Not Paid,27/08/2026,m rehan,mrehanagl-001353@gmail.com,Muhammad m rehan,02047-6187255-6,Not-Found,Single,A+,1/1/1990,1,1,1,job,Pakistani,"Lahore,Pakistan",03343514443,03343514443,,,,No,,,Not-Found,General Fitness,1,,,,
1352,AGL-001354,28-Feb-26,Individual,1,Not Paid,28/08/2026,abdul manan,abdulmananagl-001354@gmail.com,Muhammad abdul manan,75634-5679084-0,Not-Found,Single,A+,1/1/1990,1,1,1,job,Pakistani,"Lahore,Pakistan",03224319770,03224319770,,,,No,,,Not-Found,General Fitness,1,,,,
1353,AGL-001355,2-Mar-26,Individual,1,Not Paid,2/8/2026,tariq,tariqagl-001355@gmail.com,Muhammad tariq,81808-5181938-7,Not-Found,Single,A+,1/1/1990,1,1,1,job,Pakistani,"Lahore,Pakistan",03041440683,03041440683,,,,No,,,Not-Found,General Fitness,1,,,,
1354,AGL-001356,4-Mar-26,Individual,1,Not Paid,4/8/2026,shazad,shazadagl-001356@gmail.com,Muhammad shazad,90431-6165508-9,Not-Found,Single,A+,1/1/1990,1,1,1,job,Pakistani,"Lahore,Pakistan",03487853616,03487853616,,,,No,,,Not-Found,General Fitness,1,,,,
1355,AGL-001357,10-Apr-26,Individual,1,Not Paid,10/8/2026,qayum,qayumagl-001357@gmail.com,Muhammad qayum,78665-9678996-7,Not-Found,Single,A+,1/1/1990,1,1,1,job,Pakistani,"Lahore,Pakistan",03499190147,03499190147,,,,No,,,Not-Found,General Fitness,1,,,,
1356,AGL-001358,4-Mar-26,Individual,1,Not Paid,4/8/2026,waseem,waseemagl-001358@gmail.com,Muhammad waseem,24975-8599932-1,Not-Found,Single,A+,1/1/1990,1,1,1,job,Pakistani,"Lahore,Pakistan",03410486268,03410486268,,,,No,,,Not-Found,General Fitness,1,,,,
1357,AGL-001359,4-Mar-26,Individual,1,Not Paid,4/8/2026,kashif,kashifagl-001359@gmail.com,Muhammad kashif,63174-0885729-5,Not-Found,Single,A+,1/1/1990,1,1,1,job,Pakistani,"Lahore,Pakistan",03138040948,03138040948,,,,No,,,Not-Found,General Fitness,1,,,,
1358,AGL-001360,18-Jun-26,Individual,1,Not Paid,18/08/2026,umer,umeragl-001360@gmail.com,Muhammad umer,62364-8610198-3,Not-Found,Single,A+,1/1/1990,1,1,1,job,Pakistani,"Lahore,Pakistan",03224400196,03224400196,,,,No,,,Not-Found,General Fitness,1,,,,
1359,AGL-001361,24-Jun-26,Individual,1,Not Paid,24/08/2026,hassan,hassanagl-001361@gmail.com,Muhammad hassan,87345-7046944-3,Not-Found,Single,A+,1/1/1990,1,1,1,job,Pakistani,"Lahore,Pakistan",03224319641,03224319641,,,,No,,,Not-Found,General Fitness,1,,,,
1360,AGL-001362,8-May-26,Individual,1,Not Paid,8/8/2026,waqar,waqaragl-001362@gmail.com,Muhammad waqar,72367-2418203-1,Not-Found,Single,A+,1/1/1990,1,1,1,job,Pakistani,"Lahore,Pakistan",03070491267,03070491267,,,,No,,,Not-Found,General Fitness,1,,,,
1361,AGL-001363,15-Jun-26,Individual,1,Not Paid,15/08/2026,adeel,adeelagl-001363@gmail.com,Muhammad adeel,70881-2565942-0,Not-Found,Single,A+,1/1/1990,1,1,1,job,Pakistani,"Lahore,Pakistan",03354279727,03354279727,,,,No,,,Not-Found,General Fitness,1,,,,
1362,AGL-001364,17-Jun-26,Individual,1,Not Paid,17/08/2026,talha1,talha1agl-001364@gmail.com,Muhammad talha1,44242-8694872-2,Not-Found,Single,A+,1/1/1990,1,1,1,job,Pakistani,"Lahore,Pakistan",03134310505,03134310505,,,,No,,,Not-Found,General Fitness,1,,,,
1363,AGL-001365,6-Mar-26,Individual,1,Not Paid,6/8/2026,sumeera,sumeeraagl-001365@gmail.com,Muhammad sumeera,50206-6192622-8,Not-Found,Single,A+,1/1/1990,1,1,1,job,Pakistani,"Lahore,Pakistan",03214816902,03214816902,,,,No,,,Not-Found,General Fitness,1,,,,
1364,AGL-001366,6-Mar-26,Individual,1,Not Paid,6/8/2026,atta u alla,attauallaagl-001366@gmail.com,Muhammad atta u alla,44596-3705994-6,Not-Found,Single,A+,1/1/1990,1,1,1,job,Pakistani,"Lahore,Pakistan",03265422138,03265422138,,,,No,,,Not-Found,General Fitness,1,,,,
1365,AGL-001367,6-Mar-26,Individual,1,Not Paid,6/8/2026,umer,umeragl-001367@gmail.com,Muhammad umer,36024-2395585-9,Not-Found,Single,A+,1/1/1990,1,1,1,job,Pakistani,"Lahore,Pakistan",03295240229,03295240229,,,,No,,,Not-Found,General Fitness,1,,,,
1366,AGL-001368,7-Mar-26,Individual,1,Not Paid,7/8/2026,AMAN,amanagl-001368@gmail.com,Muhammad AMAN,88271-5220973-2,Not-Found,Single,A+,1/1/1990,1,1,1,job,Pakistani,"Lahore,Pakistan",03451898711,03451898711,,,,No,,,Not-Found,General Fitness,1,,,,
1367,AGL-001369,5-Jun-26,Individual,1,Not Paid,5/8/2026,Muhammad Usama Hanif,muhammadusamahanifagl-001369@gmail.com,Muhammad Muhammad Usama Hanif,24396-7390085-7,Not-Found,Single,A+,1/1/1990,1,1,1,job,Pakistani,"Lahore,Pakistan",03000226774,03000226774,,,,No,,,Not-Found,General Fitness,1,,,,
1368,AGL-001370,9-Apr-26,Individual,1,Not Paid,9/8/2026,aalyan malik,aalyanmalikagl-001370@gmail.com,Muhammad aalyan malik,80122-8000686-6,Not-Found,Single,A+,1/1/1990,1,1,1,job,Pakistani,"Lahore,Pakistan",03013161687,03013161687,,,,No,,,Not-Found,General Fitness,1,,,,
1369,AGL-001371,12-Mar-26,Individual,1,Not Paid,12/8/2026,ahmaD ALI,ahmadaliagl-001371@gmail.com,Muhammad ahmaD ALI,00534-7365993-5,Not-Found,Single,A+,1/1/1990,1,1,1,job,Pakistani,"Lahore,Pakistan",03064510119,03064510119,,,,No,,,Not-Found,General Fitness,1,,,,
1370,AGL-001372,13-Mar-26,Individual,1,Not Paid,13/08/2026,muhammad amir,muhammadamiragl-001372@gmail.com,Muhammad muhammad amir,97797-9635456-0,Not-Found,Single,A+,1/1/1990,1,1,1,job,Pakistani,"Lahore,Pakistan",03028688706,03028688706,,,,No,,,Not-Found,General Fitness,1,,,,
1371,AGL-001373,5-Jun-26,Individual,1,Not Paid,5/8/2026,muhammad bilal,muhammadbilalagl-001373@gmail.com,Muhammad muhammad bilal,18480-0157377-5,Not-Found,Single,A+,1/1/1990,1,1,1,job,Pakistani,"Lahore,Pakistan",03268538477,03268538477,,,,No,,,Not-Found,General Fitness,1,,,,
1372,AGL-001374,13-Apr-26,Individual,1,Not Paid,13/08/2026,ariba,aribaagl-001374@gmail.com,Muhammad ariba,01283-3317185-3,Not-Found,Single,A+,1/1/1990,1,1,1,job,Pakistani,"Lahore,Pakistan",03291401860,03291401860,,,,No,,,Not-Found,General Fitness,1,,,,
1373,AGL-001375,13-Mar-26,Individual,1,Not Paid,13/08/2026,abdul moiz,abdulmoizagl-001375@gmail.com,Muhammad abdul moiz,42569-2061685-8,Not-Found,Single,A+,1/1/1990,1,1,1,job,Pakistani,"Lahore,Pakistan",03189603029,03189603029,,,,No,,,Not-Found,General Fitness,1,,,,
1374,AGL-001376,1-Jun-26,Individual,1,Not Paid,1/8/2026,ahmad khan,ahmadkhanagl-001376@gmail.com,Muhammad ahmad khan,91434-5666401-6,Not-Found,Single,A+,1/1/1990,1,1,1,job,Pakistani,"Lahore,Pakistan",03178075706,03178075706,,,,No,,,Not-Found,General Fitness,1,,,,
1375,AGL-001377,17-Jun-26,Individual,1,Not Paid,17/08/2026,qasim raza,qasimrazaagl-001377@gmail.com,Muhammad qasim raza,46805-6425726-7,Not-Found,Single,A+,1/1/1990,1,1,1,job,Pakistani,"Lahore,Pakistan",03084638034,03084638034,,,,No,,,Not-Found,General Fitness,1,,,,
1376,AGL-001378,22-Apr-26,Individual,1,Not Paid,22/08/2026,zia tariq,ziatariqagl-001378@gmail.com,Muhammad zia tariq,09868-4034610-0,Not-Found,Single,A+,1/1/1990,1,1,1,job,Pakistani,"Lahore,Pakistan",03022241111,03022241111,,,,No,,,Not-Found,General Fitness,1,,,,
1377,AGL-001379,13-Mar-26,Individual,1,Not Paid,13/08/2026,jalil,jalilagl-001379@gmail.com,Muhammad jalil,69744-5803038-1,Not-Found,Single,A+,1/1/1990,1,1,1,job,Pakistani,"Lahore,Pakistan",03469161606,03469161606,,,,No,,,Not-Found,General Fitness,1,,,,
1378,AGL-001380,13-Mar-26,Individual,1,Not Paid,13/08/2026,salman,salmanagl-001380@gmail.com,Muhammad salman,91589-8447477-1,Not-Found,Single,A+,1/1/1990,1,1,1,job,Pakistani,"Lahore,Pakistan",03125020383,03125020383,,,,No,,,Not-Found,General Fitness,1,,,,
1379,AGL-001381,14-Mar-26,Individual,1,Not Paid,14/08/2026,shahzab,shahzabagl-001381@gmail.com,Muhammad shahzab,32792-9910681-9,Not-Found,Single,A+,1/1/1990,1,1,1,job,Pakistani,"Lahore,Pakistan",03086054616,03086054616,,,,No,,,Not-Found,General Fitness,1,,,,
1380,AGL-001382,16-Jun-26,Individual,1,Not Paid,16/08/2026,syed mustafa,syedmustafaagl-001382@gmail.com,Muhammad syed mustafa,06276-1012496-3,Not-Found,Single,A+,1/1/1990,1,1,1,job,Pakistani,"Lahore,Pakistan",03044117473,03044117473,,,,No,,,Not-Found,General Fitness,1,,,,
1381,AGL-001383,29-Apr-26,Individual,1,Not Paid,29/08/2026,ahmed,ahmedagl-001383@gmail.com,Muhammad ahmed,83364-5416876-7,Not-Found,Single,A+,1/1/1990,1,1,1,job,Pakistani,"Lahore,Pakistan",03040007473,03040007473,,,,No,,,Not-Found,General Fitness,1,,,,
1382,AGL-001384,14-Mar-26,Individual,1,Not Paid,14/08/2026,ibrahim sandu,ibrahimsanduagl-001384@gmail.com,Muhammad ibrahim sandu,79684-8688224-2,Not-Found,Single,A+,1/1/1990,1,1,1,job,Pakistani,"Lahore,Pakistan",03044110000,03044110000,,,,No,,,Not-Found,General Fitness,1,,,,
1383,AGL-001385,19-May-26,Individual,1,Not Paid,19/08/2026,tayyeba,tayyebaagl-001385@gmail.com,Muhammad tayyeba,01347-6853180-5,Not-Found,Single,A+,1/1/1990,1,1,1,job,Pakistani,"Lahore,Pakistan",03245727399,03245727399,,,,No,,,Not-Found,General Fitness,1,,,,
1384,AGL-007385,19-May-26,Individual,1,Not Paid,19/08/2026,siyam,siyamagl-001385@gmail.com,Muhammad siyam,07045-0418863-9,Not-Found,Single,A+,1/1/1990,1,1,1,job,Pakistani,"Lahore,Pakistan",03708309264,03708309264,,,,No,,,Not-Found,General Fitness,1,,,,
1385,AGL-001386,17-Mar-26,Individual,1,Not Paid,17/08/2026,hammad,hammadagl-001386@gmail.com,Muhammad hammad,06594-6629420-3,Not-Found,Single,A+,1/1/1990,1,1,1,job,Pakistani,"Lahore,Pakistan",03181364018,03181364018,,,,No,,,Not-Found,General Fitness,1,,,,
1386,AGL-001387,17-Mar-26,Individual,1,Not Paid,17/08/2026,Ahmad janjua,ahmadjanjuaagl-001387@gmail.com,Muhammad Ahmad janjua,01872-9584406-3,Not-Found,Single,A+,1/1/1990,1,1,1,job,Pakistani,"Lahore,Pakistan",03130147701,03130147701,,,,No,,,Not-Found,General Fitness,1,,,,
1387,AGL-001388,2-Jun-26,Individual,1,Not Paid,2/8/2026,adil,adilagl-001388@gmail.com,Muhammad adil,38551-1550920-5,Not-Found,Single,A+,1/1/1990,1,1,1,job,Pakistani,"Lahore,Pakistan",03164202882,03164202882,,,,No,,,Not-Found,General Fitness,1,,,,
1388,AGL-001411,1-Jul-26,Individual,1,Not Paid,1/8/2026,azeem,azeemagl-001411@gmail.com,Muhammad azeem,13807-8794106-0,Not-Found,Single,A+,1/1/1990,1,1,1,job,Pakistani,"Lahore,Pakistan",03004509544,03004509544,,,,No,,,Not-Found,General Fitness,1,,,,
1389,AGL-001412,3-Apr-26,Individual,1,Not Paid,3/8/2026,Muhammad hassain,muhammadhassainagl-001412@gmail.com,Muhammad Muhammad hassain,66730-0704978-3,Not-Found,Single,A+,1/1/1990,1,1,1,job,Pakistani,"Lahore,Pakistan",03199833280,03199833280,,,,No,,,Not-Found,General Fitness,1,,,,
1390,AGL-001413,3-Apr-26,Individual,1,Not Paid,3/8/2026,sameer khan,sameerkhanagl-001413@gmail.com,Muhammad sameer khan,83451-5740931-3,Not-Found,Single,A+,1/1/1990,1,1,1,job,Pakistani,"Lahore,Pakistan",03174119739,03174119739,,,,No,,,Not-Found,General Fitness,1,,,,
1391,AGL-001414,4-Apr-26,Individual,1,Not Paid,4/8/2026,muhammad shaheer,muhammadshaheeragl-001414@gmail.com,Muhammad muhammad shaheer,66200-2077212-5,Not-Found,Single,A+,1/1/1990,1,1,1,job,Pakistani,"Lahore,Pakistan",03466045739,03466045739,,,,No,,,Not-Found,General Fitness,1,,,,
1392,AGL-001415,2-May-26,Individual,1,Not Paid,2/8/2026,muhammad irtaza,muhammadirtazaagl-001415@gmail.com,Muhammad muhammad irtaza,94757-7106231-0,Not-Found,Single,A+,1/1/1990,1,1,1,job,Pakistani,"Lahore,Pakistan",03016798539,03016798539,,,,No,,,Not-Found,General Fitness,1,,,,
1393,AGL-001416,6-Apr-26,Individual,1,Not Paid,6/8/2026,eman,emanagl-001416@gmail.com,Muhammad eman,60790-3369345-4,Not-Found,Single,A+,1/1/1990,1,1,1,job,Pakistani,"Lahore,Pakistan",03226354016,03226354016,,,,No,,,Not-Found,General Fitness,1,,,,
1394,AGL-001417,7-Apr-26,Individual,1,Not Paid,7/8/2026,Adnan,adnanagl-001417@gmail.com,Muhammad Adnan,46791-0354507-4,Not-Found,Single,A+,1/1/1990,1,1,1,job,Pakistani,"Lahore,Pakistan",03000683018,03000683018,,,,No,,,Not-Found,General Fitness,1,,,,
1395,AGL-001418,7-Jul-26,Individual,1,Not Paid,7/8/2026,Usman,usmanagl-001418@gmail.com,Muhammad Usman,62731-1657623-3,Not-Found,Single,A+,1/1/1990,1,1,1,job,Pakistani,"Lahore,Pakistan",03099484113,03099484113,,,,No,,,Not-Found,General Fitness,1,,,,
1396,AGL-001419,7-Jul-26,Individual,1,Not Paid,7/8/2026,M.Afaq,m.afaqagl-001419@gmail.com,Muhammad M.Afaq,23002-6734777-6,Not-Found,Single,A+,1/1/1990,1,1,1,job,Pakistani,"Lahore,Pakistan",03028768334,03028768334,,,,No,,,Not-Found,General Fitness,1,,,,
1397,AGL-001420,7-Apr-26,Individual,1,Not Paid,7/8/2026,haseeb,haseebagl-001420@gmail.com,Muhammad haseeb,60277-7663981-3,Not-Found,Single,A+,1/1/1990,1,1,1,job,Pakistani,"Lahore,Pakistan",03028761111,03028761111,,,,No,,,Not-Found,General Fitness,1,,,,
1398,AGL-001421,7-Apr-26,Individual,1,Not Paid,7/8/2026,muneeb,muneebagl-001421@gmail.com,Muhammad muneeb,93582-8972017-6,Not-Found,Single,A+,1/1/1990,1,1,1,job,Pakistani,"Lahore,Pakistan",03197557342,03197557342,,,,No,,,Not-Found,General Fitness,1,,,,
1399,AGL-001422,20-May-26,Individual,1,Not Paid,20/08/2026,burhan,burhanagl-001422@gmail.com,Muhammad burhan,04956-6195812-2,Not-Found,Single,A+,1/1/1990,1,1,1,job,Pakistani,"Lahore,Pakistan",03211013167,03211013167,,,,No,,,Not-Found,General Fitness,1,,,,
1400,AGL-001423,16-Jun-26,Individual,1,Not Paid,16/08/2026,ali,aliagl-001423@gmail.com,Muhammad ali,30074-7655338-6,Not-Found,Single,A+,1/1/1990,1,1,1,job,Pakistani,"Lahore,Pakistan",03234231479,03234231479,,,,No,,,Not-Found,General Fitness,1,,,,
1401,AGL-001424,5-May-26,Individual,1,Not Paid,5/8/2026,ziraq,ziraqagl-001424@gmail.com,Muhammad ziraq,38697-7582570-9,Not-Found,Single,A+,1/1/1990,1,1,1,job,Pakistani,"Lahore,Pakistan",03257734357,03257734357,,,,No,,,Not-Found,General Fitness,1,,,,
1402,AGL-001425,8-Apr-26,Individual,1,Not Paid,8/8/2026,musavir,musaviragl-001425@gmail.com,Muhammad musavir,47234-8571014-0,Not-Found,Single,A+,1/1/1990,1,1,1,job,Pakistani,"Lahore,Pakistan",03254681701,03254681701,,,,No,,,Not-Found,General Fitness,1,,,,
1403,AGL-001426,8-Apr-26,Individual,1,Not Paid,8/8/2026,saman,samanagl-001426@gmail.com,Muhammad saman,28336-7359656-5,Not-Found,Single,A+,1/1/1990,1,1,1,job,Pakistani,"Lahore,Pakistan",03226204851,03226204851,,,,No,,,Not-Found,General Fitness,1,,,,
1404,AGL-001427,10-Jun-26,Individual,1,Not Paid,10/8/2026,abu huraira,abuhurairaagl-001427@gmail.com,Muhammad abu huraira,55932-7808012-8,Not-Found,Single,A+,1/1/1990,1,1,1,job,Pakistani,"Lahore,Pakistan",03128754837,03128754837,,,,No,,,Not-Found,General Fitness,1,,,,
1405,AGL-001428,8-Apr-26,Individual,1,Not Paid,8/8/2026,kamran,kamranagl-001428@gmail.com,Muhammad kamran,04908-0297955-4,Not-Found,Single,A+,1/1/1990,1,1,1,job,Pakistani,"Lahore,Pakistan",03048334168,03048334168,,,,No,,,Not-Found,General Fitness,1,,,,
1406,AGL-001429,12-Jun-26,Individual,1,Not Paid,12/8/2026,rehman,rehmanagl-001429@gmail.com,Muhammad rehman,27955-5206552-9,Not-Found,Single,A+,1/1/1990,1,1,1,job,Pakistani,"Lahore,Pakistan",03027469011,03027469011,,,,No,,,Not-Found,General Fitness,1,,,,
1407,AGL-001430,12-Jun-26,Individual,1,Not Paid,12/8/2026,Qasim,qasimagl-001430@gmail.com,Muhammad Qasim,51282-2994193-2,Not-Found,Single,A+,1/1/1990,1,1,1,job,Pakistani,"Lahore,Pakistan",03104070313,03104070313,,,,No,,,Not-Found,General Fitness,1,,,,
1408,AGL-001431,13-May-26,Individual,1,Not Paid,13/08/2026,muddasar,muddasaragl-001431@gmail.com,Muhammad muddasar,37862-2075268-2,Not-Found,Single,A+,1/1/1990,1,1,1,job,Pakistani,"Lahore,Pakistan",03083646172,03083646172,,,,No,,,Not-Found,General Fitness,1,,,,
1409,AGL-001432,30-Jun-26,Individual,1,Not Paid,30/08/2026,MUHAMMAD ZAMAD,muhammadzamadagl-001432@gmail.com,Muhammad MUHAMMAD ZAMAD,84648-9984817-5,Not-Found,Single,A+,1/1/1990,1,1,1,job,Pakistani,"Lahore,Pakistan",03237398729,03237398729,,,,No,,,Not-Found,General Fitness,1,,,,
1410,AGL-001433,8-Apr-26,Individual,1,Not Paid,8/8/2026,kamal,kamalagl-001433@gmail.com,Muhammad kamal,28727-7456582-6,Not-Found,Single,A+,1/1/1990,1,1,1,job,Pakistani,"Lahore,Pakistan",03294008109,03294008109,,,,No,,,Not-Found,General Fitness,1,,,,
1411,AGL-001389,2-Jul-26,Individual,1,Not Paid,2/8/2026,usama ibrahim,usamaibrahimagl-001389@gmail.com,Muhammad usama ibrahim,68920-8206508-4,Not-Found,Single,A+,1/1/1990,1,1,1,job,Pakistani,"Lahore,Pakistan",03159999723,03159999723,,,,No,,,Not-Found,General Fitness,1,,,,
1412,AGL-001390,25-Mar-26,Individual,1,Not Paid,25/08/2026,Raees,raeesagl-001390@gmail.com,Muhammad Raees,94050-4046194-0,Not-Found,Single,A+,1/1/1990,1,1,1,job,Pakistani,"Lahore,Pakistan",03700458272,03700458272,,,,No,,,Not-Found,General Fitness,1,,,,
1413,AGL-001391,25-Mar-26,Individual,1,Not Paid,25/08/2026,Taha,tahaagl-001391@gmail.com,Muhammad Taha,11680-5961513-7,Not-Found,Single,A+,1/1/1990,1,1,1,job,Pakistani,"Lahore,Pakistan",03089851790,03089851790,,,,No,,,Not-Found,General Fitness,1,,,,
1414,AGL-001392,19-Jun-26,Individual,1,Not Paid,19/08/2026,mohib ullah,mohibullahagl-001392@gmail.com,Muhammad mohib ullah,48402-5937823-8,Not-Found,Single,A+,1/1/1990,1,1,1,job,Pakistani,"Lahore,Pakistan",03024326142,03024326142,,,,No,,,Not-Found,General Fitness,1,,,,
1415,AGL-001393,10-Jun-26,Individual,1,Not Paid,10/8/2026,zeeshan,zeeshanagl-001393@gmail.com,Muhammad zeeshan,91580-4721833-5,Not-Found,Single,A+,1/1/1990,1,1,1,job,Pakistani,"Lahore,Pakistan",03224950397,03224950397,,,,No,,,Not-Found,General Fitness,1,,,,
1416,AGL-001394,29-Apr-26,Individual,1,Not Paid,29/08/2026,muhammad faisal,muhammadfaisalagl-001394@gmail.com,Muhammad muhammad faisal,83359-1936792-1,Not-Found,Single,A+,1/1/1990,1,1,1,job,Pakistani,"Lahore,Pakistan",03276126126,03276126126,,,,No,,,Not-Found,General Fitness,1,,,,
1417,AGL-009394,29-Apr-26,Individual,1,Not Paid,29/08/2026,muhammad hamza,muhammadhamzaagl-001394@gmail.com,Muhammad muhammad hamza,51043-6595428-8,Not-Found,Single,A+,1/1/1990,1,1,1,job,Pakistani,"Lahore,Pakistan",03218453356,03218453356,,,,No,,,Not-Found,General Fitness,1,,,,
1418,AGL-001395,27-Mar-26,Individual,1,Not Paid,27/08/2026,abdullah,abdullahagl-001395@gmail.com,Muhammad abdullah,24743-4781467-7,Not-Found,Single,A+,1/1/1990,1,1,1,job,Pakistani,"Lahore,Pakistan",03182737903,03182737903,,,,No,,,Not-Found,General Fitness,1,,,,
1419,AGL-001396,2-Jun-26,Individual,1,Not Paid,2/8/2026,muhammad rizwan,muhammadrizwanagl-001396@gmail.com,Muhammad muhammad rizwan,30250-8221856-6,Not-Found,Single,A+,1/1/1990,1,1,1,job,Pakistani,"Lahore,Pakistan",03095238177,03095238177,,,,No,,,Not-Found,General Fitness,1,,,,
1420,AGL-001397,27-Mar-26,Individual,1,Not Paid,27/08/2026,kumail,kumailagl-001397@gmail.com,Muhammad kumail,57879-6928369-7,Not-Found,Single,A+,1/1/1990,1,1,1,job,Pakistani,"Lahore,Pakistan",03174577611,03174577611,,,,No,,,Not-Found,General Fitness,1,,,,
1421,AGL-001398,27-Mar-26,Individual,1,Not Paid,27/08/2026,ali hassan,alihassanagl-001398@gmail.com,Muhammad ali hassan,55892-1833558-9,Not-Found,Single,A+,1/1/1990,1,1,1,job,Pakistani,"Lahore,Pakistan",03291267859,03291267859,,,,No,,,Not-Found,General Fitness,1,,,,
1422,AGL-001399,27-Mar-26,Individual,1,Not Paid,27/08/2026,john,johnagl-001399@gmail.com,Muhammad john,17958-7331258-2,Not-Found,Single,A+,1/1/1990,1,1,1,job,Pakistani,"Lahore,Pakistan",03231443143,03231443143,,,,No,,,Not-Found,General Fitness,1,,,,
1423,AGL-001400,28-Mar-26,Individual,1,Not Paid,28/08/2026,abdul rehman,abdulrehmanagl-001400@gmail.com,Muhammad abdul rehman,18968-8766351-2,Not-Found,Single,A+,1/1/1990,1,1,1,job,Pakistani,"Lahore,Pakistan",03269423741,03269423741,,,,No,,,Not-Found,General Fitness,1,,,,
1424,AGL-001401,2-Jul-26,Individual,1,Not Paid,2/8/2026,Abdullah,abdullahagl-001401@gmail.com,Muhammad Abdullah,30730-8318942-3,Not-Found,Single,A+,1/1/1990,1,1,1,job,Pakistani,"Lahore,Pakistan",03088444859,03088444859,,,,No,,,Not-Found,General Fitness,1,,,,
1425,AGL-001402,30-Mar-26,Individual,1,Not Paid,30/08/2026,hassain,hassainagl-001402@gmail.com,Muhammad hassain,59302-6513028-4,Not-Found,Single,A+,1/1/1990,1,1,1,job,Pakistani,"Lahore,Pakistan",03269420713,03269420713,,,,No,,,Not-Found,General Fitness,1,,,,
1426,AGL-001403,30-Mar-26,Individual,1,Not Paid,30/08/2026,hassain,hassainagl-001403@gmail.com,Muhammad hassain,15003-0966099-2,Not-Found,Single,A+,1/1/1990,1,1,1,job,Pakistani,"Lahore,Pakistan",03269420713,03269420713,,,,No,,,Not-Found,General Fitness,1,,,,
1427,AGL-001404,31-Mar-26,Individual,1,Not Paid,31/08/2026,syed musa,syedmusaagl-001404@gmail.com,Muhammad syed musa,05715-6082886-0,Not-Found,Single,A+,1/1/1990,1,1,1,job,Pakistani,"Lahore,Pakistan",03084268984,03084268984,,,,No,,,Not-Found,General Fitness,1,,,,
1428,AGL-001405,31-Mar-26,Individual,1,Not Paid,31/08/2026,faheem,faheemagl-001405@gmail.com,Muhammad faheem,17400-2185654-8,Not-Found,Single,A+,1/1/1990,1,1,1,job,Pakistani,"Lahore,Pakistan",03241296530,03241296530,,,,No,,,Not-Found,General Fitness,1,,,,
1429,AGL-001406,31-Mar-26,Individual,1,Not Paid,31/08/2026,ahsan ali,ahsanaliagl-001406@gmail.com,Muhammad ahsan ali,40195-6375056-9,Not-Found,Single,A+,1/1/1990,1,1,1,job,Pakistani,"Lahore,Pakistan",03064374418,03064374418,,,,No,,,Not-Found,General Fitness,1,,,,
1430,AGL-001407,31-Mar-26,Individual,1,Not Paid,31/08/2026,munawar abbas,munawarabbasagl-001407@gmail.com,Muhammad munawar abbas,61523-5802801-8,Not-Found,Single,A+,1/1/1990,1,1,1,job,Pakistani,"Lahore,Pakistan",03264246722,03264246722,,,,No,,,Not-Found,General Fitness,1,,,,
1431,AGL-001408,2-Apr-26,Individual,1,Not Paid,2/8/2026,asad,asadagl-001408@gmail.com,Muhammad asad,41501-2980238-7,Not-Found,Single,A+,1/1/1990,1,1,1,job,Pakistani,"Lahore,Pakistan",03288591380,03288591380,,,,No,,,Not-Found,General Fitness,1,,,,
1432,AGL-001409,2-Apr-26,Individual,1,Not Paid,2/8/2026,khubaib zafar,khubaibzafaragl-001409@gmail.com,Muhammad khubaib zafar,67729-4050888-2,Not-Found,Single,A+,1/1/1990,1,1,1,job,Pakistani,"Lahore,Pakistan",03125522050,03125522050,,,,No,,,Not-Found,General Fitness,1,,,,
1433,AGL-001410,2-Apr-26,Individual,1,Not Paid,2/8/2026,hafiz abdullah,hafizabdullahagl-001410@gmail.com,Muhammad hafiz abdullah,27423-5723249-2,Not-Found,Single,A+,1/1/1990,1,1,1,job,Pakistani,"Lahore,Pakistan",03223750652,03223750652,,,,No,,,Not-Found,General Fitness,1,,,,
1434,AGL-001457,14-Apr-26,Individual,1,Not Paid,14/08/2026,Qasim,qasimagl-001457@gmail.com,Muhammad Qasim,55487-8672917-7,Not-Found,Single,A+,1/1/1990,1,1,1,job,Pakistani,"Lahore,Pakistan",03454488730,03454488730,,,,No,,,Not-Found,General Fitness,1,,,,
1435,AGL-001458,14-Apr-26,Individual,1,Not Paid,14/08/2026,Muhammad rizwan,muhammadrizwanagl-001458@gmail.com,Muhammad Muhammad rizwan,11524-0780037-2,Not-Found,Single,A+,1/1/1990,1,1,1,job,Pakistani,"Lahore,Pakistan",03326551951,03326551951,,,,No,,,Not-Found,General Fitness,1,,,,
1436,AGL-001459,15-May-26,Individual,1,Not Paid,15/08/2026,hira manzoor,hiramanzooragl-001459@gmail.com,Muhammad hira manzoor,85881-4599606-9,Not-Found,Single,A+,1/1/1990,1,1,1,job,Pakistani,"Lahore,Pakistan",03012863753,03012863753,,,,No,,,Not-Found,General Fitness,1,,,,
1437,AGL-001460,14-Apr-26,Individual,1,Not Paid,14/08/2026,syed shahzil ali,syedshahzilaliagl-001460@gmail.com,Muhammad syed shahzil ali,51760-9826927-4,Not-Found,Single,A+,1/1/1990,1,1,1,job,Pakistani,"Lahore,Pakistan",03147585002,03147585002,,,,No,,,Not-Found,General Fitness,1,,,,
1438,AGL-001461,11-Jun-26,Individual,1,Not Paid,11/8/2026,huraib,huraibagl-001461@gmail.com,Muhammad huraib,37131-5381882-3,Not-Found,Single,A+,1/1/1990,1,1,1,job,Pakistani,"Lahore,Pakistan",03164516937,03164516937,,,,No,,,Not-Found,General Fitness,1,,,,
1439,AGL-001462,16-Apr-26,Individual,1,Not Paid,16/08/2026,moiz jutt,moizjuttagl-001462@gmail.com,Muhammad moiz jutt,51412-9358104-0,Not-Found,Single,A+,1/1/1990,1,1,1,job,Pakistani,"Lahore,Pakistan",03125211528,03125211528,,,,No,,,Not-Found,General Fitness,1,,,,
1440,AGL-001463,16-Apr-26,Individual,1,Not Paid,16/08/2026,Falak,falakagl-001463@gmail.com,Muhammad Falak,66670-4505669-7,Not-Found,Single,A+,1/1/1990,1,1,1,job,Pakistani,"Lahore,Pakistan",03201046816,03201046816,,,,No,,,Not-Found,General Fitness,1,,,,
1441,AGL-001464,16-Apr-26,Individual,1,Not Paid,16/08/2026,shahzad,shahzadagl-001464@gmail.com,Muhammad shahzad,89604-7290116-0,Not-Found,Single,A+,1/1/1990,1,1,1,job,Pakistani,"Lahore,Pakistan",03015679840,03015679840,,,,No,,,Not-Found,General Fitness,1,,,,
1442,AGL-001465,9-Jun-26,Individual,1,Not Paid,9/8/2026,Husban,husbanagl-001465@gmail.com,Muhammad Husban,37355-7053486-4,Not-Found,Single,A+,1/1/1990,1,1,1,job,Pakistani,"Lahore,Pakistan",03174331194,03174331194,,,,No,,,Not-Found,General Fitness,1,,,,
1443,AGL-001466,16-Apr-26,Individual,1,Not Paid,16/08/2026,GHAYOOR,ghayooragl-001466@gmail.com,Muhammad GHAYOOR,70580-1491825-8,Not-Found,Single,A+,1/1/1990,1,1,1,job,Pakistani,"Lahore,Pakistan",03288482122,03288482122,,,,No,,,Not-Found,General Fitness,1,,,,
1444,AGL-001467,16-Apr-26,Individual,1,Not Paid,16/08/2026,bilal,bilalagl-001467@gmail.com,Muhammad bilal,86369-8163565-9,Not-Found,Single,A+,1/1/1990,1,1,1,job,Pakistani,"Lahore,Pakistan",03057749157,03057749157,,,,No,,,Not-Found,General Fitness,1,,,,
1445,AGL-001468,16-Apr-26,Individual,1,Not Paid,16/08/2026,ibrahim khan,ibrahimkhanagl-001468@gmail.com,Muhammad ibrahim khan,59855-0071949-4,Not-Found,Single,A+,1/1/1990,1,1,1,job,Pakistani,"Lahore,Pakistan",03159054374,03159054374,,,,No,,,Not-Found,General Fitness,1,,,,
1446,AGL-001469,16-Apr-26,Individual,1,Not Paid,16/08/2026,zaid,zaidagl-001469@gmail.com,Muhammad zaid,67688-5309358-0,Not-Found,Single,A+,1/1/1990,1,1,1,job,Pakistani,"Lahore,Pakistan",03035637785,03035637785,,,,No,,,Not-Found,General Fitness,1,,,,
1447,AGL-001470,16-May-26,Individual,1,Not Paid,16/08/2026,Ibad ali,ibadaliagl-001470@gmail.com,Muhammad Ibad ali,47921-1406797-8,Not-Found,Single,A+,1/1/1990,1,1,1,job,Pakistani,"Lahore,Pakistan",03175517117,03175517117,,,,No,,,Not-Found,General Fitness,1,,,,
1448,AGL-001471,17-Apr-26,Individual,1,Not Paid,17/08/2026,Murtaza bhati,murtazabhatiagl-001471@gmail.com,Muhammad Murtaza bhati,40349-5967031-7,Not-Found,Single,A+,1/1/1990,1,1,1,job,Pakistani,"Lahore,Pakistan",03244372915,03244372915,,,,No,,,Not-Found,General Fitness,1,,,,
1449,AGL-001472,20-Apr-26,Individual,1,Not Paid,20/08/2026,rehan,rehanagl-001472@gmail.com,Muhammad rehan,28670-3580378-3,Not-Found,Single,A+,1/1/1990,1,1,1,job,Pakistani,"Lahore,Pakistan",03264246706,03264246706,,,,No,,,Not-Found,General Fitness,1,,,,
1450,AGL-001473,23-Jun-26,Individual,1,Not Paid,23/08/2026,Hanzalah,hanzalahagl-001473@gmail.com,Muhammad Hanzalah,25913-3627398-8,Not-Found,Single,A+,1/1/1990,1,1,1,job,Pakistani,"Lahore,Pakistan",03211679295,03211679295,,,,No,,,Not-Found,General Fitness,1,,,,
1451,AGL-001474,21-Apr-26,Individual,1,Not Paid,21/08/2026,radeef,radeefagl-001474@gmail.com,Muhammad radeef,44360-8655518-4,Not-Found,Single,A+,1/1/1990,1,1,1,job,Pakistani,"Lahore,Pakistan",03237274546,03237274546,,,,No,,,Not-Found,General Fitness,1,,,,
1452,AGL-001475,21-Apr-26,Individual,1,Not Paid,21/08/2026,abdullah,abdullahagl-001475@gmail.com,Muhammad abdullah,37391-4379795-9,Not-Found,Single,A+,1/1/1990,1,1,1,job,Pakistani,"Lahore,Pakistan",03237274543,03237274543,,,,No,,,Not-Found,General Fitness,1,,,,
1453,AGL-001476,21-Apr-26,Individual,1,Not Paid,21/08/2026,shahan,shahanagl-001476@gmail.com,Muhammad shahan,28694-1824908-3,Not-Found,Single,A+,1/1/1990,1,1,1,job,Pakistani,"Lahore,Pakistan",03170954744,03170954744,,,,No,,,Not-Found,General Fitness,1,,,,
1454,AGL-001477,21-Apr-26,Individual,1,Not Paid,21/08/2026,ali haider,alihaideragl-001477@gmail.com,Muhammad ali haider,87376-9368277-2,Not-Found,Single,A+,1/1/1990,1,1,1,job,Pakistani,"Lahore,Pakistan",03087573522,03087573522,,,,No,,,Not-Found,General Fitness,1,,,,
1455,AGL-001478,21-Apr-26,Individual,1,Not Paid,21/08/2026,zabi khan,zabikhanagl-001478@gmail.com,Muhammad zabi khan,10344-1293344-9,Not-Found,Single,A+,1/1/1990,1,1,1,job,Pakistani,"Lahore,Pakistan",03272058686,03272058686,,,,No,,,Not-Found,General Fitness,1,,,,
1456,AGL-001479,11-May-26,Individual,1,Not Paid,11/8/2026,imran,imranagl-001479@gmail.com,Muhammad imran,85534-3484104-1,Not-Found,Single,A+,1/1/1990,1,1,1,job,Pakistani,"Lahore,Pakistan",03051366664,03051366664,,,,No,,,Not-Found,General Fitness,1,,,,
1457,AGL-001434,9-Apr-26,Individual,1,Not Paid,9/8/2026,Mueed,mueedagl-001434@gmail.com,Muhammad Mueed,70970-8923366-1,Not-Found,Single,A+,1/1/1990,1,1,1,job,Pakistani,"Lahore,Pakistan",03204101410,03204101410,,,,No,,,Not-Found,General Fitness,1,,,,
1458,AGL-001435,9-Apr-26,Individual,1,Not Paid,9/8/2026,Wasiq,wasiqagl-001435@gmail.com,Muhammad Wasiq,32992-6980688-3,Not-Found,Single,A+,1/1/1990,1,1,1,job,Pakistani,"Lahore,Pakistan",03184506211,03184506211,,,,No,,,Not-Found,General Fitness,1,,,,
1459,AGL-001436,9-Apr-26,Individual,1,Not Paid,9/8/2026,fazal  haq,fazal haqagl-001436@gmail.com,Muhammad fazal  haq,92666-3534884-4,Not-Found,Single,A+,1/1/1990,1,1,1,job,Pakistani,"Lahore,Pakistan",03499742703,03499742703,,,,No,,,Not-Found,General Fitness,1,,,,
1460,AGL-001437,15-May-26,Individual,1,Not Paid,15/08/2026,Rao Talha,raotalhaagl-001437@gmail.com,Muhammad Rao Talha,08405-4249313-5,Not-Found,Single,A+,1/1/1990,1,1,1,job,Pakistani,"Lahore,Pakistan",03057793877,03057793877,,,,No,,,Not-Found,General Fitness,1,,,,
1461,AGL-001438,10-Apr-26,Individual,1,Not Paid,10/8/2026,M.Toqeer,m.toqeeragl-001438@gmail.com,Muhammad M.Toqeer,12922-0977327-0,Not-Found,Single,A+,1/1/1990,1,1,1,job,Pakistani,"Lahore,Pakistan",03081020835,03081020835,,,,No,,,Not-Found,General Fitness,1,,,,
1462,AGL-001439,10-Apr-26,Individual,1,Not Paid,10/8/2026,Muzamil,muzamilagl-001439@gmail.com,Muhammad Muzamil,55691-9437180-4,Not-Found,Single,A+,1/1/1990,1,1,1,job,Pakistani,"Lahore,Pakistan",03069006235,03069006235,,,,No,,,Not-Found,General Fitness,1,,,,
1463,AGL-001440,10-Apr-26,Individual,1,Not Paid,10/8/2026,zohaib khan,zohaibkhanagl-001440@gmail.com,Muhammad zohaib khan,40472-8917161-6,Not-Found,Single,A+,1/1/1990,1,1,1,job,Pakistani,"Lahore,Pakistan",03041211119,03041211119,,,,No,,,Not-Found,General Fitness,1,,,,
1464,AGL-001441,10-Apr-26,Individual,1,Not Paid,10/8/2026,sajawal,sajawalagl-001441@gmail.com,Muhammad sajawal,00033-2567979-5,Not-Found,Single,A+,1/1/1990,1,1,1,job,Pakistani,"Lahore,Pakistan",03097858430,03097858430,,,,No,,,Not-Found,General Fitness,1,,,,
1465,AGL-001442,14-May-26,Individual,1,Not Paid,14/08/2026,faheem,faheemagl-001442@gmail.com,Muhammad faheem,68289-7179273-8,Not-Found,Single,A+,1/1/1990,1,1,1,job,Pakistani,"Lahore,Pakistan",03249683683,03249683683,,,,No,,,Not-Found,General Fitness,1,,,,
1466,AGL-001443,8-Jun-26,Individual,1,Not Paid,8/8/2026,arsaln,arsalnagl-001443@gmail.com,Muhammad arsaln,54669-1820744-7,Not-Found,Single,A+,1/1/1990,1,1,1,job,Pakistani,"Lahore,Pakistan",03211432024,03211432024,,,,No,,,Not-Found,General Fitness,1,,,,
1467,AGL-001444,30-Jun-26,Individual,1,Not Paid,30/08/2026,atif,atifagl-001444@gmail.com,Muhammad atif,94972-6610817-4,Not-Found,Single,A+,1/1/1990,1,1,1,job,Pakistani,"Lahore,Pakistan",03034613912,03034613912,,,,No,,,Not-Found,General Fitness,1,,,,
1468,AGL-001445,10-Apr-26,Individual,1,Not Paid,10/8/2026,muhammad yasir,muhammadyasiragl-001445@gmail.com,Muhammad muhammad yasir,29951-9874347-8,Not-Found,Single,A+,1/1/1990,1,1,1,job,Pakistani,"Lahore,Pakistan",03074437010,03074437010,,,,No,,,Not-Found,General Fitness,1,,,,
1469,AGL-001446,2-Jul-26,Individual,1,Not Paid,2/8/2026,romal,romalagl-001446@gmail.com,Muhammad romal,35313-0648049-7,Not-Found,Single,A+,1/1/1990,1,1,1,job,Pakistani,"Lahore,Pakistan",03096104528,03096104528,,,,No,,,Not-Found,General Fitness,1,,,,
1470,AGL-001447,5-Jun-26,Individual,1,Not Paid,5/8/2026,ali haider,alihaideragl-001447@gmail.com,Muhammad ali haider,71427-3873892-6,Not-Found,Single,A+,1/1/1990,1,1,1,job,Pakistani,"Lahore,Pakistan",03051517622,03051517622,,,,No,,,Not-Found,General Fitness,1,,,,
1471,AGL-001448,11-Apr-26,Individual,1,Not Paid,11/8/2026,muhammad umar alvi,muhammadumaralviagl-001448@gmail.com,Muhammad muhammad umar alvi,67889-5343055-2,Not-Found,Single,A+,1/1/1990,1,1,1,job,Pakistani,"Lahore,Pakistan",03284432792,03284432792,,,,No,,,Not-Found,General Fitness,1,,,,
1472,AGL-001449,11-Apr-26,Individual,1,Not Paid,11/8/2026,faiza,faizaagl-001449@gmail.com,Muhammad faiza,39815-0480364-4,Not-Found,Single,A+,1/1/1990,1,1,1,job,Pakistani,"Lahore,Pakistan",03348039808,03348039808,,,,No,,,Not-Found,General Fitness,1,,,,
1473,AGL-001450,13-Apr-26,Individual,1,Not Paid,13/08/2026,QASIM,qasimagl-001450@gmail.com,Muhammad QASIM,10094-4497883-9,Not-Found,Single,A+,1/1/1990,1,1,1,job,Pakistani,"Lahore,Pakistan",03134600630,03134600630,,,,No,,,Not-Found,General Fitness,1,,,,
1474,AGL-001451,11-May-26,Individual,1,Not Paid,11/8/2026,ibtasam,ibtasamagl-001451@gmail.com,Muhammad ibtasam,99039-3866922-7,Not-Found,Single,A+,1/1/1990,1,1,1,job,Pakistani,"Lahore,Pakistan",03035162197,03035162197,,,,No,,,Not-Found,General Fitness,1,,,,
1475,AGL-001452,11-May-26,Individual,1,Not Paid,11/8/2026,buraq,buraqagl-001452@gmail.com,Muhammad buraq,78515-5881234-5,Not-Found,Single,A+,1/1/1990,1,1,1,job,Pakistani,"Lahore,Pakistan",03084949266,03084949266,,,,No,,,Not-Found,General Fitness,1,,,,
1476,AGL-001453,11-May-26,Individual,1,Not Paid,11/8/2026,biya,biyaagl-001453@gmail.com,Muhammad biya,82477-6230012-5,Not-Found,Single,A+,1/1/1990,1,1,1,job,Pakistani,"Lahore,Pakistan",03084949266,03084949266,,,,No,,,Not-Found,General Fitness,1,,,,
1477,AGL-001454,13-Apr-26,Individual,1,Not Paid,13/08/2026,Abdullah,abdullahagl-001454@gmail.com,Muhammad Abdullah,52950-2736026-5,Not-Found,Single,A+,1/1/1990,1,1,1,job,Pakistani,"Lahore,Pakistan",03281282892,03281282892,,,,No,,,Not-Found,General Fitness,1,,,,
1478,AGL-001455,13-Apr-26,Individual,1,Not Paid,13/08/2026,zahib,zahibagl-001455@gmail.com,Muhammad zahib,05231-6822595-9,Not-Found,Single,A+,1/1/1990,1,1,1,job,Pakistani,"Lahore,Pakistan",03392275864,03392275864,,,,No,,,Not-Found,General Fitness,1,,,,
1479,AGL-001456,14-Apr-26,Individual,1,Not Paid,14/08/2026,Abdullah,abdullahagl-001456@gmail.com,Muhammad Abdullah,94658-0542182-6,Not-Found,Single,A+,1/1/1990,1,1,1,job,Pakistani,"Lahore,Pakistan",03201005948,03201005948,,,,No,,,Not-Found,General Fitness,1,,,,
1480,AGL-001480,3-Jun-26,Individual,1,Not Paid,3/8/2026,M.Rizwan,m.rizwanagl-001480@gmail.com,Muhammad M.Rizwan,17166-0628231-9,Not-Found,Single,A+,1/1/1990,1,1,1,job,Pakistani,"Lahore,Pakistan",03044915312,03044915312,,,,No,,,Not-Found,General Fitness,1,,,,
1481,AGL-001481,3-Jun-26,Individual,1,Not Paid,3/8/2026,M.Tayyab,m.tayyabagl-001481@gmail.com,Muhammad M.Tayyab,48301-4595973-5,Not-Found,Single,A+,1/1/1990,1,1,1,job,Pakistani,"Lahore,Pakistan",03068101942,03068101942,,,,No,,,Not-Found,General Fitness,1,,,,
1482,AGL-001482,22-Apr-26,Individual,1,Not Paid,22/08/2026,azhar,azharagl-001482@gmail.com,Muhammad azhar,02687-0736231-1,Not-Found,Single,A+,1/1/1990,1,1,1,job,Pakistani,"Lahore,Pakistan",03184063742,03184063742,,,,No,,,Not-Found,General Fitness,1,,,,
1483,AGL-001483,22-Apr-26,Individual,1,Not Paid,22/08/2026,Abdulrehman,abdulrehmanagl-001483@gmail.com,Muhammad Abdulrehman,16451-0752796-4,Not-Found,Single,A+,1/1/1990,1,1,1,job,Pakistani,"Lahore,Pakistan",03086923361,03086923361,,,,No,,,Not-Found,General Fitness,1,,,,
1484,AGL-001484,19-Jun-26,Individual,1,Not Paid,19/08/2026,Hassan,hassanagl-001484@gmail.com,Muhammad Hassan,92491-1536550-8,Not-Found,Single,A+,1/1/1990,1,1,1,job,Pakistani,"Lahore,Pakistan",03460732236,03460732236,,,,No,,,Not-Found,General Fitness,1,,,,
1485,AGL-001485,22-Apr-26,Individual,1,Not Paid,22/08/2026,Hamza,hamzaagl-001485@gmail.com,Muhammad Hamza,87239-8178688-4,Not-Found,Single,A+,1/1/1990,1,1,1,job,Pakistani,"Lahore,Pakistan",03174369881,03174369881,,,,No,,,Not-Found,General Fitness,1,,,,
1486,AGL-001486,19-Jun-26,Individual,1,Not Paid,19/08/2026,Hazam,hazamagl-001486@gmail.com,Muhammad Hazam,66857-6721946-6,Not-Found,Single,A+,1/1/1990,1,1,1,job,Pakistani,"Lahore,Pakistan",03455793620,03455793620,,,,No,,,Not-Found,General Fitness,1,,,,
1487,AGL-001487,19-Jun-26,Individual,1,Not Paid,19/08/2026,Talah,talahagl-001487@gmail.com,Muhammad Talah,80049-3479172-9,Not-Found,Single,A+,1/1/1990,1,1,1,job,Pakistani,"Lahore,Pakistan",03064979768,03064979768,,,,No,,,Not-Found,General Fitness,1,,,,
1488,AGL-001488,20-Jun-26,Individual,1,Not Paid,20/08/2026,asif kamal,asifkamalagl-001488@gmail.com,Muhammad asif kamal,53342-0327909-1,Not-Found,Single,A+,1/1/1990,1,1,1,job,Pakistani,"Lahore,Pakistan",03127543981,03127543981,,,,No,,,Not-Found,General Fitness,1,,,,
1489,AGL-001489,16-Jun-26,Individual,1,Not Paid,16/08/2026,muhammad bilAL,muhammadbilalagl-001489@gmail.com,Muhammad muhammad bilAL,24556-6542201-6,Not-Found,Single,A+,1/1/1990,1,1,1,job,Pakistani,"Lahore,Pakistan",03034461320,03034461320,,,,No,,,Not-Found,General Fitness,1,,,,
1490,AGL-001490,16-Jun-26,Individual,1,Not Paid,16/08/2026,sultan mehmood,sultanmehmoodagl-001490@gmail.com,Muhammad sultan mehmood,60201-4094602-1,Not-Found,Single,A+,1/1/1990,1,1,1,job,Pakistani,"Lahore,Pakistan",03013885112,03013885112,,,,No,,,Not-Found,General Fitness,1,,,,
1491,AGL-001491,22-Apr-26,Individual,1,Not Paid,22/08/2026,rana mohsin,ranamohsinagl-001491@gmail.com,Muhammad rana mohsin,96479-4350520-9,Not-Found,Single,A+,1/1/1990,1,1,1,job,Pakistani,"Lahore,Pakistan",03083437707,03083437707,,,,No,,,Not-Found,General Fitness,1,,,,
1492,AGL-001492,23-Apr-26,Individual,1,Not Paid,23/08/2026,salman,salmanagl-001492@gmail.com,Muhammad salman,98205-4433378-5,Not-Found,Single,A+,1/1/1990,1,1,1,job,Pakistani,"Lahore,Pakistan",03164442369,03164442369,,,,No,,,Not-Found,General Fitness,1,,,,
1493,AGL-001493,23-Apr-26,Individual,1,Not Paid,23/08/2026,rafay,rafayagl-001493@gmail.com,Muhammad rafay,68495-5581327-7,Not-Found,Single,A+,1/1/1990,1,1,1,job,Pakistani,"Lahore,Pakistan",03077070495,03077070495,,,,No,,,Not-Found,General Fitness,1,,,,
1494,AGL-001494,16-Jun-26,Individual,1,Not Paid,16/08/2026,Abdullah,abdullahagl-001494@gmail.com,Muhammad Abdullah,68587-5653849-4,Not-Found,Single,A+,1/1/1990,1,1,1,job,Pakistani,"Lahore,Pakistan",03249429129,03249429129,,,,No,,,Not-Found,General Fitness,1,,,,
1495,AGL-001495,29-Apr-26,Individual,1,Not Paid,29/08/2026,Hasaan but,hasaanbutagl-001495@gmail.com,Muhammad Hasaan but,06850-5746039-8,Not-Found,Single,A+,1/1/1990,1,1,1,job,Pakistani,"Lahore,Pakistan",03229400449,03229400449,,,,No,,,Not-Found,General Fitness,1,,,,
1496,AGL-001496,30-Apr-26,Individual,1,Not Paid,30/08/2026,Syed Ali,syedaliagl-001496@gmail.com,Muhammad Syed Ali,30407-3286970-3,Not-Found,Single,A+,1/1/1990,1,1,1,job,Pakistani,"Lahore,Pakistan",03714222821,03714222821,,,,No,,,Not-Found,General Fitness,1,,,,
1497,AGL-009496,30-Apr-26,Individual,1,Not Paid,30/08/2026,Lubnsa,lubnsaagl-001496@gmail.com,Muhammad Lubnsa,32890-6749978-0,Not-Found,Single,A+,1/1/1990,1,1,1,job,Pakistani,"Lahore,Pakistan",03000001496,03000001496,,,,No,,,Not-Found,General Fitness,1,,,,
1498,AGL-001497,12-Jun-26,Individual,1,Not Paid,12/8/2026,ahtisham saeed,ahtishamsaeedagl-001497@gmail.com,Muhammad ahtisham saeed,13322-1653234-9,Not-Found,Single,A+,1/1/1990,1,1,1,job,Pakistani,"Lahore,Pakistan",03290904336,03290904336,,,,No,,,Not-Found,General Fitness,1,,,,
1499,AGL-001498,1-May-26,Individual,1,Not Paid,1/8/2026,muhammad suleman,muhammadsulemanagl-001498@gmail.com,Muhammad muhammad suleman,42002-6351577-4,Not-Found,Single,A+,1/1/1990,1,1,1,job,Pakistani,"Lahore,Pakistan",03084648376,03084648376,,,,No,,,Not-Found,General Fitness,1,,,,
1500,AGL-001499,1-May-26,Individual,1,Not Paid,1/8/2026,aman,amanagl-001499@gmail.com,Muhammad aman,09847-8755886-6,Not-Found,Single,A+,1/1/1990,1,1,1,job,Pakistani,"Lahore,Pakistan",03224598113,03224598113,,,,No,,,Not-Found,General Fitness,1,,,,
1501,AGL-001500,2-May-26,Individual,1,Not Paid,2/8/2026,nouman,noumanagl-001500@gmail.com,Muhammad nouman,92834-9885176-9,Not-Found,Single,A+,1/1/1990,1,1,1,job,Pakistani,"Lahore,Pakistan",03029819670,03029819670,,,,No,,,Not-Found,General Fitness,1,,,,
1502,AGL-001501,2-May-26,Individual,1,Not Paid,2/8/2026,awais gudu,awaisguduagl-001501@gmail.com,Muhammad awais gudu,34458-7736709-5,Not-Found,Single,A+,1/1/1990,1,1,1,job,Pakistani,"Lahore,Pakistan",03236538468,03236538468,,,,No,,,Not-Found,General Fitness,1,,,,
1503,AGL-001502,10-Jun-26,Individual,1,Not Paid,10/8/2026,Sharoon,sharoonagl-001502@gmail.com,Muhammad Sharoon,59514-8108907-7,Not-Found,Single,A+,1/1/1990,1,1,1,job,Pakistani,"Lahore,Pakistan",03099466655,03099466655,,,,No,,,Not-Found,General Fitness,1,,,,
1504,AGL-001503,8-Jun-26,Individual,1,Not Paid,8/8/2026,M JAHANZEB,mjahanzebagl-001503@gmail.com,Muhammad M JAHANZEB,23156-1939641-5,Not-Found,Single,A+,1/1/1990,1,1,1,job,Pakistani,"Lahore,Pakistan",03075130427,03075130427,,,,No,,,Not-Found,General Fitness,1,,,,
1505,AGL-001504,4-May-26,Individual,1,Not Paid,4/8/2026,Shoab,shoabagl-001504@gmail.com,Muhammad Shoab,53965-8475606-6,Not-Found,Single,A+,1/1/1990,1,1,1,job,Pakistani,"Lahore,Pakistan",03414269397,03414269397,,,,No,,,Not-Found,General Fitness,1,,,,
1506,AGL-001505,12-Jun-26,Individual,1,Not Paid,12/8/2026,SHOAIB,shoaibagl-001505@gmail.com,Muhammad SHOAIB,28530-3687756-1,Not-Found,Single,A+,1/1/1990,1,1,1,job,Pakistani,"Lahore,Pakistan",03414269397,03414269397,,,,No,,,Not-Found,General Fitness,1,,,,
1507,AGL-001506,4-May-26,Individual,1,Not Paid,4/8/2026,Farhad,farhadagl-001506@gmail.com,Muhammad Farhad,15604-8555800-7,Not-Found,Single,A+,1/1/1990,1,1,1,job,Pakistani,"Lahore,Pakistan",03255022523,03255022523,,,,No,,,Not-Found,General Fitness,1,,,,
1508,AGL-001507,5-May-26,Individual,1,Not Paid,5/8/2026,M.Adeel,m.adeelagl-001507@gmail.com,Muhammad M.Adeel,99858-2009098-8,Not-Found,Single,A+,1/1/1990,1,1,1,job,Pakistani,"Lahore,Pakistan",03014239017,03014239017,,,,No,,,Not-Found,General Fitness,1,,,,
1509,AGL-001508,5-May-26,Individual,1,Not Paid,5/8/2026,Shaleen,shaleenagl-001508@gmail.com,Muhammad Shaleen,72061-0047901-9,Not-Found,Single,A+,1/1/1990,1,1,1,job,Pakistani,"Lahore,Pakistan",03099466655,03099466655,,,,No,,,Not-Found,General Fitness,1,,,,
1510,AGL-001509,5-May-26,Individual,1,Not Paid,5/8/2026,ALI HAIDER,alihaideragl-001509@gmail.com,Muhammad ALI HAIDER,53044-2528036-2,Not-Found,Single,A+,1/1/1990,1,1,1,job,Pakistani,"Lahore,Pakistan",03052589227,03052589227,,,,No,,,Not-Found,General Fitness,1,,,,
1511,AGL-001510,5-May-26,Individual,1,Not Paid,5/8/2026,WAQAR,waqaragl-001510@gmail.com,Muhammad WAQAR,90551-6141703-4,Not-Found,Single,A+,1/1/1990,1,1,1,job,Pakistani,"Lahore,Pakistan",03485975920,03485975920,,,,No,,,Not-Found,General Fitness,1,,,,
1512,AGL-001511,5-May-26,Individual,1,Not Paid,5/8/2026,khurram,khurramagl-001511@gmail.com,Muhammad khurram,48612-6866516-3,Not-Found,Single,A+,1/1/1990,1,1,1,job,Pakistani,"Lahore,Pakistan",03464338815,03464338815,,,,No,,,Not-Found,General Fitness,1,,,,
1513,AGL-001512,6-May-26,Individual,1,Not Paid,6/8/2026,Farhad,farhadagl-001512@gmail.com,Muhammad Farhad,92923-3506542-6,Not-Found,Single,A+,1/1/1990,1,1,1,job,Pakistani,"Lahore,Pakistan",03476740495,03476740495,,,,No,,,Not-Found,General Fitness,1,,,,
1514,AGL-001513,6-Jul-26,Individual,1,Not Paid,6/8/2026,HAMZA SAMI,hamzasamiagl-001513@gmail.com,Muhammad HAMZA SAMI,79323-5193184-0,Not-Found,Single,A+,1/1/1990,1,1,1,job,Pakistani,"Lahore,Pakistan",03244284622,03244284622,,,,No,,,Not-Found,General Fitness,1,,,,
1515,AGL-001514,6-Jul-26,Individual,1,Not Paid,6/8/2026,MUBASHIR,mubashiragl-001514@gmail.com,Muhammad MUBASHIR,57041-8155759-9,Not-Found,Single,A+,1/1/1990,1,1,1,job,Pakistani,"Lahore,Pakistan",03200001466,03200001466,,,,No,,,Not-Found,General Fitness,1,,,,
1516,AGL-001515,6-May-26,Individual,1,Not Paid,6/8/2026,M Shafiq,mshafiqagl-001515@gmail.com,Muhammad M Shafiq,99512-0310559-4,Not-Found,Single,A+,1/1/1990,1,1,1,job,Pakistani,"Lahore,Pakistan",03255019343,03255019343,,,,No,,,Not-Found,General Fitness,1,,,,
1517,AGL-001516,6-May-26,Individual,1,Not Paid,6/8/2026,Nouraiz,nouraizagl-001516@gmail.com,Muhammad Nouraiz,36586-7407292-0,Not-Found,Single,A+,1/1/1990,1,1,1,job,Pakistani,"Lahore,Pakistan",03175941865,03175941865,,,,No,,,Not-Found,General Fitness,1,,,,
1518,AGL-001517,7-May-26,Individual,1,Not Paid,7/8/2026,M FURQAN,mfurqanagl-001517@gmail.com,Muhammad M FURQAN,96032-2461057-8,Not-Found,Single,A+,1/1/1990,1,1,1,job,Pakistani,"Lahore,Pakistan",03086527105,03086527105,,,,No,,,Not-Found,General Fitness,1,,,,
1519,AGL-001518,8-May-26,Individual,1,Not Paid,8/8/2026,shehzad,shehzadagl-001518@gmail.com,Muhammad shehzad,75063-7657648-9,Not-Found,Single,A+,1/1/1990,1,1,1,job,Pakistani,"Lahore,Pakistan",03297165933,03297165933,,,,No,,,Not-Found,General Fitness,1,,,,
1520,AGL-001519,8-May-26,Individual,1,Not Paid,8/8/2026,Alli Raza,allirazaagl-001519@gmail.com,Muhammad Alli Raza,68243-4244209-8,Not-Found,Single,A+,1/1/1990,1,1,1,job,Pakistani,"Lahore,Pakistan",03099535330,03099535330,,,,No,,,Not-Found,General Fitness,1,,,,
1521,AGL-001520,9-May-26,Individual,1,Not Paid,9/8/2026,Farooq shah,farooqshahagl-001520@gmail.com,Muhammad Farooq shah,44498-0692251-8,Not-Found,Single,A+,1/1/1990,1,1,1,job,Pakistani,"Lahore,Pakistan",03224598076,03224598076,,,,No,,,Not-Found,General Fitness,1,,,,
1522,AGL-001521,20-Jun-26,Individual,1,Not Paid,20/08/2026,ABDULLAH AQEEL,abdullahaqeelagl-001521@gmail.com,Muhammad ABDULLAH AQEEL,27948-5403848-6,Not-Found,Single,A+,1/1/1990,1,1,1,job,Pakistani,"Lahore,Pakistan",03135207271,03135207271,,,,No,,,Not-Found,General Fitness,1,,,,
1523,AGL-001522,11-May-26,Individual,1,Not Paid,11/8/2026,FAZAL WAHID,fazalwahidagl-001522@gmail.com,Muhammad FAZAL WAHID,65446-1373664-4,Not-Found,Single,A+,1/1/1990,1,1,1,job,Pakistani,"Lahore,Pakistan",03497489247,03497489247,,,,No,,,Not-Found,General Fitness,1,,,,
1524,AGL-001523,11-May-26,Individual,1,Not Paid,11/8/2026,ali hassan,alihassanagl-001523@gmail.com,Muhammad ali hassan,72581-2199600-4,Not-Found,Single,A+,1/1/1990,1,1,1,job,Pakistani,"Lahore,Pakistan",03000001523,03000001523,,,,No,,,Not-Found,General Fitness,1,,,,
1525,AGL-001524,11-May-26,Individual,1,Not Paid,11/8/2026,Ali Hassan,alihassanagl-001524@gmail.com,Muhammad Ali Hassan,87421-6106069-7,Not-Found,Single,A+,1/1/1990,1,1,1,job,Pakistani,"Lahore,Pakistan",03017304397,03017304397,,,,No,,,Not-Found,General Fitness,1,,,,
1526,AGL-001525,11-May-26,Individual,1,Not Paid,11/8/2026,abdullah,abdullahagl-001525@gmail.com,Muhammad abdullah,69359-8618570-8,Not-Found,Single,A+,1/1/1990,1,1,1,job,Pakistani,"Lahore,Pakistan",03323389911,03323389911,,,,No,,,Not-Found,General Fitness,1,,,,
1527,AGL-001526,12-May-26,Individual,1,Not Paid,12/8/2026,Shakeel ahmed,shakeelahmedagl-001526@gmail.com,Muhammad Shakeel ahmed,59440-5753749-5,Not-Found,Single,A+,1/1/1990,1,1,1,job,Pakistani,"Lahore,Pakistan",03177350526,03177350526,,,,No,,,Not-Found,General Fitness,1,,,,
1528,AGL-001527,12-May-26,Individual,1,Not Paid,12/8/2026,Wasay,wasayagl-001527@gmail.com,Muhammad Wasay,63136-2267191-3,Not-Found,Single,A+,1/1/1990,1,1,1,job,Pakistani,"Lahore,Pakistan",03234947193,03234947193,,,,No,,,Not-Found,General Fitness,1,,,,
1529,AGL-001528,17-Jun-26,Individual,1,Not Paid,17/08/2026,Rafay,rafayagl-001528@gmail.com,Muhammad Rafay,92778-9038654-2,Not-Found,Single,A+,1/1/1990,1,1,1,job,Pakistani,"Lahore,Pakistan",03220750040,03220750040,,,,No,,,Not-Found,General Fitness,1,,,,
1530,AGL-001529,18-Jun-26,Individual,1,Not Paid,18/08/2026,Wusqa,wusqaagl-001529@gmail.com,Muhammad Wusqa,20367-5446329-3,Not-Found,Single,A+,1/1/1990,1,1,1,job,Pakistani,"Lahore,Pakistan",03286483265,03286483265,,,,No,,,Not-Found,General Fitness,1,,,,
1531,AGL-001530,20-Jun-26,Individual,1,Not Paid,20/08/2026,haroon rashid,haroonrashidagl-001530@gmail.com,Muhammad haroon rashid,73517-1106047-1,Not-Found,Single,A+,1/1/1990,1,1,1,job,Pakistani,"Lahore,Pakistan",03281124489,03281124489,,,,No,,,Not-Found,General Fitness,1,,,,
1532,AGL-001531,9-Jun-26,Individual,1,Not Paid,9/8/2026,Nusrat,nusratagl-001531@gmail.com,Muhammad Nusrat,57955-0060093-6,Not-Found,Single,A+,1/1/1990,1,1,1,job,Pakistani,"Lahore,Pakistan",03245449132,03245449132,,,,No,,,Not-Found,General Fitness,1,,,,
1533,AGL-001532,12-May-26,Individual,1,Not Paid,12/8/2026,Abdul Rehman,abdulrehmanagl-001532@gmail.com,Muhammad Abdul Rehman,48909-9969782-8,Not-Found,Single,A+,1/1/1990,1,1,1,job,Pakistani,"Lahore,Pakistan",03045684461,03045684461,,,,No,,,Not-Found,General Fitness,1,,,,
1534,AGL-001533,13-May-26,Individual,1,Not Paid,13/08/2026,Saad Ullah,saadullahagl-001533@gmail.com,Muhammad Saad Ullah,76588-2112056-1,Not-Found,Single,A+,1/1/1990,1,1,1,job,Pakistani,"Lahore,Pakistan",03204797873,03204797873,,,,No,,,Not-Found,General Fitness,1,,,,
1535,AGL-001534,22-Jun-26,Individual,1,Not Paid,22/08/2026,Adil,adilagl-001534@gmail.com,Muhammad Adil,10773-6030992-3,Not-Found,Single,A+,1/1/1990,1,1,1,job,Pakistani,"Lahore,Pakistan",03400450998,03400450998,,,,No,,,Not-Found,General Fitness,1,,,,
1536,AGL-001535,17-Jun-26,Individual,1,Not Paid,17/08/2026,Junaid rauf,junaidraufagl-001535@gmail.com,Muhammad Junaid rauf,84163-9122053-3,Not-Found,Single,A+,1/1/1990,1,1,1,job,Pakistani,"Lahore,Pakistan",03092018716,03092018716,,,,No,,,Not-Found,General Fitness,1,,,,
1537,AGL-001536,14-May-26,Individual,1,Not Paid,14/08/2026,Hammad Hassan,hammadhassanagl-001536@gmail.com,Muhammad Hammad Hassan,28999-5022256-8,Not-Found,Single,A+,1/1/1990,1,1,1,job,Pakistani,"Lahore,Pakistan",03301598484,03301598484,,,,No,,,Not-Found,General Fitness,1,,,,
1538,AGL-001537,15-May-26,Individual,1,Not Paid,15/08/2026,Abssa,abssaagl-001537@gmail.com,Muhammad Abssa,31579-2156726-0,Not-Found,Single,A+,1/1/1990,1,1,1,job,Pakistani,"Lahore,Pakistan",03056931902,03056931902,,,,No,,,Not-Found,General Fitness,1,,,,
1539,AGL-001538,15-May-26,Individual,1,Not Paid,15/08/2026,Rofail hassan,rofailhassanagl-001538@gmail.com,Muhammad Rofail hassan,51801-8546880-0,Not-Found,Single,A+,1/1/1990,1,1,1,job,Pakistani,"Lahore,Pakistan",03177617418,03177617418,,,,No,,,Not-Found,General Fitness,1,,,,
1540,AGL-001539,15-May-26,Individual,1,Not Paid,15/08/2026,Akram bhai,akrambhaiagl-001539@gmail.com,Muhammad Akram bhai,22411-4179713-3,Not-Found,Single,A+,1/1/1990,1,1,1,job,Pakistani,"Lahore,Pakistan",03218201680,03218201680,,,,No,,,Not-Found,General Fitness,1,,,,
1541,AGL-001540,18-May-26,Individual,1,Not Paid,18/08/2026,haseeb ali,haseebaliagl-001540@gmail.com,Muhammad haseeb ali,75347-9040607-9,Not-Found,Single,A+,1/1/1990,1,1,1,job,Pakistani,"Lahore,Pakistan",03164138022,03164138022,,,,No,,,Not-Found,General Fitness,1,,,,
1542,AGL-001541,18-Jun-26,Individual,1,Not Paid,18/08/2026,muhammad furqan baig,muhammadfurqanbaigagl-001541@gmail.com,Muhammad muhammad furqan baig,69593-5680797-9,Not-Found,Single,A+,1/1/1990,1,1,1,job,Pakistani,"Lahore,Pakistan",03149326710,03149326710,,,,No,,,Not-Found,General Fitness,1,,,,
1543,AGL-001542,18-May-26,Individual,1,Not Paid,18/08/2026,anas sabdullah,anassabdullahagl-001542@gmail.com,Muhammad anas sabdullah,59331-5968935-3,Not-Found,Single,A+,1/1/1990,1,1,1,job,Pakistani,"Lahore,Pakistan",03401498017,03401498017,,,,No,,,Not-Found,General Fitness,1,,,,
1544,AGL-001543,19-May-26,Individual,1,Not Paid,19/08/2026,Sheraz,sherazagl-001543@gmail.com,Muhammad Sheraz,46092-0386757-2,Not-Found,Single,A+,1/1/1990,1,1,1,job,Pakistani,"Lahore,Pakistan",03084279290,03084279290,,,,No,,,Not-Found,General Fitness,1,,,,
1545,AGL-001544,19-May-26,Individual,1,Not Paid,19/08/2026,muhammad ahmed,muhammadahmedagl-001544@gmail.com,Muhammad muhammad ahmed,16334-5194879-9,Not-Found,Single,A+,1/1/1990,1,1,1,job,Pakistani,"Lahore,Pakistan",03336997720,03336997720,,,,No,,,Not-Found,General Fitness,1,,,,
1546,AGL-001545,20-May-26,Individual,1,Not Paid,20/08/2026,Shawaiz,shawaizagl-001545@gmail.com,Muhammad Shawaiz,04717-2976836-5,Not-Found,Single,A+,1/1/1990,1,1,1,job,Pakistani,"Lahore,Pakistan",03095464452,03095464452,,,,No,,,Not-Found,General Fitness,1,,,,
1547,AGL-001546,20-May-26,Individual,1,Not Paid,20/08/2026,Talha,talhaagl-001546@gmail.com,Muhammad Talha,57178-6297804-5,Not-Found,Single,A+,1/1/1990,1,1,1,job,Pakistani,"Lahore,Pakistan",03134916157,03134916157,,,,No,,,Not-Found,General Fitness,1,,,,
1548,AGL-001547,20-May-26,Individual,1,Not Paid,20/08/2026,Anas,anasagl-001547@gmail.com,Muhammad Anas,77116-4764677-3,Not-Found,Single,A+,1/1/1990,1,1,1,job,Pakistani,"Lahore,Pakistan",03192994031,03192994031,,,,No,,,Not-Found,General Fitness,1,,,,
1549,AGL-001548,20-May-26,Individual,1,Not Paid,20/08/2026,ali raza,alirazaagl-001548@gmail.com,Muhammad ali raza,80463-1891767-1,Not-Found,Single,A+,1/1/1990,1,1,1,job,Pakistani,"Lahore,Pakistan",03240614379,03240614379,,,,No,,,Not-Found,General Fitness,1,,,,
1550,AGL-001549,21-May-26,Individual,1,Not Paid,21/08/2026,ibrar,ibraragl-001549@gmail.com,Muhammad ibrar,65945-5811204-7,Not-Found,Single,A+,1/1/1990,1,1,1,job,Pakistani,"Lahore,Pakistan",03127593166,03127593166,,,,No,,,Not-Found,General Fitness,1,,,,
1551,AGL-001550,23-May-26,Individual,1,Not Paid,23/08/2026,Zeeshan Shkoor,zeeshanshkooragl-001550@gmail.com,Muhammad Zeeshan Shkoor,49204-5304324-4,Not-Found,Single,A+,1/1/1990,1,1,1,job,Pakistani,"Lahore,Pakistan",03014450607,03014450607,,,,No,,,Not-Found,General Fitness,1,,,,
1552,AGL-001551,23-May-26,Individual,1,Not Paid,23/08/2026,M.Faraz,m.farazagl-001551@gmail.com,Muhammad M.Faraz,71125-2258225-6,Not-Found,Single,A+,1/1/1990,1,1,1,job,Pakistani,"Lahore,Pakistan",03064256202,03064256202,,,,No,,,Not-Found,General Fitness,1,,,,
1553,AGL-001552,1-Jun-26,Individual,1,Not Paid,1/8/2026,Hamza Shehzad,hamzashehzadagl-001552@gmail.com,Muhammad Hamza Shehzad,99413-9797082-1,Not-Found,Single,A+,1/1/1990,1,1,1,job,Pakistani,"Lahore,Pakistan",03233679628,03233679628,,,,No,,,Not-Found,General Fitness,1,,,,
1554,AGL-001553,1-Jun-26,Individual,1,Not Paid,1/8/2026,Ali,aliagl-001553@gmail.com,Muhammad Ali,44699-7248569-3,Not-Found,Single,A+,1/1/1990,1,1,1,job,Pakistani,"Lahore,Pakistan",03288543938,03288543938,,,,No,,,Not-Found,General Fitness,1,,,,
1555,AGL-001554,2-Jun-26,Individual,1,Not Paid,2/8/2026,taha,tahaagl-001554@gmail.com,Muhammad taha,23119-5845125-6,Not-Found,Single,A+,1/1/1990,1,1,1,job,Pakistani,"Lahore,Pakistan",03281018640,03281018640,,,,No,,,Not-Found,General Fitness,1,,,,
1556,AGL-001555,2-Jun-26,Individual,1,Not Paid,2/8/2026,Khurram Shahzad,khurramshahzadagl-001555@gmail.com,Muhammad Khurram Shahzad,15417-0679065-8,Not-Found,Single,A+,1/1/1990,1,1,1,job,Pakistani,"Lahore,Pakistan",03228983999,03228983999,,,,No,,,Not-Found,General Fitness,1,,,,
1557,AGL-001556,2-Jun-26,Individual,1,Not Paid,2/8/2026,Azeem Ahmad,azeemahmadagl-001556@gmail.com,Muhammad Azeem Ahmad,77474-2125168-2,Not-Found,Single,A+,1/1/1990,1,1,1,job,Pakistani,"Lahore,Pakistan",03000001556,03000001556,,,,No,,,Not-Found,General Fitness,1,,,,
1558,AGL-001557,3-Jul-26,Individual,1,Not Paid,3/8/2026,M Anas,manasagl-001557@gmail.com,Muhammad M Anas,50303-4157794-9,Not-Found,Single,A+,1/1/1990,1,1,1,job,Pakistani,"Lahore,Pakistan",03124830043,03124830043,,,,No,,,Not-Found,General Fitness,1,,,,
1559,AGL-001558,2-Jun-26,Individual,1,Not Paid,2/8/2026,gufran,gufranagl-001558@gmail.com,Muhammad gufran,34153-7455692-3,Not-Found,Single,A+,1/1/1990,1,1,1,job,Pakistani,"Lahore,Pakistan",03228045638,03228045638,,,,No,,,Not-Found,General Fitness,1,,,,
1560,AGL-001559,2-Jun-26,Individual,1,Not Paid,2/8/2026,mehfooz,mehfoozagl-001559@gmail.com,Muhammad mehfooz,66623-4539441-9,Not-Found,Single,A+,1/1/1990,1,1,1,job,Pakistani,"Lahore,Pakistan",03020377739,03020377739,,,,No,,,Not-Found,General Fitness,1,,,,
1561,AGL-001560,3-Jun-26,Individual,1,Not Paid,3/8/2026,Tallal,tallalagl-001560@gmail.com,Muhammad Tallal,18826-4551769-1,Not-Found,Single,A+,1/1/1990,1,1,1,job,Pakistani,"Lahore,Pakistan",03008037475,03008037475,,,,No,,,Not-Found,General Fitness,1,,,,
1562,AGL-001561,6-Jul-26,Individual,1,Not Paid,6/8/2026,Arun,arunagl-001561@gmail.com,Muhammad Arun,12004-3458864-6,Not-Found,Single,A+,1/1/1990,1,1,1,job,Pakistani,"Lahore,Pakistan",03254000097,03254000097,,,,No,,,Not-Found,General Fitness,1,,,,
1563,AGL-001562,6-Jul-26,Individual,1,Not Paid,6/8/2026,Zohan,zohanagl-001562@gmail.com,Muhammad Zohan,81916-9159100-0,Not-Found,Single,A+,1/1/1990,1,1,1,job,Pakistani,"Lahore,Pakistan",03254000097,03254000097,,,,No,,,Not-Found,General Fitness,1,,,,
1564,AGL-001563,3-Jun-26,Individual,1,Not Paid,3/8/2026,saif ali,saifaliagl-001563@gmail.com,Muhammad saif ali,75889-8875495-8,Not-Found,Single,A+,1/1/1990,1,1,1,job,Pakistani,"Lahore,Pakistan",03000721225,03000721225,,,,No,,,Not-Found,General Fitness,1,,,,
1565,AGL-001564,4-Jun-26,Individual,1,Not Paid,4/8/2026,Ali Abid,aliabidagl-001564@gmail.com,Muhammad Ali Abid,07724-9790253-9,Not-Found,Single,A+,1/1/1990,1,1,1,job,Pakistani,"Lahore,Pakistan",03237849567,03237849567,,,,No,,,Not-Found,General Fitness,1,,,,
1566,AGL-001565,4-Jun-26,Individual,1,Not Paid,4/8/2026,muhammad shahzad,muhammadshahzadagl-001565@gmail.com,Muhammad muhammad shahzad,03077-1182521-1,Not-Found,Single,A+,1/1/1990,1,1,1,job,Pakistani,"Lahore,Pakistan",03044198123,03044198123,,,,No,,,Not-Found,General Fitness,1,,,,
1567,AGL-001566,4-Jun-26,Individual,1,Not Paid,4/8/2026,ali raza,alirazaagl-001566@gmail.com,Muhammad ali raza,19707-7545134-5,Not-Found,Single,A+,1/1/1990,1,1,1,job,Pakistani,"Lahore,Pakistan",03160659618,03160659618,,,,No,,,Not-Found,General Fitness,1,,,,
1568,AGL-001567,4-Jun-26,Individual,1,Not Paid,4/8/2026,hijab zara,hijabzaraagl-001567@gmail.com,Muhammad hijab zara,40189-7920628-2,Not-Found,Single,A+,1/1/1990,1,1,1,job,Pakistani,"Lahore,Pakistan",03264690890,03264690890,,,,No,,,Not-Found,General Fitness,1,,,,
1569,AGL-001568,4-Jun-26,Individual,1,Not Paid,4/8/2026,aroosa,aroosaagl-001568@gmail.com,Muhammad aroosa,39375-4058419-8,Not-Found,Single,A+,1/1/1990,1,1,1,job,Pakistani,"Lahore,Pakistan",03294554552,03294554552,,,,No,,,Not-Found,General Fitness,1,,,,
1570,AGL-001569,6-Jul-26,Individual,1,Not Paid,6/8/2026,sajjad,sajjadagl-001569@gmail.com,Muhammad sajjad,50649-9002085-0,Not-Found,Single,A+,1/1/1990,1,1,1,job,Pakistani,"Lahore,Pakistan",03111430485,03111430485,,,,No,,,Not-Found,General Fitness,1,,,,
1571,AGL-001570,5-Jun-26,Individual,1,Not Paid,5/8/2026,M.Azhar,m.azharagl-001570@gmail.com,Muhammad M.Azhar,92416-8221910-0,Not-Found,Single,A+,1/1/1990,1,1,1,job,Pakistani,"Lahore,Pakistan",03347672108,03347672108,,,,No,,,Not-Found,General Fitness,1,,,,
1572,AGL-001571,6-Jun-26,Individual,1,Not Paid,6/8/2026,muhmmad awais shahid,muhmmadawaisshahidagl-001571@gmail.com,Muhammad muhmmad awais shahid,84691-1419783-1,Not-Found,Single,A+,1/1/1990,1,1,1,job,Pakistani,"Lahore,Pakistan",03461431976,03461431976,,,,No,,,Not-Found,General Fitness,1,,,,
1573,AGL-001572,8-Jun-26,Individual,1,Not Paid,8/8/2026,Raza ali,razaaliagl-001572@gmail.com,Muhammad Raza ali,71451-9155435-9,Not-Found,Single,A+,1/1/1990,1,1,1,job,Pakistani,"Lahore,Pakistan",03024411829,03024411829,,,,No,,,Not-Found,General Fitness,1,,,,
1574,AGL-001573,8-Jun-26,Individual,1,Not Paid,8/8/2026,Uzair,uzairagl-001573@gmail.com,Muhammad Uzair,71217-2028523-3,Not-Found,Single,A+,1/1/1990,1,1,1,job,Pakistani,"Lahore,Pakistan",03227649953,03227649953,,,,No,,,Not-Found,General Fitness,1,,,,
1575,AGL-001574,8-Jun-26,Individual,1,Not Paid,8/8/2026,Syed Roym,syedroymagl-001574@gmail.com,Muhammad Syed Roym,96015-9144565-5,Not-Found,Single,A+,1/1/1990,1,1,1,job,Pakistani,"Lahore,Pakistan",03234185716,03234185716,,,,No,,,Not-Found,General Fitness,1,,,,
1576,AGL-001575,8-Jun-26,Individual,1,Not Paid,8/8/2026,Ahmad Zulfiqar,ahmadzulfiqaragl-001575@gmail.com,Muhammad Ahmad Zulfiqar,39509-1988104-6,Not-Found,Single,A+,1/1/1990,1,1,1,job,Pakistani,"Lahore,Pakistan",03176535550,03176535550,,,,No,,,Not-Found,General Fitness,1,,,,
1577,AGL-001576,8-Jun-26,Individual,1,Not Paid,8/8/2026,Khawar,khawaragl-001576@gmail.com,Muhammad Khawar,52678-4935071-4,Not-Found,Single,A+,1/1/1990,1,1,1,job,Pakistani,"Lahore,Pakistan",03093542161,03093542161,,,,No,,,Not-Found,General Fitness,1,,,,
1578,AGL-001577,9-Jun-26,Individual,1,Not Paid,9/8/2026,M.Awais,m.awaisagl-001577@gmail.com,Muhammad M.Awais,95339-7745447-8,Not-Found,Single,A+,1/1/1990,1,1,1,job,Pakistani,"Lahore,Pakistan",03184170751,03184170751,,,,No,,,Not-Found,General Fitness,1,,,,
1579,AGL-001578,9-Jun-26,Individual,1,Not Paid,9/8/2026,Araiz,araizagl-001578@gmail.com,Muhammad Araiz,84345-3452153-1,Not-Found,Single,A+,1/1/1990,1,1,1,job,Pakistani,"Lahore,Pakistan",03072650353,03072650353,,,,No,,,Not-Found,General Fitness,1,,,,
1580,AGL-001579,7-Jul-26,Individual,1,Not Paid,7/8/2026,Fahad,fahadagl-001579@gmail.com,Muhammad Fahad,99311-3448160-0,Not-Found,Single,A+,1/1/1990,1,1,1,job,Pakistani,"Lahore,Pakistan",03174050299,03174050299,,,,No,,,Not-Found,General Fitness,1,,,,
1581,AGL-001580,9-Jun-26,Individual,1,Not Paid,9/8/2026,ali zaib,alizaibagl-001580@gmail.com,Muhammad ali zaib,15235-2878412-8,Not-Found,Single,A+,1/1/1990,1,1,1,job,Pakistani,"Lahore,Pakistan",03009133567,03009133567,,,,No,,,Not-Found,General Fitness,1,,,,
1582,AGL-001581,9-Jun-26,Individual,1,Not Paid,9/8/2026,Christopher,christopheragl-001581@gmail.com,Muhammad Christopher,08075-9953590-3,Not-Found,Single,A+,1/1/1990,1,1,1,job,Pakistani,"Lahore,Pakistan",03164710954,03164710954,,,,No,,,Not-Found,General Fitness,1,,,,
1583,AGL-001582,9-Jun-26,Individual,1,Not Paid,9/8/2026,umar sadiq,umarsadiqagl-001582@gmail.com,Muhammad umar sadiq,60993-4981521-3,Not-Found,Single,A+,1/1/1990,1,1,1,job,Pakistani,"Lahore,Pakistan",03084948464,03084948464,,,,No,,,Not-Found,General Fitness,1,,,,
1584,AGL-001583,9-Jun-26,Individual,1,Not Paid,9/8/2026,aftab arthur,aftabarthuragl-001583@gmail.com,Muhammad aftab arthur,26032-5766800-9,Not-Found,Single,A+,1/1/1990,1,1,1,job,Pakistani,"Lahore,Pakistan",03374804185,03374804185,,,,No,,,Not-Found,General Fitness,1,,,,
1585,AGL-001584,9-Jun-26,Individual,1,Not Paid,9/8/2026,Sharoon,sharoonagl-001584@gmail.com,Muhammad Sharoon,22911-8813805-4,Not-Found,Single,A+,1/1/1990,1,1,1,job,Pakistani,"Lahore,Pakistan",03001351725,03001351725,,,,No,,,Not-Found,General Fitness,1,,,,
1586,AGL-001585,9-Jun-26,Individual,1,Not Paid,9/8/2026,Suhanullah,suhanullahagl-001585@gmail.com,Muhammad Suhanullah,61836-4315363-0,Not-Found,Single,A+,1/1/1990,1,1,1,job,Pakistani,"Lahore,Pakistan",03158527212,03158527212,,,,No,,,Not-Found,General Fitness,1,,,,
1587,AGL-001586,9-Jun-26,Individual,1,Not Paid,9/8/2026,Adnan Shaikh,adnanshaikhagl-001586@gmail.com,Muhammad Adnan Shaikh,74676-3184643-5,Not-Found,Single,A+,1/1/1990,1,1,1,job,Pakistani,"Lahore,Pakistan",03254400006,03254400006,,,,No,,,Not-Found,General Fitness,1,,,,
1588,AGL-001587,9-Jun-26,Individual,1,Not Paid,9/8/2026,haseeb gujjar,haseebgujjaragl-001587@gmail.com,Muhammad haseeb gujjar,67070-2141974-7,Not-Found,Single,A+,1/1/1990,1,1,1,job,Pakistani,"Lahore,Pakistan",03214965287,03214965287,,,,No,,,Not-Found,General Fitness,1,,,,
1589,AGL-001588,10-Jun-26,Individual,1,Not Paid,10/8/2026,hamza,hamzaagl-001588@gmail.com,Muhammad hamza,84100-8127162-9,Not-Found,Single,A+,1/1/1990,1,1,1,job,Pakistani,"Lahore,Pakistan",03176834979,03176834979,,,,No,,,Not-Found,General Fitness,1,,,,
1590,AGL-001589,10-Jun-26,Individual,1,Not Paid,10/8/2026,YASIR ALI,yasiraliagl-001589@gmail.com,Muhammad YASIR ALI,32819-1522299-6,Not-Found,Single,A+,1/1/1990,1,1,1,job,Pakistani,"Lahore,Pakistan",03144986885,03144986885,,,,No,,,Not-Found,General Fitness,1,,,,
1591,AGL-001590,10-Jun-26,Individual,1,Not Paid,10/8/2026,WALEED,waleedagl-001590@gmail.com,Muhammad WALEED,94378-9420173-9,Not-Found,Single,A+,1/1/1990,1,1,1,job,Pakistani,"Lahore,Pakistan",03464356066,03464356066,,,,No,,,Not-Found,General Fitness,1,,,,
1592,AGL-001591,10-Jun-26,Individual,1,Not Paid,10/8/2026,ABDULLAH,abdullahagl-001591@gmail.com,Muhammad ABDULLAH,16933-4462115-1,Not-Found,Single,A+,1/1/1990,1,1,1,job,Pakistani,"Lahore,Pakistan",03424055520,03424055520,,,,No,,,Not-Found,General Fitness,1,,,,
1593,AGL-001592,10-Jun-26,Individual,1,Not Paid,10/8/2026,SAQLAIN,saqlainagl-001592@gmail.com,Muhammad SAQLAIN,25889-8109432-9,Not-Found,Single,A+,1/1/1990,1,1,1,job,Pakistani,"Lahore,Pakistan",03265891402,03265891402,,,,No,,,Not-Found,General Fitness,1,,,,
1594,AGL-001593,10-Jun-26,Individual,1,Not Paid,10/8/2026,DAWOOD,dawoodagl-001593@gmail.com,Muhammad DAWOOD,24989-2044986-4,Not-Found,Single,A+,1/1/1990,1,1,1,job,Pakistani,"Lahore,Pakistan",03074537756,03074537756,,,,No,,,Not-Found,General Fitness,1,,,,
1595,AGL-001594,10-Jun-26,Individual,1,Not Paid,10/8/2026,SAHAR,saharagl-001594@gmail.com,Muhammad SAHAR,47445-8294003-5,Not-Found,Single,A+,1/1/1990,1,1,1,job,Pakistani,"Lahore,Pakistan",03344376883,03344376883,,,,No,,,Not-Found,General Fitness,1,,,,
1596,AGL-001595,10-Jun-26,Individual,1,Not Paid,10/8/2026,MOAVIA,moaviaagl-001595@gmail.com,Muhammad MOAVIA,35717-1907806-7,Not-Found,Single,A+,1/1/1990,1,1,1,job,Pakistani,"Lahore,Pakistan",03008840707,03008840707,,,,No,,,Not-Found,General Fitness,1,,,,
1597,AGL-001596,10-Jun-26,Individual,1,Not Paid,10/8/2026,IFRAH,ifrahagl-001596@gmail.com,Muhammad IFRAH,65331-6911140-7,Not-Found,Single,A+,1/1/1990,1,1,1,job,Pakistani,"Lahore,Pakistan",03057484380,03057484380,,,,No,,,Not-Found,General Fitness,1,,,,
1598,AGL-001597,10-Jun-26,Individual,1,Not Paid,10/8/2026,Taha Raza,taharazaagl-001597@gmail.com,Muhammad Taha Raza,98398-2133524-5,Not-Found,Single,A+,1/1/1990,1,1,1,job,Pakistani,"Lahore,Pakistan",03254319692,03254319692,,,,No,,,Not-Found,General Fitness,1,,,,
1599,AGL-001598,10-Jun-26,Individual,1,Not Paid,10/8/2026,Musa Tahir,musatahiragl-001598@gmail.com,Muhammad Musa Tahir,49900-4972830-0,Not-Found,Single,A+,1/1/1990,1,1,1,job,Pakistani,"Lahore,Pakistan",03329999470,03329999470,,,,No,,,Not-Found,General Fitness,1,,,,
1600,AGL-001599,11-Jun-26,Individual,1,Not Paid,11/8/2026,baqir ali,baqiraliagl-001599@gmail.com,Muhammad baqir ali,94968-6313260-8,Not-Found,Single,A+,1/1/1990,1,1,1,job,Pakistani,"Lahore,Pakistan",03140061245,03140061245,,,,No,,,Not-Found,General Fitness,1,,,,
1601,AGL-001600,11-Jun-26,Individual,1,Not Paid,11/8/2026,Syed ALI,syedaliagl-001600@gmail.com,Muhammad Syed ALI,46167-4235409-1,Not-Found,Single,A+,1/1/1990,1,1,1,job,Pakistani,"Lahore,Pakistan",03254011449,03254011449,,,,No,,,Not-Found,General Fitness,1,,,,
1602,AGL-001601,12-Jun-26,Individual,1,Not Paid,12/8/2026,ali wasiq,aliwasiqagl-001601@gmail.com,Muhammad ali wasiq,20623-8588374-3,Not-Found,Single,A+,1/1/1990,1,1,1,job,Pakistani,"Lahore,Pakistan",03220454945,03220454945,,,,No,,,Not-Found,General Fitness,1,,,,
1603,AGL-001602,12-Jun-26,Individual,1,Not Paid,12/8/2026,taimoor,taimooragl-001602@gmail.com,Muhammad taimoor,55665-5022861-7,Not-Found,Single,A+,1/1/1990,1,1,1,job,Pakistani,"Lahore,Pakistan",03174818731,03174818731,,,,No,,,Not-Found,General Fitness,1,,,,
1604,AGL-001603,12-Jun-26,Individual,1,Not Paid,12/8/2026,rehman ashraf,rehmanashrafagl-001603@gmail.com,Muhammad rehman ashraf,73765-0557426-9,Not-Found,Single,A+,1/1/1990,1,1,1,job,Pakistani,"Lahore,Pakistan",03024045914,03024045914,,,,No,,,Not-Found,General Fitness,1,,,,
1605,AGL-001604,12-Jun-26,Individual,1,Not Paid,12/8/2026,noel,noelagl-001604@gmail.com,Muhammad noel,71551-1045659-1,Not-Found,Single,A+,1/1/1990,1,1,1,job,Pakistani,"Lahore,Pakistan",03234125769,03234125769,,,,No,,,Not-Found,General Fitness,1,,,,
1606,AGL-001605,13-Jun-26,Individual,1,Not Paid,13/08/2026,Shahbaz,shahbazagl-001605@gmail.com,Muhammad Shahbaz,02509-1656458-4,Not-Found,Single,A+,1/1/1990,1,1,1,job,Pakistani,"Lahore,Pakistan",03074229798,03074229798,,,,No,,,Not-Found,General Fitness,1,,,,
1607,AGL-001606,15-Jun-26,Individual,1,Not Paid,15/08/2026,rizwan,rizwanagl-001606@gmail.com,Muhammad rizwan,79015-0443841-4,Not-Found,Single,A+,1/1/1990,1,1,1,job,Pakistani,"Lahore,Pakistan",03214312343,03214312343,,,,No,,,Not-Found,General Fitness,1,,,,
1608,AGL-001607,15-Jun-26,Individual,1,Not Paid,15/08/2026,adil,adilagl-001607@gmail.com,Muhammad adil,26157-5413180-9,Not-Found,Single,A+,1/1/1990,1,1,1,job,Pakistani,"Lahore,Pakistan",03008403396,03008403396,,,,No,,,Not-Found,General Fitness,1,,,,
1609,AGL-001608,15-Jun-26,Individual,1,Not Paid,15/08/2026,saima,saimaagl-001608@gmail.com,Muhammad saima,48045-9782579-4,Not-Found,Single,A+,1/1/1990,1,1,1,job,Pakistani,"Lahore,Pakistan",03008403396,03008403396,,,,No,,,Not-Found,General Fitness,1,,,,
1610,AGL-001609,15-Jun-26,Individual,1,Not Paid,15/08/2026,muhammad bashir,muhammadbashiragl-001609@gmail.com,Muhammad muhammad bashir,15426-8854772-8,Not-Found,Single,A+,1/1/1990,1,1,1,job,Pakistani,"Lahore,Pakistan",03326451606,03326451606,,,,No,,,Not-Found,General Fitness,1,,,,
1611,AGL-001610,16-Jun-26,Individual,1,Not Paid,16/08/2026,ahmed shah,ahmedshahagl-001610@gmail.com,Muhammad ahmed shah,80894-3585742-7,Not-Found,Single,A+,1/1/1990,1,1,1,job,Pakistani,"Lahore,Pakistan",03049977888,03049977888,,,,No,,,Not-Found,General Fitness,1,,,,
1612,AGL-001611,16-Jun-26,Individual,1,Not Paid,16/08/2026,abdullah,abdullahagl-001611@gmail.com,Muhammad abdullah,63256-7596045-9,Not-Found,Single,A+,1/1/1990,1,1,1,job,Pakistani,"Lahore,Pakistan",03096355818,03096355818,,,,No,,,Not-Found,General Fitness,1,,,,
1613,AGL-001612,16-Jun-26,Individual,1,Not Paid,16/08/2026,sharjeel,sharjeelagl-001612@gmail.com,Muhammad sharjeel,13670-4461349-0,Not-Found,Single,A+,1/1/1990,1,1,1,job,Pakistani,"Lahore,Pakistan",03057175593,03057175593,,,,No,,,Not-Found,General Fitness,1,,,,
1614,AGL-001613,16-Jun-26,Individual,1,Not Paid,16/08/2026,Faraz,farazagl-001613@gmail.com,Muhammad Faraz,80634-9624041-2,Not-Found,Single,A+,1/1/1990,1,1,1,job,Pakistani,"Lahore,Pakistan",03484713911,03484713911,,,,No,,,Not-Found,General Fitness,1,,,,
1615,AGL-001614,16-Jun-26,Individual,1,Not Paid,16/08/2026,Mani sab,manisabagl-001614@gmail.com,Muhammad Mani sab,40840-4517585-8,Not-Found,Single,A+,1/1/1990,1,1,1,job,Pakistani,"Lahore,Pakistan",03074547865,03074547865,,,,No,,,Not-Found,General Fitness,1,,,,
1616,AGL-001615,16-Jun-26,Individual,1,Not Paid,16/08/2026,umer,umeragl-001615@gmail.com,Muhammad umer,96083-6892531-5,Not-Found,Single,A+,1/1/1990,1,1,1,job,Pakistani,"Lahore,Pakistan",03157163919,03157163919,,,,No,,,Not-Found,General Fitness,1,,,,
1617,AGL-001616,16-Jun-26,Individual,1,Not Paid,16/08/2026,ahmaad,ahmaadagl-001616@gmail.com,Muhammad ahmaad,21391-3255507-1,Not-Found,Single,A+,1/1/1990,1,1,1,job,Pakistani,"Lahore,Pakistan",03238485012,03238485012,,,,No,,,Not-Found,General Fitness,1,,,,
1618,AGL-001617,16-Jun-26,Individual,1,Not Paid,16/08/2026,Abdul wahab,abdulwahabagl-001617@gmail.com,Muhammad Abdul wahab,19061-0372105-3,Not-Found,Single,A+,1/1/1990,1,1,1,job,Pakistani,"Lahore,Pakistan",03469125227,03469125227,,,,No,,,Not-Found,General Fitness,1,,,,
1619,AGL-001618,16-Jun-26,Individual,1,Not Paid,16/08/2026,Hamza,hamzaagl-001618@gmail.com,Muhammad Hamza,35462-4630238-3,Not-Found,Single,A+,1/1/1990,1,1,1,job,Pakistani,"Lahore,Pakistan",03116834979,03116834979,,,,No,,,Not-Found,General Fitness,1,,,,
1620,AGL-001619,16-Jun-26,Individual,1,Not Paid,16/08/2026,Abdullah,abdullahagl-001619@gmail.com,Muhammad Abdullah,67330-2314653-4,Not-Found,Single,A+,1/1/1990,1,1,1,job,Pakistani,"Lahore,Pakistan",03424055520,03424055520,,,,No,,,Not-Found,General Fitness,1,,,,
1621,AGL-001620,16-Jun-26,Individual,1,Not Paid,16/08/2026,Saqlain,saqlainagl-001620@gmail.com,Muhammad Saqlain,45320-0969647-4,Not-Found,Single,A+,1/1/1990,1,1,1,job,Pakistani,"Lahore,Pakistan",03265891402,03265891402,,,,No,,,Not-Found,General Fitness,1,,,,
1622,AGL-001621,16-Jun-26,Individual,1,Not Paid,16/08/2026,M.Yasir,m.yasiragl-001621@gmail.com,Muhammad M.Yasir,40778-1317586-6,Not-Found,Single,A+,1/1/1990,1,1,1,job,Pakistani,"Lahore,Pakistan",03144986885,03144986885,,,,No,,,Not-Found,General Fitness,1,,,,
1623,AGL-001622,16-Jun-26,Individual,1,Not Paid,16/08/2026,raahim,raahimagl-001622@gmail.com,Muhammad raahim,01556-8809248-7,Not-Found,Single,A+,1/1/1990,1,1,1,job,Pakistani,"Lahore,Pakistan",03334209169,03334209169,,,,No,,,Not-Found,General Fitness,1,,,,
1624,AGL-001623,16-Jun-26,Individual,1,Not Paid,16/08/2026,faizan,faizanagl-001623@gmail.com,Muhammad faizan,96041-8419225-0,Not-Found,Single,A+,1/1/1990,1,1,1,job,Pakistani,"Lahore,Pakistan",03244345537,03244345537,,,,No,,,Not-Found,General Fitness,1,,,,
1625,AGL-001624,16-Jun-26,Individual,1,Not Paid,16/08/2026,mussa,mussaagl-001624@gmail.com,Muhammad mussa,25139-8747261-0,Not-Found,Single,A+,1/1/1990,1,1,1,job,Pakistani,"Lahore,Pakistan",03082268388,03082268388,,,,No,,,Not-Found,General Fitness,1,,,,
1626,AGL-001625,16-Jun-26,Individual,1,Not Paid,16/08/2026,saqib ali,saqibaliagl-001625@gmail.com,Muhammad saqib ali,48189-6409210-4,Not-Found,Single,A+,1/1/1990,1,1,1,job,Pakistani,"Lahore,Pakistan",03406218976,03406218976,,,,No,,,Not-Found,General Fitness,1,,,,
1627,AGL-001626,17-Jun-26,Individual,1,Not Paid,17/08/2026,Sherazar aziz,sherazarazizagl-001626@gmail.com,Muhammad Sherazar aziz,84065-2946753-7,Not-Found,Single,A+,1/1/1990,1,1,1,job,Pakistani,"Lahore,Pakistan",03426279737,03426279737,,,,No,,,Not-Found,General Fitness,1,,,,
1628,AGL-001627,17-Jun-26,Individual,1,Not Paid,17/08/2026,Dawood aziz,dawoodazizagl-001627@gmail.com,Muhammad Dawood aziz,87498-4061362-9,Not-Found,Single,A+,1/1/1990,1,1,1,job,Pakistani,"Lahore,Pakistan",03338608704,03338608704,,,,No,,,Not-Found,General Fitness,1,,,,
1629,AGL-001628,18-Jun-26,Individual,1,Not Paid,18/08/2026,Abdul wahab,abdulwahabagl-001628@gmail.com,Muhammad Abdul wahab,35884-4855977-2,Not-Found,Single,A+,1/1/1990,1,1,1,job,Pakistani,"Lahore,Pakistan",03134282660,03134282660,,,,No,,,Not-Found,General Fitness,1,,,,
1630,AGL-001629,18-Jun-26,Individual,1,Not Paid,18/08/2026,abdullah butt fc,abdullahbuttfcagl-001629@gmail.com,Muhammad abdullah butt fc,21237-3830257-1,Not-Found,Single,A+,1/1/1990,1,1,1,job,Pakistani,"Lahore,Pakistan",03236129090,03236129090,,,,No,,,Not-Found,General Fitness,1,,,,
1631,AGL-001630,18-Jun-26,Individual,1,Not Paid,18/08/2026,sohaib,sohaibagl-001630@gmail.com,Muhammad sohaib,54995-4764507-4,Not-Found,Single,A+,1/1/1990,1,1,1,job,Pakistani,"Lahore,Pakistan",03349999723,03349999723,,,,No,,,Not-Found,General Fitness,1,,,,
1632,AGL-001631,18-Jun-26,Individual,1,Not Paid,18/08/2026,izzat ullah,izzatullahagl-001631@gmail.com,Muhammad izzat ullah,83168-3412857-9,Not-Found,Single,A+,1/1/1990,1,1,1,job,Pakistani,"Lahore,Pakistan",03196027639,03196027639,,,,No,,,Not-Found,General Fitness,1,,,,
1633,AGL-001632,18-Jun-26,Individual,1,Not Paid,18/08/2026,hillal ahmed,hillalahmedagl-001632@gmail.com,Muhammad hillal ahmed,26754-7104865-1,Not-Found,Single,A+,1/1/1990,1,1,1,job,Pakistani,"Lahore,Pakistan",03219836887,03219836887,,,,No,,,Not-Found,General Fitness,1,,,,
1634,AGL-001633,19-Jun-26,Individual,1,Not Paid,19/08/2026,Hamaz yaseen,hamazyaseenagl-001633@gmail.com,Muhammad Hamaz yaseen,01863-6615080-3,Not-Found,Single,A+,1/1/1990,1,1,1,job,Pakistani,"Lahore,Pakistan",03044981809,03044981809,,,,No,,,Not-Found,General Fitness,1,,,,
1635,AGL-001634,19-Jun-26,Individual,1,Not Paid,19/08/2026,M.ameer,m.ameeragl-001634@gmail.com,Muhammad M.ameer,56712-9067980-9,Not-Found,Single,A+,1/1/1990,1,1,1,job,Pakistani,"Lahore,Pakistan",03104027400,03104027400,,,,No,,,Not-Found,General Fitness,1,,,,
1636,AGL-001635,19-Jun-26,Individual,1,Not Paid,19/08/2026,Ali Hamaz,alihamazagl-001635@gmail.com,Muhammad Ali Hamaz,09973-4327865-8,Not-Found,Single,A+,1/1/1990,1,1,1,job,Pakistani,"Lahore,Pakistan",03017124514,03017124514,,,,No,,,Not-Found,General Fitness,1,,,,
1637,AGL-001636,19-Jun-26,Individual,1,Not Paid,19/08/2026,abdul wahab,abdulwahabagl-001636@gmail.com,Muhammad abdul wahab,30815-0289830-2,Not-Found,Single,A+,1/1/1990,1,1,1,job,Pakistani,"Lahore,Pakistan",03134282660,03134282660,,,,No,,,Not-Found,General Fitness,1,,,,
1638,AGL-001637,4-Jul-26,Individual,1,Not Paid,4/8/2026,abdul wahab,abdulwahabagl-001637@gmail.com,Muhammad abdul wahab,70296-7558842-2,Not-Found,Single,A+,1/1/1990,1,1,1,job,Pakistani,"Lahore,Pakistan",03134282660,03134282660,,,,No,,,Not-Found,General Fitness,1,,,,
1639,AGL-001638,20-Jun-26,Individual,1,Not Paid,20/08/2026,Zeeshan,zeeshanagl-001638@gmail.com,Muhammad Zeeshan,09186-6683993-4,Not-Found,Single,A+,1/1/1990,1,1,1,job,Pakistani,"Lahore,Pakistan",03074703713,03074703713,,,,No,,,Not-Found,General Fitness,1,,,,
1640,AGL-001639,22-Jun-26,Individual,1,Not Paid,22/08/2026,Dr nayab,drnayabagl-001639@gmail.com,Muhammad Dr nayab,50211-1009668-7,Not-Found,Single,A+,1/1/1990,1,1,1,job,Pakistani,"Lahore,Pakistan",03224843602,03224843602,,,,No,,,Not-Found,General Fitness,1,,,,
1641,AGL-001640,22-Jun-26,Individual,1,Not Paid,22/08/2026,rafia,rafiaagl-001640@gmail.com,Muhammad rafia,55746-3019985-2,Not-Found,Single,A+,1/1/1990,1,1,1,job,Pakistani,"Lahore,Pakistan",03206873030,03206873030,,,,No,,,Not-Found,General Fitness,1,,,,
1642,AGL-001641,22-Jun-26,Individual,1,Not Paid,22/08/2026,muhammad usama,muhammadusamaagl-001641@gmail.com,Muhammad muhammad usama,48849-8902477-8,Not-Found,Single,A+,1/1/1990,1,1,1,job,Pakistani,"Lahore,Pakistan",03187996030,03187996030,,,,No,,,Not-Found,General Fitness,1,,,,
1643,AGL-001642,22-Jun-26,Individual,1,Not Paid,22/08/2026,mustafa,mustafaagl-001642@gmail.com,Muhammad mustafa,07889-5187728-2,Not-Found,Single,A+,1/1/1990,1,1,1,job,Pakistani,"Lahore,Pakistan",03065874163,03065874163,,,,No,,,Not-Found,General Fitness,1,,,,
1644,AGL-001643,24-Jun-26,Individual,1,Not Paid,24/08/2026,muhammad ali,muhammadaliagl-001643@gmail.com,Muhammad muhammad ali,25869-2754969-8,Not-Found,Single,A+,1/1/1990,1,1,1,job,Pakistani,"Lahore,Pakistan",03255005950,03255005950,,,,No,,,Not-Found,General Fitness,1,,,,
1645,AGL-001644,29-Jun-26,Individual,1,Not Paid,29/08/2026,faizan,faizanagl-001644@gmail.com,Muhammad faizan,82185-1340617-5,Not-Found,Single,A+,1/1/1990,1,1,1,job,Pakistani,"Lahore,Pakistan",03091949747,03091949747,,,,No,,,Not-Found,General Fitness,1,,,,
1646,AGL-001645,30-Jun-26,Individual,1,Not Paid,30/08/2026,junaid zafar,junaidzafaragl-001645@gmail.com,Muhammad junaid zafar,08307-6642344-6,Not-Found,Single,A+,1/1/1990,1,1,1,job,Pakistani,"Lahore,Pakistan",03431115979,03431115979,,,,No,,,Not-Found,General Fitness,1,,,,
1647,AGL-001646,30-Jun-26,Individual,1,Not Paid,30/08/2026,WAQAS,waqasagl-001646@gmail.com,Muhammad WAQAS,34414-6924079-8,Not-Found,Single,A+,1/1/1990,1,1,1,job,Pakistani,"Lahore,Pakistan",03094177778,03094177778,,,,No,,,Not-Found,General Fitness,1,,,,
1648,AGL-001647,1-Jul-26,Individual,1,Not Paid,1/8/2026,M. akhlaq,m.akhlaqagl-001647@gmail.com,Muhammad M. akhlaq,23752-4881877-8,Not-Found,Single,A+,1/1/1990,1,1,1,job,Pakistani,"Lahore,Pakistan",03420259019,03420259019,,,,No,,,Not-Found,General Fitness,1,,,,
1649,AGL-001648,1-Jul-26,Individual,1,Not Paid,1/8/2026,Abdul Mueed,abdulmueedagl-001648@gmail.com,Muhammad Abdul Mueed,56517-1418895-0,Not-Found,Single,A+,1/1/1990,1,1,1,job,Pakistani,"Lahore,Pakistan",03222585434,03222585434,,,,No,,,Not-Found,General Fitness,1,,,,
1650,AGL-001649,1-Jul-26,Individual,1,Not Paid,1/8/2026,Abdul Mueed,abdulmueedagl-001649@gmail.com,Muhammad Abdul Mueed,67127-4045466-5,Not-Found,Single,A+,1/1/1990,1,1,1,job,Pakistani,"Lahore,Pakistan",03222585434,03222585434,,,,No,,,Not-Found,General Fitness,1,,,,
1651,AGL-001650,2-Jul-26,Individual,1,Not Paid,2/8/2026,azmat,azmatagl-001650@gmail.com,Muhammad azmat,53860-3044183-5,Not-Found,Single,A+,1/1/1990,1,1,1,job,Pakistani,"Lahore,Pakistan",03054663270,03054663270,,,,No,,,Not-Found,General Fitness,1,,,,
1652,AGL-001651,2-Jul-26,Individual,1,Not Paid,2/8/2026,haris,harisagl-001651@gmail.com,Muhammad haris,91797-9515342-2,Not-Found,Single,A+,1/1/1990,1,1,1,job,Pakistani,"Lahore,Pakistan",03354456862,03354456862,,,,No,,,Not-Found,General Fitness,1,,,,
1653,AGL-001652,2-Jul-26,Individual,1,Not Paid,2/8/2026,Ali hassan,alihassanagl-001652@gmail.com,Muhammad Ali hassan,36830-0990800-9,Not-Found,Single,A+,1/1/1990,1,1,1,job,Pakistani,"Lahore,Pakistan",03174458447,03174458447,,,,No,,,Not-Found,General Fitness,1,,,,
1654,AGL-001653,3-Jul-26,Individual,1,Not Paid,3/8/2026,Muhammad zain,muhammadzainagl-001653@gmail.com,Muhammad Muhammad zain,87796-0408914-0,Not-Found,Single,A+,1/1/1990,1,1,1,job,Pakistani,"Lahore,Pakistan",03298223962,03298223962,,,,No,,,Not-Found,General Fitness,1,,,,
1655,AGL-001654,3-Jul-26,Individual,1,Not Paid,3/8/2026,Aas mughal,aasmughalagl-001654@gmail.com,Muhammad Aas mughal,36713-3541508-9,Not-Found,Single,A+,1/1/1990,1,1,1,job,Pakistani,"Lahore,Pakistan",03089723900,03089723900,,,,No,,,Not-Found,General Fitness,1,,,,
1656,AGL-001655,4-Jul-26,Individual,1,Not Paid,4/8/2026,joshua,joshuaagl-001655@gmail.com,Muhammad joshua,57950-5241716-5,Not-Found,Single,A+,1/1/1990,1,1,1,job,Pakistani,"Lahore,Pakistan",03088939704,03088939704,,,,No,,,Not-Found,General Fitness,1,,,,
1657,AGL-001656,4-Jul-26,Individual,1,Not Paid,4/8/2026,jhon,jhonagl-001656@gmail.com,Muhammad jhon,62638-0583261-6,Not-Found,Single,A+,1/1/1990,1,1,1,job,Pakistani,"Lahore,Pakistan",03088939704,03088939704,,,,No,,,Not-Found,General Fitness,1,,,,
1658,AGL-001657,4-Jul-26,Individual,1,Not Paid,4/8/2026,abdul wahab,abdulwahabagl-001657@gmail.com,Muhammad abdul wahab,63270-2336301-4,Not-Found,Single,A+,1/1/1990,1,1,1,job,Pakistani,"Lahore,Pakistan",03067778699,03067778699,,,,No,,,Not-Found,General Fitness,1,,,,
1659,AGL-001658,4-Jul-26,Individual,1,Not Paid,4/8/2026,umar gull,umargullagl-001658@gmail.com,Muhammad umar gull,26586-2896236-0,Not-Found,Single,A+,1/1/1990,1,1,1,job,Pakistani,"Lahore,Pakistan",03047771117,03047771117,,,,No,,,Not-Found,General Fitness,1,,,,
1660,AGL-001659,6-Jul-26,Individual,1,Not Paid,6/8/2026,umar butt,umarbuttagl-001659@gmail.com,Muhammad umar butt,22285-5103239-9,Not-Found,Single,A+,1/1/1990,1,1,1,job,Pakistani,"Lahore,Pakistan",03218449020,03218449020,,,,No,,,Not-Found,General Fitness,1,,,,
1661,AGL-001660,6-Jul-26,Individual,1,Not Paid,6/8/2026,sayed sahzaib,sayedsahzaibagl-001660@gmail.com,Muhammad sayed sahzaib,44030-9085778-2,Not-Found,Single,A+,1/1/1990,1,1,1,job,Pakistani,"Lahore,Pakistan",03226782000,03226782000,,,,No,,,Not-Found,General Fitness,1,,,,
1662,AGL-001661,7-Jul-26,Individual,1,Not Paid,7/8/2026,Sami,samiagl-001661@gmail.com,Muhammad Sami,28848-6226155-2,Not-Found,Single,A+,1/1/1990,1,1,1,job,Pakistani,"Lahore,Pakistan",03073292551,03073292551,,,,No,,,Not-Found,General Fitness,1,,,,
1663,AGL-001662,7-Jul-26,Individual,1,Not Paid,7/8/2026,Majeed,majeedagl-001662@gmail.com,Muhammad Majeed,40356-7140354-1,Not-Found,Single,A+,1/1/1990,1,1,1,job,Pakistani,"Lahore,Pakistan",03428624931,03428624931,,,,No,,,Not-Found,General Fitness,1,,,,
1664,AGL-001663,7-Jul-26,Individual,1,Not Paid,7/8/2026,muhammad amjad,muhammadamjadagl-001663@gmail.com,Muhammad muhammad amjad,98844-0646427-1,Not-Found,Single,A+,1/1/1990,1,1,1,job,Pakistani,"Lahore,Pakistan",03261899786,03261899786,,,,No,,,Not-Found,General Fitness,1,,,,
1665,AGL-001664,7-Jul-26,Individual,1,Not Paid,7/8/2026,munsaf ali,munsafaliagl-001664@gmail.com,Muhammad munsaf ali,57162-2245854-4,Not-Found,Single,A+,1/1/1990,1,1,1,job,Pakistani,"Lahore,Pakistan",03467418575,03467418575,,,,No,,,Not-Found,General Fitness,1,,,,
